student_id,actual_placement,preferred_program,has_valid_preference,g6_final_average,g6_math,g6_science,g6_english,ste_g6_eligible,ste_ineligible_reason,pred_avg_STE,suitable_STE,margin_STE,pred_avg_SPFL,suitable_SPFL,margin_SPFL,pred_avg_SPTVE,suitable_SPTVE,margin_SPTVE,pred_avg_TOP-5,suitable_TOP-5,margin_TOP-5,pred_avg_HETERO,suitable_HETERO,margin_HETERO,top1_recommendation
student_001,3,3.0,1.0,88.0,88.0,86.0,88.0,1,Eligible,89.494,1,4.494,88.488,1,3.488,85.155,1,0.155,84.458,0,-0.542,76.087,1,1.087,1
student_002,3,3.0,1.0,86.0,82.0,86.0,84.0,0,MATH (82<83),88.539,0,3.539,85.656,1,0.656,85.156,1,0.156,83.815,0,-1.185,77.233,1,2.233,2
student_003,3,3.0,1.0,85.0,82.0,83.0,83.0,0,MATH (82<83),88.773,0,3.773,85.816,1,0.816,85.153,1,0.153,85.188,1,0.188,77.937,1,2.937,2
student_004,3,3.0,1.0,86.0,85.0,86.0,87.0,1,Eligible,88.969,1,3.969,84.165,0,-0.835,85.153,1,0.153,84.039,0,-0.961,78.22,1,3.22,1
student_005,3,3.0,1.0,94.0,92.0,93.0,92.0,1,Eligible,89.991,1,4.991,90.733,1,5.733,88.303,1,3.303,84.257,0,-0.743,78.649,1,3.649,2
student_006,3,5.0,1.0,89.0,91.0,86.0,93.0,1,Eligible,89.158,1,4.158,87.322,1,2.322,85.157,1,0.157,84.049,0,-0.951,78.664,1,3.664,1
student_007,3,5.0,1.0,86.0,84.0,84.0,86.0,1,Eligible,87.647,1,2.647,85.684,1,0.684,85.153,1,0.153,83.316,0,-1.684,79.069,1,4.069,1
student_008,3,3.0,1.0,87.0,88.0,86.0,87.0,1,Eligible,88.832,1,3.832,85.661,1,0.661,85.154,1,0.154,85.089,1,0.089,77.86,1,2.86,1
student_009,3,3.0,1.0,84.0,85.0,85.0,87.0,1,Eligible,87.946,1,2.946,83.046,0,-1.954,84.11,0,-0.89,83.537,0,-1.463,77.969,1,2.969,1
student_010,3,3.0,1.0,88.0,87.0,94.0,89.0,1,Eligible,89.086,1,4.086,85.658,1,0.658,85.156,1,0.156,84.095,0,-0.905,77.5,1,2.5,1
student_011,3,3.0,1.0,89.0,85.0,87.0,90.0,1,Eligible,90.08,1,5.08,87.698,1,2.698,85.155,1,0.155,83.887,0,-1.113,77.673,1,2.673,1
student_012,3,3.0,1.0,86.0,87.0,84.0,84.0,1,Eligible,88.385,1,3.385,86.34,1,1.34,85.152,1,0.152,83.697,0,-1.303,77.756,1,2.756,1
student_013,3,3.0,1.0,88.0,86.0,87.0,86.0,1,Eligible,89.838,1,4.838,86.02,1,1.02,85.33,1,0.33,84.308,0,-0.692,78.228,1,3.228,1
student_014,3,6.0,0.0,89.0,88.0,89.0,89.0,1,Eligible,89.865,1,4.865,87.002,1,2.002,85.155,1,0.155,83.904,0,-1.096,77.977,1,2.977,1
student_015,3,3.0,1.0,88.0,82.0,85.0,93.0,0,MATH (82<83),90.744,0,5.744,87.386,1,2.386,85.156,1,0.156,84.279,0,-0.721,77.887,1,2.887,2
student_016,3,3.0,1.0,86.0,85.0,86.0,86.0,1,Eligible,89.205,1,4.205,85.157,1,0.157,85.148,1,0.148,84.094,0,-0.906,77.8,1,2.8,1
student_017,3,5.0,1.0,88.0,86.0,87.0,86.0,1,Eligible,90.217,1,5.217,87.1,1,2.1,85.158,1,0.158,84.295,0,-0.705,79.532,1,4.532,1
student_018,3,3.0,1.0,89.0,87.0,90.0,88.0,1,Eligible,89.467,1,4.467,89.171,1,4.171,85.154,1,0.154,84.077,0,-0.923,78.123,1,3.123,1
student_019,3,5.0,1.0,89.0,89.0,87.0,88.0,1,Eligible,90.155,1,5.155,86.942,1,1.942,85.156,1,0.156,84.498,0,-0.502,77.845,1,2.845,1
student_020,3,3.0,1.0,88.0,87.0,86.0,87.0,1,Eligible,89.608,1,4.608,87.158,1,2.158,85.154,1,0.154,84.153,0,-0.847,78.349,1,3.349,1
student_021,5,6.0,0.0,83.0,82.0,79.0,79.0,0,"MATH (82<83), SCIENCE (79<83), ENGLISH (79<83)",87.464,0,2.464,84.561,0,-0.439,84.178,0,-0.822,81.595,0,-3.405,77.947,1,2.947,5
student_022,5,6.0,0.0,79.0,79.0,77.0,81.0,0,"MATH (79<83), SCIENCE (77<83), ENGLISH (81<83)",88.512,0,3.512,82.389,0,-2.611,84.524,0,-0.476,82.251,0,-2.749,77.966,1,2.966,5
student_023,5,6.0,0.0,82.0,78.0,79.0,82.0,0,"MATH (78<83), SCIENCE (79<83), ENGLISH (82<83)",89.094,0,4.094,83.326,0,-1.674,84.928,0,-0.072,84.358,0,-0.642,77.973,1,2.973,5
student_024,5,1.0,1.0,84.0,82.0,84.0,83.0,0,MATH (82<83),88.373,0,3.373,85.503,1,0.503,85.009,1,0.009,84.683,0,-0.317,78.048,1,3.048,2
student_025,5,6.0,0.0,81.0,81.0,80.0,81.0,0,"MATH (81<83), SCIENCE (80<83), ENGLISH (81<83)",88.107,0,3.107,83.989,0,-1.011,83.873,0,-1.127,83.741,0,-1.259,77.892,1,2.892,5
student_026,5,6.0,0.0,83.0,82.0,81.0,82.0,0,"MATH (82<83), SCIENCE (81<83), ENGLISH (82<83)",88.823,0,3.823,84.76,0,-0.24,84.687,0,-0.313,84.872,0,-0.128,78.044,1,3.044,5
student_027,5,6.0,0.0,85.0,83.0,85.0,85.0,1,Eligible,88.991,1,3.991,84.619,0,-0.381,84.786,0,-0.214,84.242,0,-0.758,77.981,1,2.981,1
student_028,5,6.0,0.0,77.0,76.0,77.0,75.0,0,"MATH (76<83), SCIENCE (77<83), ENGLISH (75<83)",88.817,0,3.817,83.348,0,-1.652,84.437,0,-0.563,81.849,0,-3.151,77.817,1,2.817,5
student_029,5,5.0,1.0,82.0,79.0,84.0,79.0,0,"MATH (79<83), ENGLISH (79<83)",88.148,0,3.148,84.77,0,-0.23,84.433,0,-0.567,80.813,0,-4.187,77.926,1,2.926,5
student_030,5,3.0,1.0,81.0,81.0,81.0,81.0,0,"MATH (81<83), SCIENCE (81<83), ENGLISH (81<83)",88.488,0,3.488,82.811,0,-2.189,84.133,0,-0.867,83.23,0,-1.77,77.553,1,2.553,5
student_031,5,6.0,0.0,84.0,81.0,78.0,82.0,0,"MATH (81<83), SCIENCE (78<83), ENGLISH (82<83)",88.627,0,3.627,85.092,1,0.092,84.594,0,-0.406,83.99,0,-1.01,78.032,1,3.032,2
student_032,5,6.0,0.0,84.0,83.0,84.0,83.0,1,Eligible,87.389,1,2.389,84.381,0,-0.619,84.927,0,-0.073,82.958,0,-2.042,77.89,1,2.89,1
student_033,5,6.0,0.0,83.0,83.0,81.0,81.0,0,"SCIENCE (81<83), ENGLISH (81<83)",88.624,0,3.624,83.02,0,-1.98,84.032,0,-0.968,83.185,0,-1.815,77.938,1,2.938,5
student_034,5,6.0,0.0,79.0,77.0,77.0,77.0,0,"MATH (77<83), SCIENCE (77<83), ENGLISH (77<83)",87.856,0,2.856,82.355,0,-2.645,84.094,0,-0.906,81.217,0,-3.783,78.006,1,3.006,5
student_035,5,6.0,0.0,82.0,81.0,82.0,81.0,0,"MATH (81<83), SCIENCE (82<83), ENGLISH (81<83)",88.56,0,3.56,82.348,0,-2.652,84.286,0,-0.714,83.076,0,-1.924,77.995,1,2.995,5
student_036,5,5.0,1.0,78.0,79.0,76.0,76.0,0,"MATH (79<83), SCIENCE (76<83), ENGLISH (76<83)",88.353,0,3.353,83.535,0,-1.465,85.199,1,0.199,81.934,0,-3.066,77.85,1,2.85,3
student_037,5,,0.0,77.0,76.0,76.0,77.0,0,"MATH (76<83), SCIENCE (76<83), ENGLISH (77<83)",88.365,0,3.365,83.108,0,-1.892,85.063,1,0.063,80.84,0,-4.16,77.949,1,2.949,3
student_038,5,2.0,1.0,84.0,80.0,84.0,84.0,0,MATH (80<83),88.473,0,3.473,83.691,0,-1.309,85.519,1,0.519,84.469,0,-0.531,78.477,1,3.477,3
student_039,5,6.0,0.0,78.0,79.0,76.0,76.0,0,"MATH (79<83), SCIENCE (76<83), ENGLISH (76<83)",88.318,0,3.318,83.573,0,-1.427,84.648,0,-0.352,82.429,0,-2.571,77.99,1,2.99,5
student_040,5,1.0,1.0,81.0,79.0,78.0,83.0,0,"MATH (79<83), SCIENCE (78<83)",88.021,0,3.021,84.054,0,-0.946,83.69,0,-1.31,83.714,0,-1.286,77.917,1,2.917,5
student_041,5,1.0,1.0,76.0,76.0,75.0,75.0,0,"MATH (76<83), SCIENCE (75<83), ENGLISH (75<83)",88.417,0,3.417,84.222,0,-0.778,83.699,0,-1.301,82.22,0,-2.78,78.021,1,3.021,5
student_042,5,6.0,0.0,84.0,86.0,83.0,81.0,0,ENGLISH (81<83),87.981,0,2.981,83.842,0,-1.158,83.639,0,-1.361,82.901,0,-2.099,77.986,1,2.986,5
student_043,5,3.0,1.0,81.0,79.0,80.0,79.0,0,"MATH (79<83), SCIENCE (80<83), ENGLISH (79<83)",88.504,0,3.504,84.825,0,-0.175,83.928,0,-1.072,83.125,0,-1.875,78.05,1,3.05,5
student_044,5,3.0,1.0,83.0,79.0,83.0,80.0,0,"MATH (79<83), ENGLISH (80<83)",88.656,0,3.656,83.688,0,-1.312,84.85,0,-0.15,82.093,0,-2.907,77.95,1,2.95,5
student_045,5,6.0,0.0,82.0,82.0,80.0,83.0,0,"MATH (82<83), SCIENCE (80<83)",87.887,0,2.887,84.058,0,-0.942,83.897,0,-1.103,83.018,0,-1.982,77.908,1,2.908,5
student_046,5,3.0,1.0,77.0,75.0,75.0,76.0,0,"MATH (75<83), SCIENCE (75<83), ENGLISH (76<83)",88.924,0,3.924,83.549,0,-1.451,84.282,0,-0.718,82.587,0,-2.413,78.684,1,3.684,5
student_047,5,6.0,0.0,78.0,77.0,76.0,78.0,0,"MATH (77<83), SCIENCE (76<83), ENGLISH (78<83)",87.675,0,2.675,83.89,0,-1.11,83.635,0,-1.365,82.097,0,-2.903,78.019,1,3.019,5
student_048,5,6.0,0.0,83.0,82.0,84.0,83.0,0,MATH (82<83),88.544,0,3.544,83.525,0,-1.475,84.142,0,-0.858,82.863,0,-2.137,77.943,1,2.943,5
student_049,5,3.0,1.0,81.0,80.0,85.0,81.0,0,"MATH (80<83), ENGLISH (81<83)",88.503,0,3.503,82.718,0,-2.282,85.031,1,0.031,83.745,0,-1.255,77.957,1,2.957,3
student_050,5,1.0,1.0,82.0,82.0,79.0,83.0,0,"MATH (82<83), SCIENCE (79<83)",88.348,0,3.348,83.191,0,-1.809,83.728,0,-1.272,84.361,0,-0.639,78.059,1,3.059,5
student_051,5,1.0,1.0,83.0,89.0,83.0,79.0,0,ENGLISH (79<83),88.177,0,3.177,82.836,0,-2.164,84.001,0,-0.999,82.214,0,-2.786,77.998,1,2.998,5
student_052,5,1.0,1.0,82.0,81.0,82.0,79.0,0,"MATH (81<83), SCIENCE (82<83), ENGLISH (79<83)",88.288,0,3.288,83.509,0,-1.491,83.634,0,-1.366,81.026,0,-3.974,77.856,1,2.856,5
student_053,5,5.0,1.0,82.0,82.0,82.0,83.0,0,"MATH (82<83), SCIENCE (82<83)",87.82,0,2.82,84.178,0,-0.822,84.363,0,-0.637,83.184,0,-1.816,77.985,1,2.985,5
student_054,5,3.0,1.0,85.0,85.0,85.0,86.0,1,Eligible,88.219,1,3.219,84.344,0,-0.656,83.984,0,-1.016,83.833,0,-1.167,78.629,1,3.629,1
student_055,5,3.0,1.0,84.0,80.0,82.0,80.0,0,"MATH (80<83), SCIENCE (82<83), ENGLISH (80<83)",88.478,0,3.478,86.135,1,1.135,84.518,0,-0.482,82.24,0,-2.76,80.868,1,5.868,2
student_056,5,3.0,1.0,82.0,80.0,81.0,82.0,0,"MATH (80<83), SCIENCE (81<83), ENGLISH (82<83)",88.221,0,3.221,83.682,0,-1.318,83.851,0,-1.149,84.044,0,-0.956,78.119,1,3.119,5
student_057,5,5.0,1.0,81.0,77.0,80.0,77.0,0,"MATH (77<83), SCIENCE (80<83), ENGLISH (77<83)",88.431,0,3.431,83.951,0,-1.049,84.371,0,-0.629,82.136,0,-2.864,77.924,1,2.924,5
student_058,5,5.0,1.0,80.0,80.0,79.0,82.0,0,"MATH (80<83), SCIENCE (79<83), ENGLISH (82<83)",88.533,0,3.533,84.18,0,-0.82,83.701,0,-1.299,83.623,0,-1.377,75.333,1,0.333,5
student_059,5,5.0,1.0,79.0,78.0,77.0,78.0,0,"MATH (78<83), SCIENCE (77<83), ENGLISH (78<83)",88.082,0,3.082,82.903,0,-2.097,84.085,0,-0.915,81.322,0,-3.678,84.066,1,9.066,5
student_060,5,5.0,1.0,78.0,77.0,78.0,76.0,0,"MATH (77<83), SCIENCE (78<83), ENGLISH (76<83)",88.042,0,3.042,83.772,0,-1.228,83.991,0,-1.009,81.463,0,-3.537,77.022,1,2.022,5
student_061,5,5.0,1.0,86.0,87.0,83.0,86.0,1,Eligible,89.039,1,4.039,84.818,0,-0.182,83.851,0,-1.149,83.512,0,-1.488,76.78,1,1.78,1
student_062,5,5.0,1.0,78.0,79.0,76.0,78.0,0,"MATH (79<83), SCIENCE (76<83), ENGLISH (78<83)",88.191,0,3.191,84.022,0,-0.978,83.323,0,-1.677,81.734,0,-3.266,75.574,1,0.574,5
student_063,5,3.0,1.0,84.0,84.0,81.0,86.0,0,SCIENCE (81<83),87.963,0,2.963,83.893,0,-1.107,84.344,0,-0.656,84.235,0,-0.765,77.837,1,2.837,5
student_064,5,5.0,1.0,81.0,78.0,81.0,84.0,0,"MATH (78<83), SCIENCE (81<83)",88.145,0,3.145,82.616,0,-2.384,84.478,0,-0.522,83.877,0,-1.123,80.741,1,5.741,5
student_065,5,5.0,1.0,82.0,79.0,80.0,83.0,0,"MATH (79<83), SCIENCE (80<83)",88.837,0,3.837,83.386,0,-1.614,84.392,0,-0.608,83.836,0,-1.164,79.709,1,4.709,5
student_066,5,5.0,1.0,78.0,76.0,76.0,76.0,0,"MATH (76<83), SCIENCE (76<83), ENGLISH (76<83)",88.82,0,3.82,83.304,0,-1.696,84.688,0,-0.312,81.602,0,-3.398,79.012,1,4.012,5
student_067,5,,0.0,82.0,79.0,79.0,81.0,0,"MATH (79<83), SCIENCE (79<83), ENGLISH (81<83)",88.912,0,3.912,84.151,0,-0.849,84.339,0,-0.661,83.08,0,-1.92,77.754,1,2.754,5
student_068,5,,0.0,84.0,81.0,82.0,84.0,0,"MATH (81<83), SCIENCE (82<83)",88.43,0,3.43,85.441,1,0.441,84.374,0,-0.626,82.486,0,-2.514,77.203,1,2.203,2
student_069,5,5.0,1.0,82.0,77.0,82.0,76.0,0,"MATH (77<83), SCIENCE (82<83), ENGLISH (76<83)",88.476,0,3.476,85.369,1,0.369,84.661,0,-0.339,80.864,0,-4.136,75.879,1,0.879,2
student_070,5,,0.0,84.0,84.0,81.0,82.0,0,"SCIENCE (81<83), ENGLISH (82<83)",88.948,0,3.948,83.926,0,-1.074,85.154,1,0.154,84.3,0,-0.7,80.58,1,5.58,3
student_071,5,5.0,1.0,81.0,78.0,86.0,82.0,0,"MATH (78<83), ENGLISH (82<83)",88.152,0,3.152,83.121,0,-1.879,84.116,0,-0.884,83.06,0,-1.94,71.519,0,-3.481,1
student_072,5,5.0,1.0,81.0,77.0,82.0,76.0,0,"MATH (77<83), SCIENCE (82<83), ENGLISH (76<83)",88.546,0,3.546,83.883,0,-1.117,85.311,1,0.311,81.471,0,-3.529,76.829,1,1.829,3
student_073,5,5.0,1.0,76.0,78.0,75.0,75.0,0,"MATH (78<83), SCIENCE (75<83), ENGLISH (75<83)",88.534,0,3.534,83.6,0,-1.4,84.835,0,-0.165,82.651,0,-2.349,75.587,1,0.587,5
student_074,5,5.0,1.0,84.0,83.0,84.0,84.0,1,Eligible,87.997,1,2.997,83.4,0,-1.6,84.341,0,-0.659,83.538,0,-1.462,78.098,1,3.098,1
student_075,5,,0.0,82.0,79.0,82.0,83.0,0,"MATH (79<83), SCIENCE (82<83)",89.13,0,4.13,83.365,0,-1.635,84.126,0,-0.874,83.324,0,-1.676,76.795,1,1.795,5
student_076,5,5.0,1.0,77.0,77.0,79.0,76.0,0,"MATH (77<83), SCIENCE (79<83), ENGLISH (76<83)",88.208,0,3.208,83.964,0,-1.036,84.102,0,-0.898,81.945,0,-3.055,72.187,0,-2.813,1
student_077,5,5.0,1.0,80.0,80.0,77.0,77.0,0,"MATH (80<83), SCIENCE (77<83), ENGLISH (77<83)",88.665,0,3.665,84.728,0,-0.272,84.231,0,-0.769,81.333,0,-3.667,78.46,1,3.46,5
student_078,5,5.0,1.0,82.0,84.0,79.0,82.0,0,"SCIENCE (79<83), ENGLISH (82<83)",88.691,0,3.691,82.573,0,-2.427,84.147,0,-0.853,82.866,0,-2.134,77.598,1,2.598,5
student_079,5,5.0,1.0,82.0,83.0,83.0,82.0,0,ENGLISH (82<83),88.54,0,3.54,83.928,0,-1.072,83.735,0,-1.265,84.274,0,-0.726,84.764,1,9.764,5
student_080,5,5.0,1.0,86.0,85.0,86.0,86.0,1,Eligible,90.33,1,5.33,85.65,1,0.65,84.394,0,-0.606,84.259,0,-0.741,77.862,1,2.862,1
student_081,5,5.0,1.0,80.0,79.0,76.0,78.0,0,"MATH (79<83), SCIENCE (76<83), ENGLISH (78<83)",88.052,0,3.052,83.486,0,-1.514,84.006,0,-0.994,80.994,0,-4.006,78.294,1,3.294,5
student_082,5,5.0,1.0,83.0,80.0,81.0,86.0,0,"MATH (80<83), SCIENCE (81<83)",88.013,0,3.013,84.292,0,-0.708,84.179,0,-0.821,83.652,0,-1.348,78.126,1,3.126,5
student_083,5,2.0,1.0,82.0,77.0,81.0,79.0,0,"MATH (77<83), SCIENCE (81<83), ENGLISH (79<83)",88.576,0,3.576,84.778,0,-0.222,84.256,0,-0.744,83.159,0,-1.841,78.234,1,3.234,5
student_084,5,4.0,1.0,80.0,78.0,82.0,82.0,0,"MATH (78<83), SCIENCE (82<83), ENGLISH (82<83)",88.186,0,3.186,82.955,0,-2.045,84.775,0,-0.225,83.024,0,-1.976,78.149,1,3.149,5
student_085,5,5.0,1.0,82.0,82.0,83.0,83.0,0,MATH (82<83),88.572,0,3.572,82.586,0,-2.414,84.53,0,-0.47,83.744,0,-1.256,80.173,1,5.173,5
student_086,5,5.0,1.0,79.0,76.0,76.0,77.0,0,"MATH (76<83), SCIENCE (76<83), ENGLISH (77<83)",88.624,0,3.624,83.878,0,-1.122,83.653,0,-1.347,81.7,0,-3.3,80.673,1,5.673,5
student_087,5,1.0,1.0,80.0,80.0,77.0,80.0,0,"MATH (80<83), SCIENCE (77<83), ENGLISH (80<83)",88.522,0,3.522,83.826,0,-1.174,84.127,0,-0.873,81.006,0,-3.994,76.326,1,1.326,5
student _088,5,2.0,1.0,81.0,81.0,81.0,81.0,0,"MATH (81<83), SCIENCE (81<83), ENGLISH (81<83)",88.612,0,3.612,83.75,0,-1.25,84.569,0,-0.431,84.319,0,-0.681,76.313,1,1.313,5
student_089,5,4.0,1.0,78.0,71.0,77.0,73.0,0,"MATH (71<83), SCIENCE (77<83), ENGLISH (73<83)",88.771,0,3.771,83.433,0,-1.567,84.326,0,-0.674,82.69,0,-2.31,76.285,1,1.285,5
student_090,5,4.0,1.0,83.0,90.0,82.0,81.0,0,"SCIENCE (82<83), ENGLISH (81<83)",88.02,0,3.02,82.535,0,-2.465,84.58,0,-0.42,82.863,0,-2.137,77.911,1,2.911,5
student_091,5,1.0,1.0,81.0,80.0,79.0,82.0,0,"MATH (80<83), SCIENCE (79<83), ENGLISH (82<83)",88.791,0,3.791,85.013,1,0.013,84.298,0,-0.702,83.971,0,-1.029,78.007,1,3.007,2
student_092,5,1.0,1.0,85.0,87.0,84.0,85.0,1,Eligible,88.065,1,3.065,86.02,1,1.02,84.812,0,-0.188,82.763,0,-2.237,77.907,1,2.907,1
student_093,5,3.0,1.0,84.0,89.0,82.0,81.0,0,"SCIENCE (82<83), ENGLISH (81<83)",87.325,0,2.325,83.523,0,-1.477,84.748,0,-0.252,82.93,0,-2.07,78.035,1,3.035,5
student_094,5,3.0,1.0,85.0,93.0,87.0,85.0,1,Eligible,88.462,1,3.462,84.123,0,-0.877,84.31,0,-0.69,84.467,0,-0.533,77.376,1,2.376,1
student_095,5,4.0,1.0,76.0,77.0,76.0,75.0,0,"MATH (77<83), SCIENCE (76<83), ENGLISH (75<83)",88.239,0,3.239,83.037,0,-1.963,84.116,0,-0.884,83.118,0,-1.882,77.983,1,2.983,5
student_096,5,4.0,1.0,81.0,81.0,78.0,82.0,0,"MATH (81<83), SCIENCE (78<83), ENGLISH (82<83)",87.518,0,2.518,83.116,0,-1.884,84.003,0,-0.997,84.192,0,-0.808,78.273,1,3.273,5
student_097,5,4.0,1.0,82.0,80.0,78.0,81.0,0,"MATH (80<83), SCIENCE (78<83), ENGLISH (81<83)",88.271,0,3.271,84.004,0,-0.996,83.321,0,-1.679,83.567,0,-1.433,77.799,1,2.799,5
student_098,5,4.0,1.0,84.0,82.0,83.0,81.0,0,"MATH (82<83), ENGLISH (81<83)",87.995,0,2.995,85.606,1,0.606,83.936,0,-1.064,83.902,0,-1.098,78.082,1,3.082,2
student_099,5,4.0,1.0,83.0,81.0,81.0,82.0,0,"MATH (81<83), SCIENCE (81<83), ENGLISH (82<83)",88.475,0,3.475,83.723,0,-1.277,84.06,0,-0.94,83.333,0,-1.667,78.119,1,3.119,5
student_100,5,4.0,1.0,82.18,81.0,81.0,80.75,0,"MATH (81<83), SCIENCE (81<83), ENGLISH (81<83)",88.606,0,3.606,83.962,0,-1.038,84.293,0,-0.707,85.084,1,0.084,77.98,1,2.98,4
student_101,5,1.0,1.0,82.0,80.0,81.0,81.0,0,"MATH (80<83), SCIENCE (81<83), ENGLISH (81<83)",89.072,0,4.072,83.344,0,-1.656,84.455,0,-0.545,83.501,0,-1.499,78.098,1,3.098,5
student_102,5,4.0,1.0,82.0,82.0,78.0,84.0,0,"MATH (82<83), SCIENCE (78<83)",88.109,0,3.109,84.302,0,-0.698,84.518,0,-0.482,85.112,1,0.112,77.857,1,2.857,4
student_103,5,4.0,1.0,82.0,80.0,79.0,80.0,0,"MATH (80<83), SCIENCE (79<83), ENGLISH (80<83)",88.642,0,3.642,84.196,0,-0.804,83.569,0,-1.431,82.196,0,-2.804,77.825,1,2.825,5
student_104,5,4.0,1.0,79.0,80.0,82.0,80.0,0,"MATH (80<83), SCIENCE (82<83), ENGLISH (80<83)",88.052,0,3.052,83.869,0,-1.131,83.915,0,-1.085,81.971,0,-3.029,77.97,1,2.97,5
student_105,5,1.0,1.0,83.0,82.0,81.0,84.0,0,"MATH (82<83), SCIENCE (81<83)",87.693,0,2.693,84.051,0,-0.949,84.342,0,-0.658,83.302,0,-1.698,78.313,1,3.313,5
student_106,5,4.0,1.0,79.0,78.0,79.0,76.0,0,"MATH (78<83), SCIENCE (79<83), ENGLISH (76<83)",87.927,0,2.927,83.975,0,-1.025,83.115,0,-1.885,81.044,0,-3.956,77.907,1,2.907,5
student_107,5,3.0,1.0,77.0,75.0,76.0,77.0,0,"MATH (75<83), SCIENCE (76<83), ENGLISH (77<83)",88.701,0,3.701,84.383,0,-0.617,84.456,0,-0.544,82.259,0,-2.741,77.933,1,2.933,5
student_108,5,1.0,1.0,82.0,82.0,82.0,80.0,0,"MATH (82<83), SCIENCE (82<83), ENGLISH (80<83)",88.294,0,3.294,83.575,0,-1.425,83.936,0,-1.064,80.751,0,-4.249,78.1,1,3.1,5
student_109,5,4.0,1.0,86.0,79.0,86.0,84.0,0,MATH (79<83),88.542,0,3.542,85.572,1,0.572,85.72,1,0.72,83.873,0,-1.127,77.987,1,2.987,3
student_110,5,4.0,1.0,82.0,80.0,78.0,79.0,0,"MATH (80<83), SCIENCE (78<83), ENGLISH (79<83)",88.608,0,3.608,83.561,0,-1.439,83.83,0,-1.17,81.126,0,-3.874,77.907,1,2.907,5
student_111,5,2.0,1.0,78.0,76.0,76.0,81.0,0,"MATH (76<83), SCIENCE (76<83), ENGLISH (81<83)",88.004,0,3.004,83.584,0,-1.416,84.335,0,-0.665,83.546,0,-1.454,78.01,1,3.01,5
student_112,5,2.0,1.0,85.0,86.0,84.0,84.0,1,Eligible,88.298,1,3.298,84.59,0,-0.41,85.115,1,0.115,83.635,0,-1.365,77.858,1,2.858,1
student_113,5,4.0,1.0,77.0,75.0,76.0,77.0,0,"MATH (75<83), SCIENCE (76<83), ENGLISH (77<83)",88.291,0,3.291,84.142,0,-0.858,84.063,0,-0.937,81.434,0,-3.566,76.842,1,1.842,5
student_114,5,6.0,0.0,78.0,76.0,77.0,77.0,0,"MATH (76<83), SCIENCE (77<83), ENGLISH (77<83)",87.982,0,2.982,83.698,0,-1.302,84.398,0,-0.602,81.545,0,-3.455,77.851,1,2.851,5
student _115,5,2.0,1.0,75.0,75.0,75.0,75.0,0,"MATH (75<83), SCIENCE (75<83), ENGLISH (75<83)",88.002,0,3.002,83.165,0,-1.835,83.926,0,-1.074,82.176,0,-2.824,77.921,1,2.921,5
student_116,5,4.0,1.0,83.0,83.0,80.0,84.0,0,SCIENCE (80<83),90.239,0,5.239,85.066,1,0.066,83.948,0,-1.052,83.426,0,-1.574,77.924,1,2.924,2
student_117,5,2.0,1.0,76.0,76.0,76.0,75.0,0,"MATH (76<83), SCIENCE (76<83), ENGLISH (75<83)",88.46,0,3.46,83.906,0,-1.094,84.206,0,-0.794,82.07,0,-2.93,78.028,1,3.028,5
student_118,5,2.0,1.0,79.0,77.0,78.0,78.0,0,"MATH (77<83), SCIENCE (78<83), ENGLISH (78<83)",88.3,0,3.3,83.888,0,-1.112,83.242,0,-1.758,82.225,0,-2.775,77.762,1,2.762,5
student_119,5,,0.0,82.0,80.0,83.0,81.0,0,"MATH (80<83), ENGLISH (81<83)",88.55,0,3.55,83.067,0,-1.933,84.074,0,-0.926,82.476,0,-2.524,77.844,1,2.844,5
student_120,5,3.0,1.0,77.0,76.0,76.0,76.0,0,"MATH (76<83), SCIENCE (76<83), ENGLISH (76<83)",88.404,0,3.404,83.371,0,-1.629,83.708,0,-1.292,81.49,0,-3.51,77.871,1,2.871,5
student_121,5,1.0,1.0,79.0,77.0,76.0,78.0,0,"MATH (77<83), SCIENCE (76<83), ENGLISH (78<83)",88.573,0,3.573,83.396,0,-1.604,84.522,0,-0.478,81.825,0,-3.175,78.057,1,3.057,5
student_122,5,3.0,1.0,82.0,77.0,81.0,83.0,0,"MATH (77<83), SCIENCE (81<83)",88.363,0,3.363,85.67,1,0.67,83.74,0,-1.26,83.913,0,-1.087,78.003,1,3.003,2
student_123,5,3.0,1.0,82.0,80.0,82.0,84.0,0,"MATH (80<83), SCIENCE (82<83)",88.344,0,3.344,84.14,0,-0.86,84.385,0,-0.615,83.609,0,-1.391,78.014,1,3.014,5
student_124,5,3.0,1.0,80.0,77.0,82.0,80.0,0,"MATH (77<83), SCIENCE (82<83), ENGLISH (80<83)",88.168,0,3.168,84.267,0,-0.733,84.758,0,-0.242,82.217,0,-2.783,77.919,1,2.919,5
student_125,1,4.0,1.0,89.0,90.0,88.0,87.0,1,Eligible,86.555,1,1.555,86.675,1,1.675,84.668,0,-0.332,84.217,0,-0.783,77.337,1,2.337,2
student_126,1,1.0,1.0,88.2,86.75,87.75,90.75,1,Eligible,90.556,1,5.556,85.804,1,0.804,84.794,0,-0.206,83.886,0,-1.114,78.129,1,3.129,1
student_127,1,1.0,1.0,92.0,86.0,92.0,89.0,1,Eligible,89.334,1,4.334,91.423,1,6.423,87.997,1,2.997,84.075,0,-0.925,79.017,1,4.017,2
student_128,1,1.0,1.0,89.25,86.0,89.0,92.0,1,Eligible,89.863,1,4.863,88.059,1,3.059,85.763,1,0.763,84.587,0,-0.413,78.67,1,3.67,1
student_129,1,1.0,1.0,93.0,90.0,94.0,92.0,1,Eligible,90.002,1,5.002,90.222,1,5.222,88.556,1,3.556,84.605,0,-0.395,78.978,1,3.978,2
student_130,1,1.0,1.0,91.0,90.0,90.0,91.0,1,Eligible,89.284,1,4.284,90.747,1,5.747,87.045,1,2.045,84.33,0,-0.67,78.432,1,3.432,2
student_131,1,1.0,1.0,94.0,93.0,96.0,93.0,1,Eligible,91.552,1,6.552,92.37,1,7.37,89.057,1,4.057,84.767,0,-0.233,78.865,1,3.865,2
student_132,1,1.0,1.0,90.0,87.0,88.0,86.0,1,Eligible,88.782,1,3.782,90.039,1,5.039,86.546,1,1.546,84.208,0,-0.792,79.069,1,4.069,2
student_133,1,1.0,1.0,90.25,88.0,88.0,93.0,1,Eligible,90.888,1,5.888,89.209,1,4.209,85.782,1,0.782,84.244,0,-0.756,78.973,1,3.973,1
student_134,1,1.0,1.0,96.0,95.0,97.0,95.0,1,Eligible,93.333,1,8.333,91.196,1,6.196,88.82,1,3.82,84.381,0,-0.619,77.897,1,2.897,1
student_135,1,5.0,1.0,90.125,86.0,92.0,89.0,1,Eligible,89.335,1,4.335,90.301,1,5.301,86.86,1,1.86,84.402,0,-0.598,78.527,1,3.527,2
student_136,1,1.0,1.0,91.34,88.75,89.5,91.75,1,Eligible,88.11,1,3.11,91.151,1,6.151,87.549,1,2.549,84.076,0,-0.924,78.699,1,3.699,2
student_137,1,1.0,1.0,90.125,87.0,89.0,94.0,1,Eligible,90.273,1,5.273,89.274,1,4.274,85.767,1,0.767,83.973,0,-1.027,78.731,1,3.731,1
student_138,1,1.0,1.0,95.0,95.0,95.0,95.0,1,Eligible,92.119,1,7.119,92.149,1,7.149,89.421,1,4.421,84.194,0,-0.806,77.974,1,2.974,2
student_139,1,1.0,1.0,93.0,87.0,91.0,96.0,1,Eligible,91.222,1,6.222,91.103,1,6.103,87.526,1,2.526,84.348,0,-0.652,78.375,1,3.375,1
student_140,1,1.0,1.0,91.0,91.0,91.0,92.0,1,Eligible,87.778,1,2.778,89.41,1,4.41,87.501,1,2.501,84.059,0,-0.941,78.477,1,3.477,2
student_141,1,1.0,1.0,91.56,88.75,88.5,92.5,1,Eligible,87.783,1,2.783,91.326,1,6.326,87.689,1,2.689,84.196,0,-0.804,78.794,1,3.794,2
student_142,1,1.0,1.0,91.0,86.0,90.0,90.0,1,Eligible,88.826,1,3.826,92.062,1,7.062,87.141,1,2.141,83.936,0,-1.064,78.662,1,3.662,2
student_143,1,5.0,1.0,93.0,91.0,92.0,93.0,1,Eligible,90.222,1,5.222,91.801,1,6.801,88.977,1,3.977,84.574,0,-0.426,79.409,1,4.409,2
student_144,1,1.0,1.0,92.0,90.0,94.0,92.0,1,Eligible,89.695,1,4.695,90.718,1,5.718,88.265,1,3.265,84.835,0,-0.165,78.516,1,3.516,2
student_145,1,1.0,1.0,93.0,89.0,95.0,89.0,1,Eligible,91.664,1,6.664,89.502,1,4.502,88.747,1,3.747,84.539,0,-0.461,79.57,1,4.57,1
student_146,1,1.0,1.0,93.0,93.0,93.0,93.0,1,Eligible,91.775,1,6.775,90.369,1,5.369,89.267,1,4.267,84.953,0,-0.047,78.855,1,3.855,1
student_147,1,1.0,1.0,96.0,96.0,97.0,96.0,1,Eligible,93.553,1,8.553,90.996,1,5.996,89.799,1,4.799,84.222,0,-0.778,78.649,1,3.649,1
student_148,1,1.0,1.0,90.0,87.0,92.0,93.0,1,Eligible,91.331,1,6.331,89.452,1,4.452,86.148,1,1.148,84.224,0,-0.776,79.203,1,4.203,1
student_149,1,1.0,1.0,92.0,89.0,90.0,88.0,1,Eligible,90.221,1,5.221,90.142,1,5.142,88.128,1,3.128,84.171,0,-0.829,78.199,1,3.199,1
student_150,1,1.0,1.0,92.0,87.0,94.0,94.0,1,Eligible,90.552,1,5.552,89.716,1,4.716,87.654,1,2.654,84.305,0,-0.695,79.145,1,4.145,1
student_151,1,1.0,1.0,91.0,89.0,92.0,92.0,1,Eligible,86.115,1,1.115,89.86,1,4.86,87.115,1,2.115,84.265,0,-0.735,78.982,1,3.982,2
student_152,5,6.0,0.0,81.0,78.0,81.0,82.0,0,"MATH (78<83), SCIENCE (81<83), ENGLISH (82<83)",88.308,0,3.308,84.836,0,-0.164,83.872,0,-1.128,85.903,1,0.903,77.858,1,2.858,4
student_153,5,4.0,1.0,82.0,80.0,81.0,83.0,0,"MATH (80<83), SCIENCE (81<83)",88.69,0,3.69,83.337,0,-1.663,84.133,0,-0.867,83.453,0,-1.547,78.068,1,3.068,5
student_154,5,4.0,1.0,81.0,80.0,76.0,79.0,0,"MATH (80<83), SCIENCE (76<83), ENGLISH (79<83)",87.951,0,2.951,85.182,1,0.182,84.804,0,-0.196,83.422,0,-1.578,78.001,1,3.001,2
student_155,5,1.0,1.0,84.0,79.0,85.0,83.0,0,MATH (79<83),88.99,0,3.99,82.901,0,-2.099,84.596,0,-0.404,83.254,0,-1.746,77.989,1,2.989,5
student_156,5,3.0,1.0,82.0,78.0,79.0,79.0,0,"MATH (78<83), SCIENCE (79<83), ENGLISH (79<83)",88.155,0,3.155,84.493,0,-0.507,84.179,0,-0.821,83.292,0,-1.708,78.164,1,3.164,5
student_157,5,3.0,1.0,82.0,79.0,78.0,80.0,0,"MATH (79<83), SCIENCE (78<83), ENGLISH (80<83)",88.116,0,3.116,86.172,1,1.172,83.906,0,-1.094,80.566,0,-4.434,78.277,1,3.277,2
student_158,5,3.0,1.0,81.0,84.0,77.0,84.0,0,SCIENCE (77<83),88.047,0,3.047,84.43,0,-0.57,83.651,0,-1.349,85.769,1,0.769,77.927,1,2.927,4
student_159,5,1.0,1.0,78.5,75.5,76.0,79.0,0,"MATH (76<83), SCIENCE (76<83), ENGLISH (79<83)",87.958,0,2.958,82.951,0,-2.049,83.818,0,-1.182,81.692,0,-3.308,78.571,1,3.571,5
student_160,5,1.0,1.0,83.0,83.0,82.0,82.0,0,"SCIENCE (82<83), ENGLISH (82<83)",87.751,0,2.751,83.285,0,-1.715,83.947,0,-1.053,83.068,0,-1.932,77.993,1,2.993,5
student_161,5,1.0,1.0,87.0,87.0,86.0,85.0,1,Eligible,89.245,1,4.245,86.343,1,1.343,84.144,0,-0.856,84.872,0,-0.128,78.346,1,3.346,1
student_162,5,3.0,1.0,82.0,80.0,79.0,83.0,0,"MATH (80<83), SCIENCE (79<83)",88.784,0,3.784,84.004,0,-0.996,84.547,0,-0.453,83.677,0,-1.323,78.063,1,3.063,5
student_163,5,4.0,1.0,81.0,79.0,82.0,80.0,0,"MATH (79<83), SCIENCE (82<83), ENGLISH (80<83)",88.086,0,3.086,83.376,0,-1.624,83.232,0,-1.768,81.781,0,-3.219,78.027,1,3.027,5
student_164,5,5.0,1.0,81.0,78.0,78.0,80.0,0,"MATH (78<83), SCIENCE (78<83), ENGLISH (80<83)",88.075,0,3.075,84.115,0,-0.885,83.394,0,-1.606,81.191,0,-3.809,77.715,1,2.715,5
student_165,5,1.0,1.0,82.0,82.0,79.0,83.0,0,"MATH (82<83), SCIENCE (79<83)",88.226,0,3.226,83.717,0,-1.283,84.994,0,-0.006,83.491,0,-1.509,77.971,1,2.971,5
student_166,5,4.0,1.0,84.0,81.0,82.0,85.0,0,"MATH (81<83), SCIENCE (82<83)",88.644,0,3.644,85.206,1,0.206,84.55,0,-0.45,83.005,0,-1.995,77.862,1,2.862,2
student_167,5,4.0,1.0,85.0,88.0,84.0,77.0,0,ENGLISH (77<83),88.477,0,3.477,84.58,0,-0.42,85.159,1,0.159,81.838,0,-3.162,78.095,1,3.095,3
student_168,5,4.0,1.0,82.0,77.0,86.0,76.0,0,"MATH (77<83), ENGLISH (76<83)",88.885,0,3.885,83.65,0,-1.35,84.612,0,-0.388,82.541,0,-2.459,77.948,1,2.948,5
student_169,4,4.0,1.0,85.0,83.0,85.0,84.0,1,Eligible,88.547,1,3.547,84.616,0,-0.384,84.174,0,-0.826,84.053,0,-0.947,78.156,1,3.156,1
student_170,4,4.0,1.0,85.0,84.0,85.0,87.0,1,Eligible,88.537,1,3.537,83.585,0,-1.415,84.743,0,-0.257,83.741,0,-1.259,78.02,1,3.02,1
student_171,4,4.0,1.0,88.0,79.0,90.0,86.0,0,MATH (79<83),88.069,0,3.069,87.917,1,2.917,85.488,1,0.488,84.153,0,-0.847,78.207,1,3.207,2
student_172,4,4.0,1.0,85.0,88.0,84.0,85.0,1,Eligible,87.928,1,2.928,83.514,0,-1.486,84.567,0,-0.433,84.131,0,-0.869,78.214,1,3.214,1
student_173,4,4.0,1.0,86.0,83.0,86.0,88.0,1,Eligible,89.59,1,4.59,85.345,1,0.345,84.886,0,-0.114,85.366,1,0.366,78.145,1,3.145,1
student_174,4,5.0,1.0,87.0,88.0,84.0,86.0,1,Eligible,89.42,1,4.42,85.871,1,0.871,84.587,0,-0.413,84.135,0,-0.865,77.728,1,2.728,1
student_175,4,5.0,1.0,86.0,85.0,86.0,85.0,1,Eligible,88.722,1,3.722,82.627,0,-2.373,85.257,1,0.257,82.879,0,-2.121,78.812,1,3.812,1
student_176,4,4.0,1.0,86.0,85.0,86.0,86.0,1,Eligible,87.657,1,2.657,86.256,1,1.256,84.358,0,-0.642,82.412,0,-2.588,77.867,1,2.867,1
student_177,4,3.0,1.0,85.0,82.0,83.0,83.0,0,MATH (82<83),88.119,0,3.119,86.627,1,1.627,84.43,0,-0.57,84.161,0,-0.839,77.645,1,2.645,2
student_178,4,4.0,1.0,85.0,83.0,84.0,87.0,1,Eligible,89.603,1,4.603,84.561,0,-0.439,84.502,0,-0.498,84.149,0,-0.851,77.863,1,2.863,1
student_179,4,4.0,1.0,86.0,85.0,84.0,86.0,1,Eligible,89.332,1,4.332,86.1,1,1.1,84.595,0,-0.405,83.758,0,-1.242,78.106,1,3.106,1
student_180,4,4.0,1.0,86.0,82.0,86.0,85.0,0,MATH (82<83),90.085,0,5.085,87.837,1,2.837,84.293,0,-0.707,83.944,0,-1.056,77.901,1,2.901,2
student_181,4,4.0,1.0,85.0,83.0,87.0,90.0,1,Eligible,89.595,1,4.595,84.038,0,-0.962,84.253,0,-0.747,84.158,0,-0.842,77.422,1,2.422,1
student_182,4,4.0,1.0,86.0,81.0,86.0,88.0,0,MATH (81<83),89.018,0,4.018,86.218,1,1.218,85.257,1,0.257,85.697,1,0.697,77.312,1,2.312,2
student_183,4,4.0,1.0,86.0,81.0,85.0,85.0,0,MATH (81<83),88.561,0,3.561,86.587,1,1.587,85.045,1,0.045,84.157,0,-0.843,77.87,1,2.87,2
student_184,4,4.0,1.0,86.0,83.0,85.0,86.0,1,Eligible,89.577,1,4.577,86.916,1,1.916,84.508,0,-0.492,84.112,0,-0.888,78.169,1,3.169,1
student_185,4,4.0,1.0,86.0,84.0,84.0,85.0,1,Eligible,89.553,1,4.553,85.869,1,0.869,84.165,0,-0.835,82.716,0,-2.284,77.906,1,2.906,1
student_186,4,4.0,1.0,87.0,85.0,88.0,87.0,1,Eligible,89.767,1,4.767,84.679,0,-0.321,84.819,0,-0.181,83.305,0,-1.695,78.795,1,3.795,1
student_187,4,5.0,1.0,87.0,85.0,85.0,89.0,1,Eligible,90.009,1,5.009,86.689,1,1.689,84.104,0,-0.896,84.387,0,-0.613,78.003,1,3.003,1
student_188,4,5.0,1.0,85.0,87.0,82.0,83.0,0,SCIENCE (82<83),88.616,0,3.616,83.647,0,-1.353,84.248,0,-0.752,82.136,0,-2.864,77.837,1,2.837,5
student_189,4,1.0,1.0,86.5,83.0,91.0,80.0,0,ENGLISH (80<83),88.477,0,3.477,86.496,1,1.496,85.384,1,0.384,80.822,0,-4.178,77.96,1,2.96,2
student_190,4,3.0,1.0,85.0,88.0,86.0,81.0,0,ENGLISH (81<83),88.658,0,3.658,83.911,0,-1.089,84.19,0,-0.81,84.142,0,-0.858,77.615,1,2.615,5
student_191,4,4.0,1.0,86.0,83.0,86.0,85.0,1,Eligible,88.184,1,3.184,85.323,1,0.323,83.974,0,-1.026,84.11,0,-0.89,79.013,1,4.013,1
student_192,4,,0.0,83.0,86.0,84.0,79.0,0,ENGLISH (79<83),88.35,0,3.35,84.621,0,-0.379,84.46,0,-0.54,78.623,0,-6.377,78.061,1,3.061,5
student_193,4,4.0,1.0,85.5,84.0,83.0,85.0,1,Eligible,88.326,1,3.326,85.955,1,0.955,84.823,0,-0.177,84.105,0,-0.895,78.151,1,3.151,1
student_194,4,3.0,1.0,85.0,81.0,82.0,85.0,0,"MATH (81<83), SCIENCE (82<83)",88.199,0,3.199,85.221,1,0.221,84.165,0,-0.835,81.1,0,-3.9,77.097,1,2.097,2
student_195,4,4.0,1.0,86.0,83.0,86.0,87.0,1,Eligible,89.49,1,4.49,84.253,0,-0.747,84.705,0,-0.295,84.356,0,-0.644,77.81,1,2.81,1
student_196,4,3.0,1.0,86.0,87.0,83.0,88.0,1,Eligible,88.997,1,3.997,85.204,1,0.204,84.701,0,-0.299,84.154,0,-0.846,78.054,1,3.054,1
student_197,4,4.0,1.0,85.0,85.0,84.0,83.0,1,Eligible,88.718,1,3.718,84.648,0,-0.352,84.26,0,-0.74,83.501,0,-1.499,78.028,1,3.028,1
student_198,4,4.0,1.0,87.0,88.0,86.0,88.0,1,Eligible,89.807,1,4.807,84.443,0,-0.557,84.709,0,-0.291,83.924,0,-1.076,77.693,1,2.693,1
student_199,4,4.0,1.0,85.0,86.0,81.0,83.0,0,SCIENCE (81<83),88.784,0,3.784,86.085,1,1.085,84.592,0,-0.408,89.363,1,4.363,78.596,1,3.596,4
student_200,4,4.0,1.0,86.0,86.0,83.0,86.0,1,Eligible,89.546,1,4.546,85.465,1,0.465,84.647,0,-0.353,83.222,0,-1.778,78.099,1,3.099,1
student_201,4,4.0,1.0,85.0,86.0,85.0,84.0,1,Eligible,88.787,1,3.787,83.122,0,-1.878,83.98,0,-1.02,83.397,0,-1.603,78.433,1,3.433,1
student_202,4,4.0,1.0,86.0,84.0,84.0,85.0,1,Eligible,89.364,1,4.364,86.26,1,1.26,83.996,0,-1.004,82.139,0,-2.861,77.932,1,2.932,1
student_203,4,4.0,1.0,87.0,76.0,89.0,85.0,0,MATH (76<83),89.743,0,4.743,86.549,1,1.549,84.768,0,-0.232,84.152,0,-0.848,77.986,1,2.986,2
student_204,4,4.0,1.0,87.0,81.0,86.0,85.0,0,MATH (81<83),90.579,0,5.579,86.586,1,1.586,84.878,0,-0.122,86.856,1,1.856,78.337,1,3.337,4
student_205,4,4.0,1.0,87.0,89.0,89.0,83.0,1,Eligible,89.042,1,4.042,85.887,1,0.887,85.392,1,0.392,87.973,1,2.973,78.008,1,3.008,1
student_206,4,4.0,1.0,85.0,84.0,82.0,86.0,0,SCIENCE (82<83),88.777,0,3.777,85.408,1,0.408,84.512,0,-0.488,84.154,0,-0.846,77.708,1,2.708,2
student_207,4,5.0,1.0,85.0,83.0,83.0,85.0,1,Eligible,87.509,1,2.509,84.468,0,-0.532,83.816,0,-1.184,86.431,1,1.431,78.347,1,3.347,1
student_208,4,4.0,1.0,85.0,84.0,82.0,86.0,0,SCIENCE (82<83),88.363,0,3.363,86.567,1,1.567,84.217,0,-0.783,87.466,1,2.466,77.763,1,2.763,4
student_209,5,3.0,1.0,79.0,80.0,77.0,79.0,0,"MATH (80<83), SCIENCE (77<83), ENGLISH (79<83)",88.234,0,3.234,83.163,0,-1.837,83.874,0,-1.126,81.841,0,-3.159,77.976,1,2.976,5
student_210,5,3.0,1.0,84.845,81.25,83.5,80.0,0,"MATH (81<83), ENGLISH (80<83)",88.371,0,3.371,85.366,1,0.366,85.021,1,0.021,82.47,0,-2.53,77.904,1,2.904,2
student_211,5,3.0,1.0,82.0,79.0,82.0,78.0,0,"MATH (79<83), SCIENCE (82<83), ENGLISH (78<83)",88.062,0,3.062,82.996,0,-2.004,84.037,0,-0.963,82.503,0,-2.497,77.953,1,2.953,5
student_212,5,5.0,1.0,86.0,86.0,83.0,83.0,1,Eligible,88.752,1,3.752,86.533,1,1.533,84.193,0,-0.807,83.931,0,-1.069,78.069,1,3.069,1
student_213,5,5.0,1.0,83.0,79.0,82.0,83.0,0,"MATH (79<83), SCIENCE (82<83)",88.994,0,3.994,83.115,0,-1.885,84.689,0,-0.311,84.022,0,-0.978,78.029,1,3.029,5
student_214,5,4.0,1.0,85.937,91.0,83.0,86.0,1,Eligible,88.02,1,3.02,83.698,0,-1.302,85.187,1,0.187,84.19,0,-0.81,77.936,1,2.936,1
student_215,5,,0.0,81.0,77.0,81.0,79.0,0,"MATH (77<83), SCIENCE (81<83), ENGLISH (79<83)",87.717,0,2.717,83.87,0,-1.13,84.007,0,-0.993,81.805,0,-3.195,77.993,1,2.993,5
student_216,5,4.0,1.0,80.0,76.0,80.0,77.0,0,"MATH (76<83), SCIENCE (80<83), ENGLISH (77<83)",88.518,0,3.518,83.541,0,-1.459,84.554,0,-0.446,82.056,0,-2.944,77.934,1,2.934,5
student_217,5,5.0,1.0,86.0,90.0,84.0,83.0,1,Eligible,88.047,1,3.047,84.67,0,-0.33,84.45,0,-0.55,83.527,0,-1.473,78.061,1,3.061,1
student_218,5,,0.0,84.0,84.0,84.0,83.0,1,Eligible,88.247,1,3.247,81.804,0,-3.196,84.306,0,-0.694,83.5,0,-1.5,77.991,1,2.991,1
student_219,5,,0.0,84.0,89.0,85.0,81.0,0,ENGLISH (81<83),87.726,0,2.726,83.051,0,-1.949,84.698,0,-0.302,83.538,0,-1.462,77.941,1,2.941,5
student_220,5,2.0,1.0,86.0,81.0,84.0,89.0,0,MATH (81<83),89.511,0,4.511,86.198,1,1.198,84.922,0,-0.078,84.534,0,-0.466,77.93,1,2.93,2
student_221,5,5.0,1.0,85.0,83.0,88.0,80.0,0,ENGLISH (80<83),88.324,0,3.324,84.744,0,-0.256,85.057,1,0.057,81.893,0,-3.107,78.062,1,3.062,3
student_222,5,5.0,1.0,80.625,80.0,77.0,80.0,0,"MATH (80<83), SCIENCE (77<83), ENGLISH (80<83)",88.174,0,3.174,83.954,0,-1.046,83.566,0,-1.434,81.715,0,-3.285,77.808,1,2.808,5
student_223,5,3.0,1.0,84.0,80.0,80.0,78.0,0,"MATH (80<83), SCIENCE (80<83), ENGLISH (78<83)",89.241,0,4.241,85.622,1,0.622,83.275,0,-1.725,81.931,0,-3.069,77.901,1,2.901,2
student_224,5,4.0,1.0,85.0,76.0,86.0,83.0,0,MATH (76<83),88.922,0,3.922,85.67,1,0.67,85.244,1,0.244,84.437,0,-0.563,77.991,1,2.991,2
student_225,5,3.0,1.0,82.0,76.0,81.0,79.0,0,"MATH (76<83), SCIENCE (81<83), ENGLISH (79<83)",88.623,0,3.623,84.571,0,-0.429,84.194,0,-0.806,82.131,0,-2.869,78.087,1,3.087,5
student_226,5,3.0,1.0,82.0,79.0,84.0,78.0,0,"MATH (79<83), ENGLISH (78<83)",88.617,0,3.617,84.176,0,-0.824,84.141,0,-0.859,82.75,0,-2.25,77.961,1,2.961,5
student_227,5,4.0,1.0,78.0,78.0,76.0,77.0,0,"MATH (78<83), SCIENCE (76<83), ENGLISH (77<83)",88.231,0,3.231,83.328,0,-1.672,85.004,1,0.004,81.085,0,-3.915,77.911,1,2.911,3
student_228,5,4.0,1.0,81.0,77.0,80.0,80.0,0,"MATH (77<83), SCIENCE (80<83), ENGLISH (80<83)",89.002,0,4.002,84.855,0,-0.145,83.81,0,-1.19,81.822,0,-3.178,78.614,1,3.614,5
student_229,5,5.0,1.0,76.0,76.0,77.0,75.0,0,"MATH (76<83), SCIENCE (77<83), ENGLISH (75<83)",88.012,0,3.012,84.643,0,-0.357,84.082,0,-0.918,82.265,0,-2.735,77.995,1,2.995,5
student_230,5,4.0,1.0,78.0,76.0,76.0,76.0,0,"MATH (76<83), SCIENCE (76<83), ENGLISH (76<83)",88.082,0,3.082,83.587,0,-1.413,83.894,0,-1.106,82.552,0,-2.448,77.988,1,2.988,5
student_231,5,5.0,1.0,78.0,77.0,80.0,81.0,0,"MATH (77<83), SCIENCE (80<83), ENGLISH (81<83)",88.465,0,3.465,84.449,0,-0.551,83.839,0,-1.161,83.601,0,-1.399,77.9,1,2.9,5
student_232,5,,0.0,81.0,77.0,78.0,82.0,0,"MATH (77<83), SCIENCE (78<83), ENGLISH (82<83)",87.997,0,2.997,83.652,0,-1.348,84.875,0,-0.125,83.291,0,-1.709,77.872,1,2.872,5
student_233,5,5.0,1.0,79.0,76.0,78.0,75.0,0,"MATH (76<83), SCIENCE (78<83), ENGLISH (75<83)",88.424,0,3.424,83.015,0,-1.985,84.373,0,-0.627,81.372,0,-3.628,77.898,1,2.898,5
student_234,5,5.0,1.0,83.0,82.0,80.0,85.0,0,"MATH (82<83), SCIENCE (80<83)",88.963,0,3.963,84.296,0,-0.704,84.613,0,-0.387,84.383,0,-0.617,77.996,1,2.996,5
student_235,5,2.0,1.0,79.0,76.0,77.0,76.0,0,"MATH (76<83), SCIENCE (77<83), ENGLISH (76<83)",88.482,0,3.482,83.839,0,-1.161,84.05,0,-0.95,80.806,0,-4.194,78.85,1,3.85,5
student_236,5,5.0,1.0,83.0,81.0,82.0,83.0,0,"MATH (81<83), SCIENCE (82<83)",88.599,0,3.599,83.696,0,-1.304,84.386,0,-0.614,83.174,0,-1.826,77.965,1,2.965,5
student_237,5,,0.0,82.0,82.0,84.0,81.0,0,"MATH (82<83), ENGLISH (81<83)",87.983,0,2.983,83.807,0,-1.193,84.293,0,-0.707,82.661,0,-2.339,78.072,1,3.072,5
student_238,5,,0.0,84.0,81.0,82.0,85.0,0,"MATH (81<83), SCIENCE (82<83)",88.274,0,3.274,84.053,0,-0.947,84.041,0,-0.959,83.601,0,-1.399,77.933,1,2.933,5
student_239,5,4.0,1.0,81.0,78.0,82.0,79.0,0,"MATH (78<83), SCIENCE (82<83), ENGLISH (79<83)",88.501,0,3.501,84.372,0,-0.628,84.137,0,-0.863,82.407,0,-2.593,77.807,1,2.807,5
student_240,5,6.0,0.0,75.25,75.0,76.0,75.0,0,"MATH (75<83), SCIENCE (76<83), ENGLISH (75<83)",88.147,0,3.147,83.379,0,-1.621,83.972,0,-1.028,82.479,0,-2.521,77.921,1,2.921,5
student_241,4,,0.0,87.875,83.0,86.0,90.0,1,Eligible,90.083,1,5.083,86.466,1,1.466,85.124,1,0.124,83.684,0,-1.316,77.517,1,2.517,1
student_242,4,,0.0,87.0,83.0,81.0,83.0,0,SCIENCE (81<83),89.842,0,4.842,86.601,1,1.601,85.211,1,0.211,84.166,0,-0.834,77.891,1,2.891,2
student_243,4,4.0,1.0,87.0,88.0,87.0,88.0,1,Eligible,89.069,1,4.069,85.969,1,0.969,84.256,0,-0.744,84.231,0,-0.769,77.848,1,2.848,1
student_244,4,4.0,1.0,86.0,84.0,85.0,86.0,1,Eligible,88.807,1,3.807,83.616,0,-1.384,84.95,0,-0.05,84.141,0,-0.859,77.969,1,2.969,1
student_245,4,4.0,1.0,87.0,87.0,86.0,86.0,1,Eligible,88.42,1,3.42,83.63,0,-1.37,83.671,0,-1.329,84.124,0,-0.876,77.941,1,2.941,1
student_246,4,4.0,1.0,87.0,85.0,85.0,83.0,1,Eligible,88.319,1,3.319,87.073,1,2.073,85.51,1,0.51,83.849,0,-1.151,78.149,1,3.149,1
student_247,4,4.0,1.0,92.375,96.0,91.0,93.0,1,Eligible,90.446,1,5.446,89.057,1,4.057,88.128,1,3.128,84.134,0,-0.866,77.674,1,2.674,1
student_248,4,4.0,1.0,88.0,82.0,87.0,81.0,0,"MATH (82<83), ENGLISH (81<83)",89.117,0,4.117,85.721,1,0.721,84.387,0,-0.613,84.136,0,-0.864,77.351,1,2.351,2
student_249,4,4.0,1.0,87.0,88.0,85.0,91.0,1,Eligible,88.585,1,3.585,83.917,0,-1.083,84.298,0,-0.702,84.145,0,-0.855,79.03,1,4.03,1
student_250,4,3.0,1.0,86.0,85.0,83.0,86.0,1,Eligible,88.569,1,3.569,83.941,0,-1.059,84.549,0,-0.451,84.141,0,-0.859,78.693,1,3.693,1
student_251,4,3.0,1.0,87.0,87.0,86.0,86.0,1,Eligible,88.435,1,3.435,85.213,1,0.213,84.799,0,-0.201,84.134,0,-0.866,77.948,1,2.948,1
student_252,4,1.0,1.0,86.0,86.0,86.0,86.0,1,Eligible,88.766,1,3.766,84.42,0,-0.58,84.085,0,-0.915,84.182,0,-0.818,77.903,1,2.903,1
student_253,4,1.0,1.0,87.0,88.0,86.0,85.0,1,Eligible,88.318,1,3.318,85.077,1,0.077,83.873,0,-1.127,84.162,0,-0.838,78.075,1,3.075,1
student_254,4,4.0,1.0,87.0,90.0,88.0,88.0,1,Eligible,90.426,1,5.426,83.753,0,-1.247,84.173,0,-0.827,84.703,0,-0.297,79.475,1,4.475,1
student_255,4,4.0,1.0,87.0,84.0,86.0,85.0,1,Eligible,88.032,1,3.032,87.233,1,2.233,84.213,0,-0.787,84.145,0,-0.855,77.926,1,2.926,1
student_256,4,,0.0,87.0,85.0,83.0,86.0,1,Eligible,89.459,1,4.459,87.842,1,2.842,84.596,0,-0.404,84.12,0,-0.88,77.6,1,2.6,1
student_257,4,4.0,1.0,87.0,86.0,85.0,87.0,1,Eligible,89.542,1,4.542,84.69,0,-0.31,85.016,1,0.016,84.152,0,-0.848,78.101,1,3.101,1
student_258,4,4.0,1.0,87.0,87.0,87.0,86.0,1,Eligible,89.78,1,4.78,85.089,1,0.089,83.244,0,-1.756,84.131,0,-0.869,77.929,1,2.929,1
student_259,4,3.0,1.0,86.0,85.0,88.0,86.0,1,Eligible,88.062,1,3.062,84.225,0,-0.775,83.186,0,-1.814,84.122,0,-0.878,78.046,1,3.046,1
student_260,4,4.0,1.0,87.0,89.0,88.0,88.0,1,Eligible,87.935,1,2.935,85.966,1,0.966,84.202,0,-0.798,84.154,0,-0.846,78.007,1,3.007,1
student_261,4,4.0,1.0,87.0,86.0,86.0,88.0,1,Eligible,89.911,1,4.911,84.675,0,-0.325,84.825,0,-0.175,84.158,0,-0.842,77.527,1,2.527,1
student_262,4,,0.0,86.0,88.0,87.0,85.0,1,Eligible,88.153,1,3.153,83.512,0,-1.488,83.845,0,-1.155,84.129,0,-0.871,77.853,1,2.853,1
student_263,4,4.0,1.0,87.0,89.0,88.0,85.0,1,Eligible,88.135,1,3.135,86.373,1,1.373,84.849,0,-0.151,84.16,0,-0.84,77.951,1,2.951,1
student_264,4,1.0,1.0,87.0,84.0,84.0,86.0,1,Eligible,89.872,1,4.872,87.098,1,2.098,84.777,0,-0.223,84.163,0,-0.837,78.011,1,3.011,1
student_265,4,4.0,1.0,87.0,82.0,93.0,78.0,0,"MATH (82<83), ENGLISH (78<83)",89.847,0,4.847,87.093,1,2.093,85.186,1,0.186,83.511,0,-1.489,78.714,1,3.714,2
student_266,4,1.0,1.0,87.0,84.0,81.0,85.0,0,SCIENCE (81<83),88.454,0,3.454,86.155,1,1.155,85.203,1,0.203,84.149,0,-0.851,79.047,1,4.047,2
student_267,4,4.0,1.0,85.0,86.0,85.0,85.0,1,Eligible,88.462,1,3.462,83.857,0,-1.143,83.949,0,-1.051,84.155,0,-0.845,76.914,1,1.914,1
student_268,4,4.0,1.0,88.0,90.0,86.0,92.0,1,Eligible,89.359,1,4.359,85.012,1,0.012,84.933,0,-0.067,84.147,0,-0.853,77.436,1,2.436,1
student_269,4,2.0,1.0,87.0,86.0,85.0,88.0,1,Eligible,88.097,1,3.097,84.894,0,-0.106,84.712,0,-0.288,84.148,0,-0.852,77.892,1,2.892,1
student_270,4,4.0,1.0,87.0,89.0,84.0,90.0,1,Eligible,88.05,1,3.05,85.191,1,0.191,85.416,1,0.416,84.275,0,-0.725,78.264,1,3.264,1
student_271,4,3.0,1.0,86.0,83.0,84.0,88.0,1,Eligible,88.773,1,3.773,85.566,1,0.566,85.164,1,0.164,84.228,0,-0.772,78.486,1,3.486,1
student_272,4,4.0,1.0,87.0,88.0,82.0,85.0,0,SCIENCE (82<83),90.094,0,5.094,86.868,1,1.868,85.724,1,0.724,84.142,0,-0.858,77.972,1,2.972,2
student_273,4,3.0,1.0,87.0,86.0,86.0,85.0,1,Eligible,90.214,1,5.214,86.886,1,1.886,84.518,0,-0.482,84.122,0,-0.878,78.685,1,3.685,1
student_274,4,1.0,1.0,87.0,83.0,86.0,88.0,1,Eligible,89.699,1,4.699,86.58,1,1.58,84.163,0,-0.837,83.835,0,-1.165,77.471,1,2.471,1
student_275,4,4.0,1.0,86.0,85.0,86.0,85.0,1,Eligible,88.144,1,3.144,84.678,0,-0.322,84.013,0,-0.987,84.153,0,-0.847,78.215,1,3.215,1
student_276,4,4.0,1.0,86.0,82.0,84.0,85.0,0,MATH (82<83),90.048,0,5.048,87.059,1,2.059,84.466,0,-0.534,84.114,0,-0.886,78.022,1,3.022,2
student_277,4,4.0,1.0,87.0,87.0,85.0,89.0,1,Eligible,90.323,1,5.323,85.494,1,0.494,84.613,0,-0.387,84.138,0,-0.862,77.528,1,2.528,1
student_278,4,1.0,1.0,87.0,86.0,85.0,86.0,1,Eligible,90.619,1,5.619,86.514,1,1.514,84.982,0,-0.018,84.164,0,-0.836,77.824,1,2.824,1
student_279,4,4.0,1.0,87.0,83.0,84.0,86.0,1,Eligible,90.784,1,5.784,86.712,1,1.712,84.171,0,-0.829,84.158,0,-0.842,77.776,1,2.776,1
student_280,4,4.0,1.0,87.0,92.0,85.0,85.0,1,Eligible,88.941,1,3.941,86.25,1,1.25,85.1,1,0.1,84.163,0,-0.837,78.451,1,3.451,1
student_281,4,2.0,1.0,87.0,87.0,86.0,85.0,1,Eligible,88.957,1,3.957,87.114,1,2.114,84.183,0,-0.817,84.144,0,-0.856,78.036,1,3.036,1
student_282,4,4.0,1.0,86.0,82.0,83.0,82.0,0,"MATH (82<83), ENGLISH (82<83)",89.227,0,4.227,86.964,1,1.964,84.761,0,-0.239,84.144,0,-0.856,78.051,1,3.051,2
student_283,5,5.0,1.0,81.0,81.0,82.0,81.0,0,"MATH (81<83), SCIENCE (82<83), ENGLISH (81<83)",88.921,0,3.921,82.467,0,-2.533,84.822,0,-0.178,83.919,0,-1.081,77.947,1,2.947,5
student_284,5,5.0,1.0,83.0,81.0,82.0,80.0,0,"MATH (81<83), SCIENCE (82<83), ENGLISH (80<83)",88.955,0,3.955,84.88,0,-0.12,84.746,0,-0.254,83.09,0,-1.91,78.089,1,3.089,5
student_285,5,4.0,1.0,84.0,86.0,79.0,85.0,0,SCIENCE (79<83),87.748,0,2.748,84.13,0,-0.87,84.303,0,-0.697,86.404,1,1.404,77.922,1,2.922,4
student_286,5,5.0,1.0,81.0,75.0,79.0,81.0,0,"MATH (75<83), SCIENCE (79<83), ENGLISH (81<83)",88.912,0,3.912,83.359,0,-1.641,84.621,0,-0.379,83.744,0,-1.256,77.949,1,2.949,5
student_287,5,5.0,1.0,81.0,81.0,80.0,81.0,0,"MATH (81<83), SCIENCE (80<83), ENGLISH (81<83)",88.535,0,3.535,83.339,0,-1.661,84.4,0,-0.6,82.809,0,-2.191,77.885,1,2.885,5
student_288,5,5.0,1.0,79.0,80.0,79.0,80.0,0,"MATH (80<83), SCIENCE (79<83), ENGLISH (80<83)",88.454,0,3.454,83.299,0,-1.701,84.228,0,-0.772,82.091,0,-2.909,78.014,1,3.014,5
student_289,5,5.0,1.0,83.0,82.0,80.0,84.0,0,"MATH (82<83), SCIENCE (80<83)",88.466,0,3.466,82.953,0,-2.047,84.339,0,-0.661,83.139,0,-1.861,77.61,1,2.61,5
student_290,5,5.0,1.0,81.0,78.0,82.0,77.0,0,"MATH (78<83), SCIENCE (82<83), ENGLISH (77<83)",88.682,0,3.682,84.122,0,-0.878,84.612,0,-0.388,81.009,0,-3.991,77.919,1,2.919,5
student_291,5,4.0,1.0,81.0,76.0,82.0,80.0,0,"MATH (76<83), SCIENCE (82<83), ENGLISH (80<83)",88.134,0,3.134,83.387,0,-1.613,84.249,0,-0.751,81.162,0,-3.838,78.037,1,3.037,5
student_292,5,5.0,1.0,79.0,77.0,78.0,77.0,0,"MATH (77<83), SCIENCE (78<83), ENGLISH (77<83)",88.3,0,3.3,83.865,0,-1.135,83.925,0,-1.075,82.292,0,-2.708,78.057,1,3.057,5
student_293,5,5.0,1.0,82.0,83.0,78.0,82.0,0,"SCIENCE (78<83), ENGLISH (82<83)",88.746,0,3.746,84.121,0,-0.879,84.003,0,-0.997,83.475,0,-1.525,77.938,1,2.938,5
student_294,5,5.0,1.0,80.0,77.0,80.0,78.0,0,"MATH (77<83), SCIENCE (80<83), ENGLISH (78<83)",87.929,0,2.929,84.084,0,-0.916,84.871,0,-0.129,82.233,0,-2.767,77.835,1,2.835,5
student_295,5,4.0,1.0,83.0,82.0,87.0,77.0,0,"MATH (82<83), ENGLISH (77<83)",88.08,0,3.08,84.878,0,-0.122,83.81,0,-1.19,82.52,0,-2.48,77.984,1,2.984,5
student_296,5,3.0,1.0,79.0,77.0,78.0,75.0,0,"MATH (77<83), SCIENCE (78<83), ENGLISH (75<83)",88.507,0,3.507,84.572,0,-0.428,83.869,0,-1.131,81.666,0,-3.334,77.937,1,2.937,5
student_297,5,4.0,1.0,84.0,81.0,80.0,81.0,0,"MATH (81<83), SCIENCE (80<83), ENGLISH (81<83)",88.416,0,3.416,83.498,0,-1.502,83.959,0,-1.041,84.242,0,-0.758,77.964,1,2.964,5
student_298,5,4.0,1.0,82.0,82.0,79.0,79.0,0,"MATH (82<83), SCIENCE (79<83), ENGLISH (79<83)",88.112,0,3.112,84.447,0,-0.553,83.772,0,-1.228,82.32,0,-2.68,77.733,1,2.733,5
student_299,5,2.0,1.0,84.0,84.0,83.0,83.0,1,Eligible,88.493,1,3.493,84.294,0,-0.706,84.438,0,-0.562,84.504,0,-0.496,77.945,1,2.945,1
student_300,5,5.0,1.0,81.0,79.0,80.0,83.0,0,"MATH (79<83), SCIENCE (80<83)",88.226,0,3.226,83.099,0,-1.901,84.275,0,-0.725,83.33,0,-1.67,77.875,1,2.875,5
student_301,5,5.0,1.0,76.375,76.0,76.0,76.0,0,"MATH (76<83), SCIENCE (76<83), ENGLISH (76<83)",88.244,0,3.244,83.778,0,-1.222,83.904,0,-1.096,81.638,0,-3.362,77.87,1,2.87,5
student_302,5,5.0,1.0,81.0,79.0,78.0,80.0,0,"MATH (79<83), SCIENCE (78<83), ENGLISH (80<83)",88.198,0,3.198,84.082,0,-0.918,83.747,0,-1.253,81.459,0,-3.541,77.513,1,2.513,5
student_303,5,5.0,1.0,85.0,81.0,78.0,89.0,0,"MATH (81<83), SCIENCE (78<83)",88.623,0,3.623,85.494,1,0.494,84.259,0,-0.741,84.583,0,-0.417,77.994,1,2.994,2
student_304,5,5.0,1.0,84.0,84.0,82.0,84.0,0,SCIENCE (82<83),88.52,0,3.52,85.728,1,0.728,84.734,0,-0.266,84.77,0,-0.23,77.987,1,2.987,2
student_305,5,4.0,1.0,83.0,85.0,82.0,83.0,0,SCIENCE (82<83),87.833,0,2.833,83.018,0,-1.982,84.478,0,-0.522,83.902,0,-1.098,77.925,1,2.925,5
student_306,5,5.0,1.0,82.0,79.0,81.0,81.0,0,"MATH (79<83), SCIENCE (81<83), ENGLISH (81<83)",88.319,0,3.319,83.415,0,-1.585,84.114,0,-0.886,84.336,0,-0.664,77.905,1,2.905,5
student_307,5,5.0,1.0,80.0,79.0,77.0,85.0,0,"MATH (79<83), SCIENCE (77<83)",88.378,0,3.378,82.878,0,-2.122,84.57,0,-0.43,83.709,0,-1.291,78.027,1,3.027,5
student_308,5,4.0,1.0,81.0,80.0,78.0,82.0,0,"MATH (80<83), SCIENCE (78<83), ENGLISH (82<83)",88.026,0,3.026,83.842,0,-1.158,83.972,0,-1.028,83.688,0,-1.312,77.953,1,2.953,5
student_309,5,5.0,1.0,80.0,77.0,76.0,79.0,0,"MATH (77<83), SCIENCE (76<83), ENGLISH (79<83)",88.596,0,3.596,82.936,0,-2.064,84.238,0,-0.762,81.925,0,-3.075,77.884,1,2.884,5
student_310,5,1.0,1.0,80.0,78.0,83.0,77.0,0,"MATH (78<83), ENGLISH (77<83)",88.528,0,3.528,82.951,0,-2.049,83.742,0,-1.258,81.615,0,-3.385,77.899,1,2.899,5
student_311,5,5.0,1.0,81.0,81.0,81.0,75.0,0,"MATH (81<83), SCIENCE (81<83), ENGLISH (75<83)",88.435,0,3.435,84.511,0,-0.489,83.927,0,-1.073,82.147,0,-2.853,77.895,1,2.895,5
student_312,5,5.0,1.0,80.0,76.0,82.0,76.0,0,"MATH (76<83), SCIENCE (82<83), ENGLISH (76<83)",88.238,0,3.238,83.907,0,-1.093,84.052,0,-0.948,81.51,0,-3.49,77.92,1,2.92,5
student_313,5,5.0,1.0,79.0,82.0,77.0,78.0,0,"MATH (82<83), SCIENCE (77<83), ENGLISH (78<83)",88.399,0,3.399,83.173,0,-1.827,83.864,0,-1.136,81.201,0,-3.799,78.324,1,3.324,5
student_314,5,5.0,1.0,83.0,80.0,82.0,84.0,0,"MATH (80<83), SCIENCE (82<83)",88.161,0,3.161,84.304,0,-0.696,85.279,1,0.279,83.627,0,-1.373,78.039,1,3.039,3
student_315,5,5.0,1.0,84.0,82.0,83.0,80.0,0,"MATH (82<83), ENGLISH (80<83)",89.625,0,4.625,82.966,0,-2.034,84.061,0,-0.939,81.903,0,-3.097,78.354,1,3.354,5
student_316,5,4.0,1.0,77.0,76.0,76.0,75.0,0,"MATH (76<83), SCIENCE (76<83), ENGLISH (75<83)",88.872,0,3.872,84.345,0,-0.655,84.564,0,-0.436,81.91,0,-3.09,76.828,1,1.828,5
student_317,5,5.0,1.0,80.0,80.0,78.0,79.0,0,"MATH (80<83), SCIENCE (78<83), ENGLISH (79<83)",87.963,0,2.963,83.54,0,-1.46,83.535,0,-1.465,81.313,0,-3.687,77.923,1,2.923,5
student_318,5,5.0,1.0,78.0,77.0,76.0,81.0,0,"MATH (77<83), SCIENCE (76<83), ENGLISH (81<83)",88.58,0,3.58,83.782,0,-1.218,84.322,0,-0.678,84.076,0,-0.924,77.891,1,2.891,5
student_319,5,5.0,1.0,82.0,80.0,80.0,80.0,0,"MATH (80<83), SCIENCE (80<83), ENGLISH (80<83)",88.4,0,3.4,83.027,0,-1.973,85.132,1,0.132,82.333,0,-2.667,77.877,1,2.877,3
student_320,5,5.0,1.0,83.0,81.0,79.0,83.0,0,"MATH (81<83), SCIENCE (79<83)",87.28,0,2.28,83.776,0,-1.224,84.166,0,-0.834,83.517,0,-1.483,77.836,1,2.836,5
student_321,5,4.0,1.0,84.0,84.0,81.0,81.0,0,"SCIENCE (81<83), ENGLISH (81<83)",88.671,0,3.671,82.902,0,-2.098,84.87,0,-0.13,83.362,0,-1.638,77.979,1,2.979,5
student_322,5,4.0,1.0,83.0,82.0,81.0,80.0,0,"MATH (82<83), SCIENCE (81<83), ENGLISH (80<83)",88.304,0,3.304,86.257,1,1.257,84.386,0,-0.614,80.714,0,-4.286,77.918,1,2.918,2
student_323,5,4.0,1.0,88.0,83.0,81.0,79.0,0,"SCIENCE (81<83), ENGLISH (79<83)",88.278,0,3.278,85.684,1,0.684,83.865,0,-1.135,82.409,0,-2.591,78.141,1,3.141,2
student_324,5,4.0,1.0,84.0,80.0,85.0,83.0,0,MATH (80<83),89.096,0,4.096,83.9,0,-1.1,84.554,0,-0.446,83.62,0,-1.38,78.301,1,3.301,5
student_325,5,4.0,1.0,83.0,81.0,82.0,84.0,0,"MATH (81<83), SCIENCE (82<83)",87.989,0,2.989,83.231,0,-1.769,83.721,0,-1.279,82.983,0,-2.017,78.002,1,3.002,5
student_326,5,3.0,1.0,84.0,82.0,81.0,83.0,0,"MATH (82<83), SCIENCE (81<83)",88.481,0,3.481,84.004,0,-0.996,83.899,0,-1.101,85.375,1,0.375,77.967,1,2.967,4
student_327,5,3.0,1.0,84.0,83.0,81.0,81.0,0,"SCIENCE (81<83), ENGLISH (81<83)",89.021,0,4.021,84.765,0,-0.235,84.286,0,-0.714,84.34,0,-0.66,77.987,1,2.987,5
student_328,5,4.0,1.0,88.0,88.0,85.0,89.0,1,Eligible,89.353,1,4.353,85.935,1,0.935,84.352,0,-0.648,84.968,0,-0.032,78.026,1,3.026,1
student_329,5,4.0,1.0,83.0,82.0,84.0,82.0,0,"MATH (82<83), ENGLISH (82<83)",88.105,0,3.105,83.516,0,-1.484,84.249,0,-0.751,82.673,0,-2.327,77.945,1,2.945,5
student_330,5,4.0,1.0,84.0,83.0,80.0,81.0,0,"SCIENCE (80<83), ENGLISH (81<83)",89.386,0,4.386,85.148,1,0.148,84.308,0,-0.692,84.09,0,-0.91,77.916,1,2.916,2
student_331,5,1.0,1.0,89.0,85.0,87.0,82.0,0,ENGLISH (82<83),88.37,0,3.37,83.299,0,-1.701,84.327,0,-0.673,83.298,0,-1.702,77.811,1,2.811,5
student_332,5,4.0,1.0,81.0,79.0,80.0,79.0,0,"MATH (79<83), SCIENCE (80<83), ENGLISH (79<83)",88.697,0,3.697,84.054,0,-0.946,84.126,0,-0.874,81.764,0,-3.236,77.906,1,2.906,5
student_333,5,4.0,1.0,81.0,79.0,80.0,81.0,0,"MATH (79<83), SCIENCE (80<83), ENGLISH (81<83)",88.747,0,3.747,83.216,0,-1.784,84.406,0,-0.594,83.763,0,-1.237,78.034,1,3.034,5
student_334,5,4.0,1.0,82.0,81.0,79.0,81.0,0,"MATH (81<83), SCIENCE (79<83), ENGLISH (81<83)",88.228,0,3.228,83.879,0,-1.121,83.501,0,-1.499,83.49,0,-1.51,77.906,1,2.906,5
student_335,5,4.0,1.0,85.0,80.0,84.0,83.0,0,MATH (80<83),89.483,0,4.483,84.362,0,-0.638,84.741,0,-0.259,83.333,0,-1.667,77.888,1,2.888,5
student_336,5,4.0,1.0,77.0,75.0,78.0,75.0,0,"MATH (75<83), SCIENCE (78<83), ENGLISH (75<83)",87.784,0,2.784,83.383,0,-1.617,84.916,0,-0.084,81.398,0,-3.602,77.937,1,2.937,5
student_337,5,4.0,1.0,81.0,79.0,85.0,83.0,0,MATH (79<83),89.13,0,4.13,84.18,0,-0.82,84.443,0,-0.557,84.175,0,-0.825,78.005,1,3.005,5
student_338,5,4.0,1.0,81.0,80.0,78.0,81.0,0,"MATH (80<83), SCIENCE (78<83), ENGLISH (81<83)",89.913,0,4.913,85.558,1,0.558,84.538,0,-0.462,83.585,0,-1.415,77.373,1,2.373,2
student_339,5,1.0,1.0,80.0,77.0,77.0,79.0,0,"MATH (77<83), SCIENCE (77<83), ENGLISH (79<83)",88.407,0,3.407,82.785,0,-2.215,83.469,0,-1.531,81.169,0,-3.831,78.173,1,3.173,5
student_340,5,1.0,1.0,83.0,79.0,88.0,86.0,0,MATH (79<83),87.961,0,2.961,84.337,0,-0.663,84.016,0,-0.984,83.952,0,-1.048,77.944,1,2.944,5
student_341,5,3.0,1.0,87.0,89.0,83.0,88.0,1,Eligible,87.593,1,2.593,85.377,1,0.377,83.899,0,-1.101,84.378,0,-0.622,77.973,1,2.973,1
student_342,5,4.0,1.0,85.0,77.0,86.0,81.0,0,"MATH (77<83), ENGLISH (81<83)",88.963,0,3.963,85.534,1,0.534,84.559,0,-0.441,84.282,0,-0.718,77.827,1,2.827,2
student_343,5,3.0,1.0,86.0,82.0,85.0,86.0,0,MATH (82<83),90.102,0,5.102,86.39,1,1.39,83.927,0,-1.073,83.296,0,-1.704,77.86,1,2.86,2
student_344,5,1.0,1.0,82.0,81.0,81.0,80.0,0,"MATH (81<83), SCIENCE (81<83), ENGLISH (80<83)",87.888,0,2.888,84.653,0,-0.347,84.201,0,-0.799,84.472,0,-0.528,78.036,1,3.036,5
student_345,5,3.0,1.0,81.0,81.0,81.0,80.0,0,"MATH (81<83), SCIENCE (81<83), ENGLISH (80<83)",88.406,0,3.406,82.935,0,-2.065,83.505,0,-1.495,81.569,0,-3.431,78.003,1,3.003,5
student_346,5,4.0,1.0,83.0,84.0,82.0,82.0,0,"SCIENCE (82<83), ENGLISH (82<83)",88.412,0,3.412,83.223,0,-1.777,83.731,0,-1.269,83.713,0,-1.287,77.922,1,2.922,5
student_347,5,4.0,1.0,84.0,82.0,84.0,81.0,0,"MATH (82<83), ENGLISH (81<83)",90.021,0,5.021,84.798,0,-0.202,84.664,0,-0.336,84.656,0,-0.344,77.973,1,2.973,5
student_348,5,4.0,1.0,85.0,83.0,87.0,83.0,1,Eligible,87.429,1,2.429,83.711,0,-1.289,83.6,0,-1.4,83.634,0,-1.366,78.021,1,3.021,1
student_349,5,2.0,1.0,95.0,96.0,96.0,96.0,1,Eligible,90.225,1,5.225,92.085,1,7.085,89.062,1,4.062,84.147,0,-0.853,77.971,1,2.971,2
student_350,5,5.0,1.0,82.0,80.0,79.0,80.0,0,"MATH (80<83), SCIENCE (79<83), ENGLISH (80<83)",88.334,0,3.334,84.183,0,-0.817,83.695,0,-1.305,81.946,0,-3.054,77.994,1,2.994,5
student_351,5,4.0,1.0,83.0,83.0,80.0,82.0,0,"SCIENCE (80<83), ENGLISH (82<83)",88.598,0,3.598,84.675,0,-0.325,84.158,0,-0.842,84.055,0,-0.945,77.955,1,2.955,5
student_352,5,4.0,1.0,84.0,79.0,86.0,77.0,0,"MATH (79<83), ENGLISH (77<83)",88.432,0,3.432,84.938,0,-0.062,85.026,1,0.026,82.446,0,-2.554,77.986,1,2.986,3
student_353,5,1.0,1.0,82.0,85.0,80.0,82.0,0,"SCIENCE (80<83), ENGLISH (82<83)",88.638,0,3.638,83.243,0,-1.757,84.097,0,-0.903,83.178,0,-1.822,78.037,1,3.037,5
student_354,5,3.0,1.0,83.0,81.0,84.0,79.0,0,"MATH (81<83), ENGLISH (79<83)",87.711,0,2.711,84.273,0,-0.727,84.126,0,-0.874,81.15,0,-3.85,78.047,1,3.047,5
student_355,5,1.0,1.0,87.0,79.0,92.0,82.0,0,"MATH (79<83), ENGLISH (82<83)",89.765,0,4.765,86.911,1,1.911,85.205,1,0.205,84.84,0,-0.16,77.979,1,2.979,2
student_356,5,3.0,1.0,82.0,79.0,83.0,81.0,0,"MATH (79<83), ENGLISH (81<83)",88.636,0,3.636,83.552,0,-1.448,84.209,0,-0.791,83.665,0,-1.335,78.201,1,3.201,5
student_357,5,5.0,1.0,86.0,80.0,86.0,84.0,0,MATH (80<83),88.98,0,3.98,86.062,1,1.062,85.594,1,0.594,83.913,0,-1.087,77.935,1,2.935,2
student_358,5,5.0,1.0,78.0,79.0,85.0,76.0,0,"MATH (79<83), ENGLISH (76<83)",88.179,0,3.179,84.002,0,-0.998,83.883,0,-1.117,81.588,0,-3.412,77.646,1,2.646,5
student_359,5,3.0,1.0,79.0,78.0,78.0,77.0,0,"MATH (78<83), SCIENCE (78<83), ENGLISH (77<83)",88.062,0,3.062,82.47,0,-2.53,83.751,0,-1.249,81.872,0,-3.128,78.029,1,3.029,5
student_360,5,3.0,1.0,84.0,81.0,82.0,85.0,0,"MATH (81<83), SCIENCE (82<83)",88.862,0,3.862,84.928,0,-0.072,85.125,1,0.125,83.391,0,-1.609,77.893,1,2.893,3
student_361,5,5.0,1.0,83.0,78.0,82.0,78.0,0,"MATH (78<83), SCIENCE (82<83), ENGLISH (78<83)",88.457,0,3.457,85.255,1,0.255,84.433,0,-0.567,81.3,0,-3.7,77.925,1,2.925,2
student_362,5,5.0,1.0,82.0,75.0,83.0,83.0,0,MATH (75<83),88.334,0,3.334,84.125,0,-0.875,84.27,0,-0.73,83.582,0,-1.418,77.947,1,2.947,5
student_363,5,2.0,1.0,80.0,77.0,82.0,80.0,0,"MATH (77<83), SCIENCE (82<83), ENGLISH (80<83)",88.671,0,3.671,84.076,0,-0.924,85.078,1,0.078,82.061,0,-2.939,77.979,1,2.979,3
student_364,5,1.0,1.0,80.0,77.0,79.0,75.0,0,"MATH (77<83), SCIENCE (79<83), ENGLISH (75<83)",88.964,0,3.964,83.021,0,-1.979,84.812,0,-0.188,82.339,0,-2.661,77.821,1,2.821,5
student_365,5,2.0,1.0,83.0,85.0,82.0,80.0,0,"SCIENCE (82<83), ENGLISH (80<83)",88.491,0,3.491,83.825,0,-1.175,84.782,0,-0.218,82.39,0,-2.61,77.895,1,2.895,5
student_366,5,5.0,1.0,81.0,79.0,80.0,80.0,0,"MATH (79<83), SCIENCE (80<83), ENGLISH (80<83)",89.134,0,4.134,84.696,0,-0.304,84.664,0,-0.336,82.4,0,-2.6,77.957,1,2.957,5
student_367,5,2.0,1.0,78.0,76.0,80.0,75.0,0,"MATH (76<83), SCIENCE (80<83), ENGLISH (75<83)",88.778,0,3.778,84.222,0,-0.778,84.128,0,-0.872,82.171,0,-2.829,77.977,1,2.977,5
student_368,5,5.0,1.0,82.0,81.0,81.0,81.0,0,"MATH (81<83), SCIENCE (81<83), ENGLISH (81<83)",88.794,0,3.794,84.141,0,-0.859,83.964,0,-1.036,84.362,0,-0.638,77.937,1,2.937,5
student_369,5,5.0,1.0,80.0,79.0,79.0,78.0,0,"MATH (79<83), SCIENCE (79<83), ENGLISH (78<83)",88.682,0,3.682,84.078,0,-0.922,84.267,0,-0.733,82.061,0,-2.939,77.981,1,2.981,5
student_370,5,5.0,1.0,83.0,84.0,81.0,84.0,0,SCIENCE (81<83),88.59,0,3.59,82.757,0,-2.243,84.437,0,-0.563,82.999,0,-2.001,77.911,1,2.911,5
student_371,5,2.0,1.0,81.0,78.0,84.0,80.0,0,"MATH (78<83), ENGLISH (80<83)",88.445,0,3.445,83.665,0,-1.335,84.052,0,-0.948,81.849,0,-3.151,78.045,1,3.045,5
student_372,5,5.0,1.0,82.0,80.0,82.0,83.0,0,"MATH (80<83), SCIENCE (82<83)",88.035,0,3.035,83.462,0,-1.538,83.903,0,-1.097,82.551,0,-2.449,77.945,1,2.945,5
student_373,5,5.0,1.0,83.0,82.0,82.0,84.0,0,"MATH (82<83), SCIENCE (82<83)",88.391,0,3.391,84.18,0,-0.82,84.078,0,-0.922,83.728,0,-1.272,78.097,1,3.097,5
student_374,5,3.0,1.0,82.0,81.0,81.0,82.0,0,"MATH (81<83), SCIENCE (81<83), ENGLISH (82<83)",88.313,0,3.313,84.083,0,-0.917,84.125,0,-0.875,83.782,0,-1.218,77.929,1,2.929,5
student_375,5,3.0,1.0,87.0,86.0,86.0,87.0,1,Eligible,89.481,1,4.481,86.405,1,1.405,84.522,0,-0.478,84.233,0,-0.767,77.998,1,2.998,1
student_376,5,5.0,1.0,81.0,76.0,79.0,83.0,0,"MATH (76<83), SCIENCE (79<83)",88.334,0,3.334,84.859,0,-0.141,84.189,0,-0.811,83.89,0,-1.11,78.109,1,3.109,5
student_377,5,2.0,1.0,85.0,82.0,82.0,84.0,0,"MATH (82<83), SCIENCE (82<83)",88.329,0,3.329,86.332,1,1.332,85.373,1,0.373,84.363,0,-0.637,77.522,1,2.522,2
student_378,5,5.0,1.0,83.0,82.0,82.0,82.0,0,"MATH (82<83), SCIENCE (82<83), ENGLISH (82<83)",88.754,0,3.754,83.69,0,-1.31,83.93,0,-1.07,83.418,0,-1.582,77.801,1,2.801,5
student_379,5,5.0,1.0,88.0,86.0,88.0,89.0,1,Eligible,89.941,1,4.941,85.418,1,0.418,84.825,0,-0.175,84.189,0,-0.811,77.939,1,2.939,1
student_380,5,5.0,1.0,81.0,80.0,81.0,82.0,0,"MATH (80<83), SCIENCE (81<83), ENGLISH (82<83)",88.48,0,3.48,84.413,0,-0.587,84.077,0,-0.923,83.403,0,-1.597,77.865,1,2.865,5
student_381,5,2.0,1.0,83.0,85.0,85.0,78.0,0,ENGLISH (78<83),88.223,0,3.223,82.31,0,-2.69,84.398,0,-0.602,81.263,0,-3.737,77.92,1,2.92,5
student_382,5,5.0,1.0,83.0,83.0,83.0,83.0,1,Eligible,88.276,1,3.276,83.012,0,-1.988,83.995,0,-1.005,82.346,0,-2.654,78.051,1,3.051,1
student_383,5,5.0,1.0,88.0,90.0,91.0,83.0,1,Eligible,89.51,1,4.51,85.109,1,0.109,85.097,1,0.097,83.919,0,-1.081,77.899,1,2.899,1
student_384,5,5.0,1.0,82.0,85.0,78.0,79.0,0,"SCIENCE (78<83), ENGLISH (79<83)",88.539,0,3.539,83.48,0,-1.52,83.869,0,-1.131,81.906,0,-3.094,77.54,1,2.54,5
student_385,5,5.0,1.0,83.0,78.0,82.0,82.0,0,"MATH (78<83), SCIENCE (82<83), ENGLISH (82<83)",87.875,0,2.875,83.201,0,-1.799,84.092,0,-0.908,83.001,0,-1.999,77.822,1,2.822,5
student_386,5,5.0,1.0,83.0,80.0,81.0,80.0,0,"MATH (80<83), SCIENCE (81<83), ENGLISH (80<83)",88.689,0,3.689,83.454,0,-1.546,83.939,0,-1.061,81.846,0,-3.154,77.855,1,2.855,5
student_387,5,3.0,1.0,83.0,82.0,77.0,81.0,0,"MATH (82<83), SCIENCE (77<83), ENGLISH (81<83)",88.763,0,3.763,85.44,1,0.44,84.532,0,-0.468,83.663,0,-1.337,78.077,1,3.077,2
student_388,5,5.0,1.0,82.0,81.0,81.0,82.0,0,"MATH (81<83), SCIENCE (81<83), ENGLISH (82<83)",88.898,0,3.898,85.949,1,0.949,83.967,0,-1.033,84.969,0,-0.031,77.979,1,2.979,2
student_390,5,5.0,1.0,81.0,81.0,81.0,82.0,0,"MATH (81<83), SCIENCE (81<83), ENGLISH (82<83)",89.097,0,4.097,83.6,0,-1.4,84.334,0,-0.666,84.902,0,-0.098,77.837,1,2.837,5
student_391,5,5.0,1.0,80.0,77.0,84.0,82.0,0,"MATH (77<83), ENGLISH (82<83)",88.729,0,3.729,83.953,0,-1.047,83.849,0,-1.151,83.057,0,-1.943,77.998,1,2.998,5
student_392,5,2.0,1.0,82.0,79.0,83.0,81.0,0,"MATH (79<83), ENGLISH (81<83)",88.282,0,3.282,83.011,0,-1.989,84.259,0,-0.741,82.718,0,-2.282,77.884,1,2.884,5
student_393,5,2.0,1.0,84.0,80.0,89.0,85.0,0,MATH (80<83),87.948,0,2.948,85.564,1,0.564,83.994,0,-1.006,83.289,0,-1.711,77.882,1,2.882,2
student_394,5,5.0,1.0,78.0,77.0,77.0,76.0,0,"MATH (77<83), SCIENCE (77<83), ENGLISH (76<83)",88.425,0,3.425,84.317,0,-0.683,84.185,0,-0.815,82.253,0,-2.747,77.98,1,2.98,5
student_395,2,5.0,1.0,85.0,87.0,84.0,93.0,1,Eligible,90.863,1,5.863,83.572,0,-1.428,84.656,0,-0.344,83.678,0,-1.322,77.708,1,2.708,1
student_396,2,5.0,1.0,87.0,80.0,90.0,86.0,0,MATH (80<83),89.367,0,4.367,88.009,1,3.009,84.826,0,-0.174,83.905,0,-1.095,77.904,1,2.904,2
student_397,2,2.0,1.0,89.0,87.0,89.0,89.0,1,Eligible,89.717,1,4.717,89.99,1,4.99,85.078,1,0.078,84.064,0,-0.936,78.217,1,3.217,2
student_398,2,2.0,1.0,87.0,84.0,86.0,85.0,1,Eligible,87.905,1,2.905,83.021,0,-1.979,85.163,1,0.163,83.62,0,-1.38,77.852,1,2.852,1
student_399,2,2.0,1.0,86.0,87.0,83.0,89.0,1,Eligible,89.819,1,4.819,85.597,1,0.597,84.38,0,-0.62,84.26,0,-0.74,77.883,1,2.883,1
student_400,2,2.0,1.0,87.0,91.0,84.0,89.0,1,Eligible,90.1,1,5.1,84.013,0,-0.987,84.684,0,-0.316,84.165,0,-0.835,77.915,1,2.915,1
student_401,2,2.0,1.0,88.0,87.0,86.0,90.0,1,Eligible,90.251,1,5.251,89.909,1,4.909,84.549,0,-0.451,83.957,0,-1.043,77.605,1,2.605,1
student_402,2,2.0,1.0,89.0,85.0,90.0,94.0,1,Eligible,89.999,1,4.999,91.003,1,6.003,85.257,1,0.257,83.695,0,-1.305,77.867,1,2.867,2
student_403,2,2.0,1.0,90.0,89.0,88.0,89.0,1,Eligible,90.256,1,5.256,90.986,1,5.986,86.039,1,1.039,85.356,1,0.356,79.03,1,4.03,2
student_404,2,2.0,1.0,88.0,90.0,88.0,88.0,1,Eligible,89.278,1,4.278,84.009,0,-0.991,84.659,0,-0.341,84.472,0,-0.528,77.934,1,2.934,1
student_405,2,2.0,1.0,89.0,88.0,89.0,86.0,1,Eligible,89.088,1,4.088,89.247,1,4.247,85.283,1,0.283,84.393,0,-0.607,78.181,1,3.181,2
student_406,2,1.0,1.0,93.0,93.0,93.0,93.0,1,Eligible,90.29,1,5.29,93.992,1,8.992,89.369,1,4.369,84.14,0,-0.86,78.735,1,3.735,2
student_407,2,2.0,1.0,90.0,88.0,87.0,90.0,1,Eligible,89.78,1,4.78,88.915,1,3.915,85.551,1,0.551,83.978,0,-1.022,78.532,1,3.532,1
student_408,2,2.0,1.0,91.0,91.0,90.0,91.0,1,Eligible,88.79,1,3.79,91.997,1,6.997,87.598,1,2.598,84.042,0,-0.958,78.449,1,3.449,2
student_409,2,6.0,0.0,90.0,89.0,88.0,88.0,1,Eligible,89.573,1,4.573,88.034,1,3.034,86.424,1,1.424,83.723,0,-1.277,78.791,1,3.791,1
student_410,2,2.0,1.0,89.0,84.0,89.0,88.0,1,Eligible,89.92,1,4.92,90.985,1,5.985,85.743,1,0.743,83.926,0,-1.074,78.008,1,3.008,2
student_411,2,2.0,1.0,92.0,89.0,93.0,89.0,1,Eligible,89.413,1,4.413,92.971,1,7.971,87.628,1,2.628,83.971,0,-1.029,78.617,1,3.617,2
student_412,2,2.0,1.0,86.0,86.0,88.0,88.0,1,Eligible,89.819,1,4.819,83.013,0,-1.987,83.94,0,-1.06,84.431,0,-0.569,77.796,1,2.796,1
student_413,2,2.0,1.0,87.0,85.0,86.0,88.0,1,Eligible,88.517,1,3.517,87.604,1,2.604,85.319,1,0.319,84.224,0,-0.776,76.713,1,1.713,1
student_414,2,2.0,1.0,90.0,90.0,89.0,87.0,1,Eligible,89.416,1,4.416,90.95,1,5.95,85.866,1,0.866,84.241,0,-0.759,78.983,1,3.983,2
student_415,2,6.0,0.0,88.0,88.0,87.0,88.0,1,Eligible,90.07,1,5.07,84.998,0,-0.002,84.593,0,-0.407,83.501,0,-1.499,77.672,1,2.672,1
student_416,2,6.0,0.0,84.0,84.0,86.0,84.0,1,Eligible,88.891,1,3.891,80.99,0,-4.01,84.784,0,-0.216,83.668,0,-1.332,77.878,1,2.878,1
student_417,2,2.0,1.0,90.0,87.0,89.0,91.0,1,Eligible,89.838,1,4.838,88.471,1,3.471,85.185,1,0.185,83.847,0,-1.153,79.244,1,4.244,1
student_418,2,2.0,1.0,89.0,88.0,87.0,88.0,1,Eligible,88.709,1,3.709,84.993,0,-0.007,85.282,1,0.282,83.82,0,-1.18,78.319,1,3.319,1
student_419,3,3.0,1.0,85.0,83.0,84.0,85.0,1,Eligible,89.008,1,4.008,86.416,1,1.416,85.155,1,0.155,84.141,0,-0.859,78.477,1,3.477,1
student_420,5,2.0,1.0,83.0,83.0,84.0,82.0,0,ENGLISH (82<83),88.334,0,3.334,83.919,0,-1.081,84.814,0,-0.186,82.586,0,-2.414,78.159,1,3.159,5
student_421,5,3.0,1.0,79.0,75.0,80.0,80.0,0,"MATH (75<83), SCIENCE (80<83), ENGLISH (80<83)",88.223,0,3.223,82.682,0,-2.318,84.185,0,-0.815,81.643,0,-3.357,77.925,1,2.925,5
student_422,5,5.0,1.0,81.0,77.0,80.0,82.0,0,"MATH (77<83), SCIENCE (80<83), ENGLISH (82<83)",88.153,0,3.153,83.426,0,-1.574,83.935,0,-1.065,83.53,0,-1.47,78.067,1,3.067,5
student_423,5,2.0,1.0,85.0,85.0,83.0,83.0,1,Eligible,88.773,1,3.773,84.836,0,-0.164,84.263,0,-0.737,83.311,0,-1.689,77.921,1,2.921,1
student_424,5,5.0,1.0,76.0,75.0,76.0,77.0,0,"MATH (75<83), SCIENCE (76<83), ENGLISH (77<83)",88.17,0,3.17,82.667,0,-2.333,85.041,1,0.041,81.332,0,-3.668,77.979,1,2.979,3
student_425,5,5.0,1.0,79.0,79.0,76.0,78.0,0,"MATH (79<83), SCIENCE (76<83), ENGLISH (78<83)",88.751,0,3.751,84.018,0,-0.982,84.516,0,-0.484,80.761,0,-4.239,78.042,1,3.042,5
student_426,5,5.0,1.0,80.0,77.0,81.0,82.0,0,"MATH (77<83), SCIENCE (81<83), ENGLISH (82<83)",88.078,0,3.078,83.081,0,-1.919,84.205,0,-0.795,83.861,0,-1.139,78.037,1,3.037,5
student_427,5,5.0,1.0,75.0,75.0,75.0,75.0,0,"MATH (75<83), SCIENCE (75<83), ENGLISH (75<83)",88.005,0,3.005,83.194,0,-1.806,83.564,0,-1.436,81.271,0,-3.729,77.933,1,2.933,5
student_428,5,5.0,1.0,78.0,78.0,77.0,76.0,0,"MATH (78<83), SCIENCE (77<83), ENGLISH (76<83)",88.113,0,3.113,84.371,0,-0.629,84.612,0,-0.388,81.928,0,-3.072,77.773,1,2.773,5
student_429,5,5.0,1.0,81.0,76.0,81.0,81.0,0,"MATH (76<83), SCIENCE (81<83), ENGLISH (81<83)",88.569,0,3.569,84.827,0,-0.173,84.396,0,-0.604,85.67,1,0.67,77.973,1,2.973,4
student_430,5,1.0,1.0,80.0,80.0,80.0,78.0,0,"MATH (80<83), SCIENCE (80<83), ENGLISH (78<83)",88.197,0,3.197,84.388,0,-0.612,84.152,0,-0.848,82.551,0,-2.449,77.948,1,2.948,5
student_431,5,5.0,1.0,78.0,78.0,76.0,77.0,0,"MATH (78<83), SCIENCE (76<83), ENGLISH (77<83)",88.612,0,3.612,83.237,0,-1.763,84.593,0,-0.407,82.259,0,-2.741,78.045,1,3.045,5
student_432,5,5.0,1.0,78.0,77.0,77.0,76.0,0,"MATH (77<83), SCIENCE (77<83), ENGLISH (76<83)",88.051,0,3.051,82.812,0,-2.188,84.461,0,-0.539,81.245,0,-3.755,77.882,1,2.882,5
student_433,5,3.0,1.0,80.0,79.0,83.0,80.0,0,"MATH (79<83), ENGLISH (80<83)",88.273,0,3.273,83.627,0,-1.373,84.878,0,-0.122,81.248,0,-3.752,76.19,1,1.19,5
student_434,5,3.0,1.0,80.0,76.0,76.0,76.0,0,"MATH (76<83), SCIENCE (76<83), ENGLISH (76<83)",88.393,0,3.393,83.458,0,-1.542,84.853,0,-0.147,81.314,0,-3.686,77.971,1,2.971,5
student_435,5,3.0,1.0,79.0,76.0,78.0,80.0,0,"MATH (76<83), SCIENCE (78<83), ENGLISH (80<83)",88.032,0,3.032,83.314,0,-1.686,84.813,0,-0.187,81.263,0,-3.737,77.623,1,2.623,5
student_436,5,5.0,1.0,79.0,80.0,77.0,79.0,0,"MATH (80<83), SCIENCE (77<83), ENGLISH (79<83)",87.581,0,2.581,83.897,0,-1.103,84.4,0,-0.6,82.908,0,-2.092,77.998,1,2.998,5
student_437,5,5.0,1.0,85.0,85.0,82.0,85.0,0,SCIENCE (82<83),87.695,0,2.695,84.463,0,-0.537,84.343,0,-0.657,83.77,0,-1.23,77.945,1,2.945,5
student_438,5,3.0,1.0,86.0,82.0,83.0,84.0,0,MATH (82<83),89.034,0,4.034,86.214,1,1.214,84.516,0,-0.484,84.038,0,-0.962,77.923,1,2.923,2
student_439,5,3.0,1.0,80.0,77.0,81.0,78.0,0,"MATH (77<83), SCIENCE (81<83), ENGLISH (78<83)",88.307,0,3.307,84.354,0,-0.646,84.29,0,-0.71,82.347,0,-2.653,77.92,1,2.92,5
student_440,5,3.0,1.0,83.0,77.0,82.0,76.0,0,"MATH (77<83), SCIENCE (82<83), ENGLISH (76<83)",88.05,0,3.05,84.983,0,-0.017,84.429,0,-0.571,82.404,0,-2.596,77.877,1,2.877,5
student_441,5,3.0,1.0,83.0,81.0,80.0,81.0,0,"MATH (81<83), SCIENCE (80<83), ENGLISH (81<83)",88.507,0,3.507,84.065,0,-0.935,85.064,1,0.064,83.866,0,-1.134,78.031,1,3.031,3
student_442,5,2.0,1.0,86.0,91.0,85.0,83.0,1,Eligible,88.027,1,3.027,84.683,0,-0.317,84.456,0,-0.544,84.33,0,-0.67,77.919,1,2.919,1
student_443,5,2.0,1.0,78.0,75.0,75.0,77.0,0,"MATH (75<83), SCIENCE (75<83), ENGLISH (77<83)",88.83,0,3.83,83.859,0,-1.141,84.531,0,-0.469,82.782,0,-2.218,78.365,1,3.365,5
student_444,1,1.0,1.0,95.0,93.0,93.0,94.0,1,Eligible,89.874,1,4.874,90.678,1,5.678,89.119,1,4.119,84.367,0,-0.633,79.594,1,4.594,2
student_445,5,5.0,1.0,79.0,76.0,76.0,78.0,0,"MATH (76<83), SCIENCE (76<83), ENGLISH (78<83)",88.366,0,3.366,83.402,0,-1.598,83.83,0,-1.17,82.246,0,-2.754,78.011,1,3.011,5
student_446,5,2.0,1.0,82.0,78.0,83.0,84.0,0,MATH (78<83),88.533,0,3.533,84.122,0,-0.878,84.105,0,-0.895,83.287,0,-1.713,78.002,1,3.002,5
student_447,5,2.0,1.0,82.0,77.0,87.0,81.0,0,"MATH (77<83), ENGLISH (81<83)",87.695,0,2.695,84.205,0,-0.795,83.535,0,-1.465,84.117,0,-0.883,77.859,1,2.859,5
student_448,5,5.0,1.0,86.0,88.0,87.0,85.0,1,Eligible,88.888,1,3.888,84.504,0,-0.496,83.792,0,-1.208,84.323,0,-0.677,77.962,1,2.962,1
student_449,5,2.0,1.0,80.0,76.0,76.0,76.0,0,"MATH (76<83), SCIENCE (76<83), ENGLISH (76<83)",88.245,0,3.245,83.765,0,-1.235,84.374,0,-0.626,81.305,0,-3.695,78.045,1,3.045,5
student_450,5,2.0,1.0,85.0,78.0,83.0,87.0,0,MATH (78<83),88.44,0,3.44,87.995,1,2.995,85.008,1,0.008,85.843,1,0.843,78.052,1,3.052,2
student_451,5,3.0,1.0,82.0,85.0,79.0,78.0,0,"SCIENCE (79<83), ENGLISH (78<83)",87.922,0,2.922,84.451,0,-0.549,84.889,0,-0.111,81.923,0,-3.077,78.045,1,3.045,5
student_452,5,3.0,1.0,77.0,76.0,76.0,76.0,0,"MATH (76<83), SCIENCE (76<83), ENGLISH (76<83)",88.428,0,3.428,84.375,0,-0.625,83.336,0,-1.664,82.42,0,-2.58,77.866,1,2.866,5
student_453,5,3.0,1.0,79.0,80.0,77.0,77.0,0,"MATH (80<83), SCIENCE (77<83), ENGLISH (77<83)",88.365,0,3.365,83.671,0,-1.329,85.021,1,0.021,81.469,0,-3.531,77.967,1,2.967,3
student_454,5,3.0,1.0,81.0,82.0,80.0,80.0,0,"MATH (82<83), SCIENCE (80<83), ENGLISH (80<83)",88.538,0,3.538,83.801,0,-1.199,85.35,1,0.35,82.743,0,-2.257,77.888,1,2.888,3
student_455,3,3.0,1.0,85.0,82.0,85.0,85.0,0,MATH (82<83),88.135,0,3.135,84.911,0,-0.089,85.664,1,0.664,85.188,1,0.188,78.202,1,3.202,3
student_456,3,3.0,1.0,83.0,81.0,83.0,83.0,0,MATH (81<83),87.68,0,2.68,84.794,0,-0.206,82.671,0,-2.329,85.173,1,0.173,79.186,1,4.186,4
student_457,3,3.0,1.0,92.0,89.0,92.0,93.0,1,Eligible,90.127,1,5.127,89.196,1,4.196,91.105,1,6.105,83.987,0,-1.013,78.367,1,3.367,3
student_458,3,5.0,1.0,87.0,85.0,86.0,87.0,1,Eligible,87.509,1,2.509,86.899,1,1.899,84.564,0,-0.436,84.438,0,-0.562,77.913,1,2.913,1
student_459,3,3.0,1.0,91.0,92.0,88.0,92.0,1,Eligible,89.44,1,4.44,87.761,1,2.761,86.205,1,1.205,84.089,0,-0.911,77.872,1,2.872,1
student_460,3,4.0,1.0,86.0,84.0,86.0,86.0,1,Eligible,88.514,1,3.514,83.721,0,-1.279,82.89,0,-2.11,84.016,0,-0.984,77.661,1,2.661,1
student_461,3,3.0,1.0,87.0,83.0,87.0,85.0,1,Eligible,88.155,1,3.155,85.231,1,0.231,86.22,1,1.22,84.088,0,-0.912,77.666,1,2.666,1
student_462,3,3.0,1.0,87.0,85.0,87.0,86.0,1,Eligible,88.521,1,3.521,86.707,1,1.707,82.121,0,-2.879,83.95,0,-1.05,77.64,1,2.64,1
student_463,3,3.0,1.0,90.0,86.0,91.0,91.0,1,Eligible,90.22,1,5.22,88.776,1,3.776,85.889,1,0.889,84.383,0,-0.617,78.982,1,3.982,1
student_464,3,3.0,1.0,90.0,88.0,91.0,91.0,1,Eligible,89.945,1,4.945,89.016,1,4.016,84.775,0,-0.225,84.015,0,-0.985,79.485,1,4.485,1
student_465,3,1.0,1.0,88.0,82.0,87.0,87.0,0,MATH (82<83),90.775,0,5.775,86.75,1,1.75,84.66,0,-0.34,85.0,1,0.0,79.145,1,4.145,2
student_466,3,3.0,1.0,86.0,86.0,84.0,84.0,1,Eligible,87.957,1,2.957,85.795,1,0.795,85.158,1,0.158,83.544,0,-1.456,78.702,1,3.702,1
student_467,3,3.0,1.0,91.0,89.0,91.0,88.0,1,Eligible,88.645,1,3.645,89.3,1,4.3,89.557,1,4.557,84.199,0,-0.801,79.196,1,4.196,3
student_468,3,3.0,1.0,89.0,86.0,87.0,90.0,1,Eligible,88.808,1,3.808,87.323,1,2.323,84.88,0,-0.12,84.113,0,-0.887,77.382,1,2.382,1
student_469,3,3.0,1.0,90.0,89.0,88.0,90.0,1,Eligible,88.835,1,3.835,89.342,1,4.342,85.665,1,0.665,84.122,0,-0.878,77.94,1,2.94,2
student_470,3,1.0,1.0,84.0,84.0,83.0,83.0,1,Eligible,88.679,1,3.679,85.411,1,0.411,85.109,1,0.109,83.728,0,-1.272,77.934,1,2.934,1
student_471,3,5.0,1.0,87.0,85.0,89.0,88.0,1,Eligible,88.273,1,3.273,86.759,1,1.759,84.946,0,-0.054,84.228,0,-0.772,77.477,1,2.477,1
student_472,3,3.0,1.0,89.0,90.0,89.0,89.0,1,Eligible,89.217,1,4.217,87.522,1,2.522,84.888,0,-0.112,83.873,0,-1.127,77.392,1,2.392,1
student_473,3,5.0,1.0,88.0,93.0,89.0,86.0,1,Eligible,88.494,1,3.494,85.239,1,0.239,84.666,0,-0.334,84.053,0,-0.947,76.926,1,1.926,1
student_474,3,4.0,1.0,86.0,84.0,83.0,84.0,1,Eligible,88.177,1,3.177,83.507,0,-1.493,84.224,0,-0.776,83.901,0,-1.099,78.179,1,3.179,1
student_475,3,5.0,1.0,90.0,91.0,90.0,88.0,1,Eligible,89.587,1,4.587,88.441,1,3.441,86.333,1,1.333,83.969,0,-1.031,78.701,1,3.701,1
student_476,3,5.0,1.0,87.0,86.0,88.0,88.0,1,Eligible,89.153,1,4.153,85.149,1,0.149,82.78,0,-2.22,84.061,0,-0.939,77.625,1,2.625,1
student_477,3,4.0,1.0,90.0,90.0,84.0,85.0,1,Eligible,90.082,1,5.082,88.23,1,3.23,84.447,0,-0.553,83.94,0,-1.06,78.68,1,3.68,1
student_478,2,1.0,1.0,87.0,87.0,89.0,88.0,1,Eligible,88.126,1,3.126,83.02,0,-1.98,83.981,0,-1.019,84.927,0,-0.073,78.193,1,3.193,1
student_479,2,5.0,1.0,89.0,90.0,86.0,93.0,1,Eligible,89.804,1,4.804,88.987,1,3.987,85.016,1,0.016,84.385,0,-0.615,77.472,1,2.472,1
student_480,2,5.0,1.0,86.0,87.0,84.0,88.0,1,Eligible,88.649,1,3.649,82.007,0,-2.993,84.466,0,-0.534,84.049,0,-0.951,79.436,1,4.436,1
student_481,2,2.0,1.0,87.0,86.0,86.0,85.0,1,Eligible,89.768,1,4.768,86.989,1,1.989,84.536,0,-0.464,84.335,0,-0.665,77.256,1,2.256,1
student_482,2,2.0,1.0,84.0,85.0,82.0,83.0,0,SCIENCE (82<83),88.104,0,3.104,82.599,0,-2.401,84.109,0,-0.891,84.181,0,-0.819,79.382,1,4.382,5
student_483,2,2.0,1.0,87.0,84.0,87.0,88.0,1,Eligible,89.612,1,4.612,87.98,1,2.98,83.834,0,-1.166,83.889,0,-1.111,77.595,1,2.595,1
student_484,2,5.0,1.0,88.0,91.0,88.0,91.0,1,Eligible,88.354,1,3.354,86.455,1,1.455,84.312,0,-0.688,85.646,1,0.646,78.146,1,3.146,1
student_485,2,4.0,1.0,93.0,95.0,95.0,93.0,1,Eligible,91.052,1,6.052,90.821,1,5.821,89.158,1,4.158,84.278,0,-0.722,78.263,1,3.263,1
student_486,2,2.0,1.0,90.0,90.0,89.0,89.0,1,Eligible,89.075,1,4.075,89.998,1,4.998,85.696,1,0.696,84.171,0,-0.829,78.482,1,3.482,2
student_487,2,2.0,1.0,87.0,87.0,86.0,88.0,1,Eligible,88.569,1,3.569,85.374,1,0.374,84.056,0,-0.944,84.147,0,-0.853,78.267,1,3.267,1
student_488,2,1.0,1.0,87.0,82.0,86.0,89.0,0,MATH (82<83),88.548,0,3.548,86.99,1,1.99,84.281,0,-0.719,84.249,0,-0.751,79.041,1,4.041,2
student_489,2,2.0,1.0,90.0,91.0,91.0,89.0,1,Eligible,88.84,1,3.84,90.22,1,5.22,86.19,1,1.19,84.361,0,-0.639,78.929,1,3.929,2
student_490,2,5.0,1.0,88.0,85.0,86.0,88.0,1,Eligible,88.738,1,3.738,88.018,1,3.018,85.046,1,0.046,83.94,0,-1.06,78.199,1,3.199,1
student_491,2,2.0,1.0,94.0,95.0,92.0,95.0,1,Eligible,89.74,1,4.74,93.986,1,8.986,88.626,1,3.626,83.984,0,-1.016,78.94,1,3.94,2
student_492,2,2.0,1.0,92.0,91.0,91.0,95.0,1,Eligible,90.092,1,5.092,92.005,1,7.005,87.653,1,2.653,84.22,0,-0.78,78.59,1,3.59,2
student_493,2,2.0,1.0,88.0,90.0,87.0,87.0,1,Eligible,88.891,1,3.891,84.008,0,-0.992,84.316,0,-0.684,84.497,0,-0.503,77.475,1,2.475,1
student_494,2,2.0,1.0,87.0,86.0,87.0,88.0,1,Eligible,88.886,1,3.886,86.987,1,1.987,84.677,0,-0.323,84.861,0,-0.139,78.341,1,3.341,1
student_495,2,2.0,1.0,87.0,88.0,83.0,86.0,1,Eligible,88.827,1,3.827,83.008,0,-1.992,83.965,0,-1.035,84.349,0,-0.651,77.833,1,2.833,1
student_496,2,2.0,1.0,87.0,88.0,87.0,86.0,1,Eligible,88.327,1,3.327,86.992,1,1.992,84.304,0,-0.696,85.297,1,0.297,78.547,1,3.547,1
student_497,2,2.0,1.0,87.0,83.0,88.0,84.0,1,Eligible,88.143,1,3.143,87.012,1,2.012,84.823,0,-0.177,83.909,0,-1.091,78.031,1,3.031,1
student_498,2,2.0,1.0,90.0,91.0,90.0,91.0,1,Eligible,89.396,1,4.396,90.007,1,5.007,86.503,1,1.503,84.583,0,-0.417,78.464,1,3.464,2
student_499,2,4.0,1.0,89.0,84.0,91.0,91.0,1,Eligible,90.28,1,5.28,87.528,1,2.528,86.923,1,1.923,84.363,0,-0.637,78.075,1,3.075,1
student_500,2,2.0,1.0,90.0,90.0,88.0,91.0,1,Eligible,89.235,1,4.235,86.003,1,1.003,85.888,1,0.888,84.293,0,-0.707,78.42,1,3.42,1
student_501,2,4.0,1.0,90.0,85.0,89.0,91.0,1,Eligible,88.119,1,3.119,90.999,1,5.999,86.841,1,1.841,84.404,0,-0.596,78.459,1,3.459,2
student_502,2,2.0,1.0,89.0,87.0,90.0,90.0,1,Eligible,89.703,1,4.703,85.01,1,0.01,85.151,1,0.151,84.66,0,-0.34,77.577,1,2.577,1
student_503,2,5.0,1.0,90.0,89.0,87.0,88.0,1,Eligible,88.947,1,3.947,89.659,1,4.659,85.697,1,0.697,84.428,0,-0.572,78.62,1,3.62,2
student_504,2,5.0,1.0,90.0,87.0,91.0,93.0,1,Eligible,90.633,1,5.633,91.004,1,6.004,86.812,1,1.812,84.011,0,-0.989,79.157,1,4.157,2
student_505,2,2.0,1.0,88.0,84.0,85.0,88.0,1,Eligible,88.205,1,3.205,85.032,1,0.032,85.355,1,0.355,83.873,0,-1.127,78.315,1,3.315,1
student_506,2,1.0,1.0,92.0,90.0,92.0,94.0,1,Eligible,90.518,1,5.518,93.001,1,8.001,88.266,1,3.266,84.192,0,-0.808,77.874,1,2.874,2
student_507,2,4.0,1.0,87.0,80.0,88.0,84.0,0,MATH (80<83),88.761,0,3.761,87.997,1,2.997,85.463,1,0.463,84.371,0,-0.629,78.032,1,3.032,2
student_508,2,2.0,1.0,89.0,89.0,87.0,92.0,1,Eligible,89.213,1,4.213,85.011,1,0.011,85.538,1,0.538,84.215,0,-0.785,78.348,1,3.348,1
student_509,2,2.0,1.0,90.0,89.0,90.0,89.0,1,Eligible,90.492,1,5.492,90.018,1,5.018,87.146,1,2.146,84.728,0,-0.272,77.798,1,2.798,1
student_510,2,2.0,1.0,84.0,79.0,85.0,81.0,0,"MATH (79<83), ENGLISH (81<83)",87.562,0,2.562,85.997,1,0.997,84.365,0,-0.635,83.011,0,-1.989,78.058,1,3.058,2
student_511,2,2.0,1.0,85.0,79.0,85.0,84.0,0,MATH (79<83),88.355,0,3.355,87.806,1,2.806,83.917,0,-1.083,84.132,0,-0.868,78.375,1,3.375,2
student_512,2,2.0,1.0,87.0,80.0,84.0,90.0,0,MATH (80<83),89.978,0,4.978,87.802,1,2.802,84.885,0,-0.115,84.081,0,-0.919,77.655,1,2.655,2
student_513,2,2.0,1.0,89.0,88.0,90.0,90.0,1,Eligible,89.461,1,4.461,87.807,1,2.807,86.096,1,1.096,84.49,0,-0.51,79.237,1,4.237,1
student_514,2,2.0,1.0,88.0,87.0,91.0,92.0,1,Eligible,89.879,1,4.879,87.792,1,2.792,84.347,0,-0.653,83.366,0,-1.634,77.915,1,2.915,1
student_515,2,5.0,1.0,85.0,82.0,84.0,89.0,0,MATH (82<83),88.809,0,3.809,87.822,1,2.822,84.938,0,-0.062,85.52,1,0.52,78.015,1,3.015,2
student_516,2,2.0,1.0,93.0,92.0,92.0,92.0,1,Eligible,89.649,1,4.649,87.818,1,2.818,87.893,1,2.893,84.499,0,-0.501,78.603,1,3.603,1
student_517,2,2.0,1.0,94.0,96.0,92.0,95.0,1,Eligible,89.7,1,4.7,87.823,1,2.823,89.364,1,4.364,83.629,0,-1.371,78.607,1,3.607,1
student_518,2,3.0,1.0,92.0,92.0,95.0,91.0,1,Eligible,89.638,1,4.638,87.839,1,2.839,87.878,1,2.878,83.792,0,-1.208,78.504,1,3.504,1
student_519,2,2.0,1.0,88.0,87.0,87.0,87.0,1,Eligible,87.529,1,2.529,87.822,1,2.822,85.069,1,0.069,84.719,0,-0.281,77.698,1,2.698,2
student_520,2,2.0,1.0,91.0,88.0,90.0,91.0,1,Eligible,89.861,1,4.861,87.799,1,2.799,86.466,1,1.466,84.053,0,-0.947,78.753,1,3.753,1
student_521,2,1.0,1.0,91.0,89.0,89.0,91.0,1,Eligible,89.749,1,4.749,91.183,1,6.183,86.379,1,1.379,83.915,0,-1.085,78.531,1,3.531,2
student_522,2,2.0,1.0,87.0,82.0,90.0,87.0,0,MATH (82<83),89.64,0,4.64,88.368,1,3.368,84.252,0,-0.748,84.291,0,-0.709,78.079,1,3.079,2
student_523,2,2.0,1.0,90.0,86.0,90.0,89.0,1,Eligible,90.394,1,5.394,87.831,1,2.831,86.457,1,1.457,84.167,0,-0.833,78.51,1,3.51,1
student_524,2,2.0,1.0,91.0,94.0,90.0,95.0,1,Eligible,90.523,1,5.523,89.108,1,4.108,86.767,1,1.767,83.945,0,-1.055,78.65,1,3.65,1
student_525,2,2.0,1.0,91.0,93.0,90.0,92.0,1,Eligible,89.438,1,4.438,87.826,1,2.826,86.169,1,1.169,83.783,0,-1.217,78.71,1,3.71,1
student_526,2,2.0,1.0,90.0,90.0,92.0,91.0,1,Eligible,87.98,1,2.98,87.794,1,2.794,86.621,1,1.621,84.204,0,-0.796,78.485,1,3.485,1
student_527,2,1.0,1.0,90.0,87.0,91.0,91.0,1,Eligible,90.273,1,5.273,88.787,1,3.787,85.359,1,0.359,84.14,0,-0.86,78.228,1,3.228,1
student_528,2,2.0,1.0,86.0,85.0,83.0,87.0,1,Eligible,89.365,1,4.365,87.795,1,2.795,84.31,0,-0.69,84.45,0,-0.55,77.871,1,2.871,1
student_529,2,2.0,1.0,87.0,84.0,84.0,86.0,1,Eligible,88.988,1,3.988,87.817,1,2.817,84.525,0,-0.475,83.85,0,-1.15,78.155,1,3.155,1
student_530,2,5.0,1.0,93.0,92.0,92.0,93.0,1,Eligible,90.948,1,5.948,87.808,1,2.808,88.359,1,3.359,84.471,0,-0.529,77.943,1,2.943,1
student_531,2,2.0,1.0,90.0,87.0,91.0,91.0,1,Eligible,89.745,1,4.745,87.817,1,2.817,85.622,1,0.622,83.989,0,-1.011,78.728,1,3.728,1
student_532,2,2.0,1.0,89.0,83.0,88.0,90.0,1,Eligible,90.202,1,5.202,87.803,1,2.803,85.031,1,0.031,84.086,0,-0.914,78.341,1,3.341,1
student_533,2,2.0,1.0,88.0,89.0,90.0,86.0,1,Eligible,87.799,1,2.799,87.806,1,2.806,85.348,1,0.348,83.987,0,-1.013,79.144,1,4.144,2
student_534,2,1.0,1.0,90.0,90.0,90.0,91.0,1,Eligible,89.705,1,4.705,87.81,1,2.81,85.406,1,0.406,84.167,0,-0.833,78.994,1,3.994,1
student_535,4,4.0,1.0,88.0,86.0,87.0,87.0,1,Eligible,89.758,1,4.758,87.189,1,2.189,85.318,1,0.318,84.18,0,-0.82,77.496,1,2.496,1
student_536,4,4.0,1.0,87.0,87.0,87.0,87.0,1,Eligible,89.199,1,4.199,86.092,1,1.092,84.231,0,-0.769,84.146,0,-0.854,77.682,1,2.682,1
student_537,4,4.0,1.0,88.0,86.0,88.0,86.0,1,Eligible,90.237,1,5.237,87.376,1,2.376,85.314,1,0.314,84.149,0,-0.851,78.088,1,3.088,1
student_538,4,4.0,1.0,84.0,81.0,84.0,82.0,0,"MATH (81<83), ENGLISH (82<83)",88.497,0,3.497,83.859,0,-1.141,84.94,0,-0.06,84.146,0,-0.854,77.867,1,2.867,5
student_539,4,1.0,1.0,89.0,93.0,91.0,92.0,1,Eligible,89.682,1,4.682,86.225,1,1.225,86.225,1,1.225,84.159,0,-0.841,77.972,1,2.972,1
student_540,4,4.0,1.0,88.0,89.0,83.0,91.0,1,Eligible,89.215,1,4.215,86.07,1,1.07,85.727,1,0.727,84.136,0,-0.864,77.826,1,2.826,1
student_541,4,4.0,1.0,88.0,87.0,90.0,88.0,1,Eligible,87.752,1,2.752,88.09,1,3.09,85.804,1,0.804,84.087,0,-0.913,77.714,1,2.714,2
student_542,4,4.0,1.0,88.0,86.0,90.0,86.0,1,Eligible,89.428,1,4.428,85.401,1,0.401,83.785,0,-1.215,83.918,0,-1.082,77.97,1,2.97,1
student_543,4,4.0,1.0,88.0,86.0,91.0,92.0,1,Eligible,88.147,1,3.147,87.116,1,2.116,85.405,1,0.405,85.221,1,0.221,78.112,1,3.112,1
student_544,4,4.0,1.0,85.0,81.0,84.0,89.0,0,MATH (81<83),88.557,0,3.557,86.535,1,1.535,84.685,0,-0.315,84.143,0,-0.857,77.789,1,2.789,2
student_545,4,4.0,1.0,89.0,85.0,89.0,88.0,1,Eligible,88.284,1,3.284,88.837,1,3.837,85.692,1,0.692,84.126,0,-0.874,78.845,1,3.845,2
student_546,4,4.0,1.0,89.0,87.0,88.0,90.0,1,Eligible,89.657,1,4.657,87.029,1,2.029,84.36,0,-0.64,84.136,0,-0.864,77.733,1,2.733,1
student_547,4,4.0,1.0,89.0,93.0,95.0,88.0,1,Eligible,89.826,1,4.826,88.248,1,3.248,86.329,1,1.329,84.167,0,-0.833,77.283,1,2.283,1
student_548,4,4.0,1.0,88.0,86.0,88.0,86.0,1,Eligible,89.964,1,4.964,86.77,1,1.77,84.489,0,-0.511,85.005,1,0.005,78.269,1,3.269,1
student_549,4,4.0,1.0,86.0,84.0,87.0,81.0,0,ENGLISH (81<83),89.254,0,4.254,85.889,1,0.889,83.684,0,-1.316,83.944,0,-1.056,77.923,1,2.923,2
student_550,4,2.0,1.0,88.0,91.0,86.0,90.0,1,Eligible,89.81,1,4.81,86.446,1,1.446,85.294,1,0.294,84.338,0,-0.662,78.006,1,3.006,1
student_551,4,4.0,1.0,88.0,87.0,88.0,89.0,1,Eligible,89.988,1,4.988,86.449,1,1.449,84.469,0,-0.531,84.137,0,-0.863,77.946,1,2.946,1
student_552,4,4.0,1.0,89.0,92.0,87.0,88.0,1,Eligible,89.323,1,4.323,86.515,1,1.515,84.987,0,-0.013,84.136,0,-0.864,77.788,1,2.788,1
student_553,4,4.0,1.0,88.0,82.0,87.0,88.0,0,MATH (82<83),89.764,0,4.764,85.717,1,0.717,85.511,1,0.511,84.157,0,-0.843,78.247,1,3.247,2
student_554,4,4.0,1.0,90.0,86.0,88.0,87.0,1,Eligible,89.984,1,4.984,89.977,1,4.977,86.578,1,1.578,84.149,0,-0.851,78.778,1,3.778,1
student_555,4,4.0,1.0,89.0,86.0,88.0,89.0,1,Eligible,89.99,1,4.99,87.02,1,2.02,84.827,0,-0.173,84.13,0,-0.87,79.572,1,4.572,1
student_556,4,4.0,1.0,89.0,89.0,88.0,90.0,1,Eligible,89.307,1,4.307,87.83,1,2.83,85.068,1,0.068,84.144,0,-0.856,78.288,1,3.288,1
student_557,4,4.0,1.0,88.0,84.0,91.0,90.0,1,Eligible,89.075,1,4.075,86.713,1,1.713,84.884,0,-0.116,84.146,0,-0.854,78.009,1,3.009,1
student_558,4,4.0,1.0,83.0,82.0,80.0,80.0,0,"MATH (82<83), SCIENCE (80<83), ENGLISH (80<83)",88.728,0,3.728,83.846,0,-1.154,84.471,0,-0.529,84.123,0,-0.877,78.263,1,3.263,5
student_559,4,4.0,1.0,88.0,86.0,85.0,89.0,1,Eligible,89.61,1,4.61,88.728,1,3.728,84.871,0,-0.129,84.134,0,-0.866,77.77,1,2.77,1
student_560,4,4.0,1.0,88.0,89.0,88.0,87.0,1,Eligible,89.853,1,4.853,85.595,1,0.595,84.69,0,-0.31,84.137,0,-0.863,77.67,1,2.67,1
student_561,4,4.0,1.0,88.0,85.0,88.0,83.0,1,Eligible,88.819,1,3.819,86.431,1,1.431,84.168,0,-0.832,84.146,0,-0.854,77.734,1,2.734,1
student_562,4,1.0,1.0,89.0,92.0,88.0,93.0,1,Eligible,90.271,1,5.271,85.189,1,0.189,84.359,0,-0.641,84.137,0,-0.863,78.986,1,3.986,1
student_563,4,2.0,1.0,88.0,87.0,86.0,87.0,1,Eligible,89.58,1,4.58,85.432,1,0.432,85.187,1,0.187,84.27,0,-0.73,77.309,1,2.309,1
student_564,4,2.0,1.0,88.0,85.0,86.0,89.0,1,Eligible,88.118,1,3.118,87.749,1,2.749,85.023,1,0.023,84.151,0,-0.849,77.636,1,2.636,1
student_565,4,3.0,1.0,88.0,90.0,87.0,86.0,1,Eligible,88.951,1,3.951,87.291,1,2.291,84.664,0,-0.336,84.018,0,-0.982,77.925,1,2.925,1
student_566,4,4.0,1.0,90.0,88.0,89.0,91.0,1,Eligible,89.285,1,4.285,88.398,1,3.398,85.315,1,0.315,84.174,0,-0.826,78.97,1,3.97,1
student_567,4,1.0,1.0,89.0,90.0,93.0,88.0,1,Eligible,89.171,1,4.171,86.33,1,1.33,86.278,1,1.278,84.134,0,-0.866,78.221,1,3.221,1
student_568,4,4.0,1.0,84.0,83.0,82.0,84.0,0,SCIENCE (82<83),88.713,0,3.713,84.851,0,-0.149,84.004,0,-0.996,84.169,0,-0.831,78.247,1,3.247,5
student_569,4,4.0,1.0,88.0,87.0,88.0,87.0,1,Eligible,89.302,1,4.302,85.441,1,0.441,84.576,0,-0.424,84.158,0,-0.842,77.558,1,2.558,1
student_570,4,4.0,1.0,88.0,87.0,85.0,86.0,1,Eligible,89.808,1,4.808,86.735,1,1.735,85.49,1,0.49,84.305,0,-0.695,77.933,1,2.933,1
student_571,4,4.0,1.0,89.0,92.0,87.0,89.0,1,Eligible,89.661,1,4.661,88.621,1,3.621,84.478,0,-0.522,84.14,0,-0.86,79.371,1,4.371,1
student_572,1,1.0,1.0,89.0,89.0,89.0,85.0,1,Eligible,89.87,1,4.87,88.601,1,3.601,85.557,1,0.557,85.109,1,0.109,78.948,1,3.948,1
student_573,1,1.0,1.0,92.0,89.0,92.0,91.0,1,Eligible,89.872,1,4.872,89.211,1,4.211,88.269,1,3.269,84.082,0,-0.918,78.792,1,3.792,1
student_574,1,1.0,1.0,93.0,95.0,93.0,93.0,1,Eligible,89.873,1,4.873,89.904,1,4.904,88.429,1,3.429,84.084,0,-0.916,78.47,1,3.47,2
student_575,1,1.0,1.0,97.0,96.0,97.0,97.0,1,Eligible,89.874,1,4.874,90.737,1,5.737,89.511,1,4.511,85.04,1,0.04,78.462,1,3.462,2
student_576,1,1.0,1.0,94.0,96.0,93.0,95.0,1,Eligible,91.084,1,6.084,92.488,1,7.488,89.787,1,4.787,84.685,0,-0.315,78.335,1,3.335,2
student_577,1,1.0,1.0,93.0,97.0,92.0,91.0,1,Eligible,89.873,1,4.873,88.861,1,3.861,89.985,1,4.985,84.162,0,-0.838,78.226,1,3.226,3
student_578,1,1.0,1.0,90.0,87.0,87.0,89.0,1,Eligible,89.87,1,4.87,88.941,1,3.941,85.641,1,0.641,84.222,0,-0.778,78.608,1,3.608,1
student_579,1,1.0,1.0,88.0,86.0,92.0,87.0,1,Eligible,89.871,1,4.871,86.054,1,1.054,84.424,0,-0.576,83.883,0,-1.117,78.081,1,3.081,1
student_580,1,1.0,1.0,90.0,89.0,90.0,91.0,1,Eligible,89.87,1,4.87,88.742,1,3.742,86.133,1,1.133,83.78,0,-1.22,79.205,1,4.205,1
student_581,1,1.0,1.0,91.0,92.0,91.0,89.0,1,Eligible,89.87,1,4.87,88.471,1,3.471,88.148,1,3.148,83.99,0,-1.01,78.875,1,3.875,1
student_582,1,1.0,1.0,91.0,92.0,86.0,87.0,1,Eligible,89.871,1,4.871,89.563,1,4.563,86.822,1,1.822,84.281,0,-0.719,78.335,1,3.335,1
student_583,1,1.0,1.0,92.0,90.0,91.0,90.0,1,Eligible,89.874,1,4.874,86.986,1,1.986,87.572,1,2.572,83.99,0,-1.01,78.736,1,3.736,1
student_584,1,1.0,1.0,92.0,87.0,88.0,89.0,1,Eligible,89.872,1,4.872,90.705,1,5.705,87.511,1,2.511,84.03,0,-0.97,78.968,1,3.968,2
student_585,1,1.0,1.0,91.0,91.0,92.0,91.0,1,Eligible,90.522,1,5.522,89.302,1,4.302,89.017,1,4.017,84.663,0,-0.337,78.449,1,3.449,1
student_586,1,1.0,1.0,94.0,93.0,90.0,92.0,1,Eligible,89.871,1,4.871,89.525,1,4.525,87.941,1,2.941,84.511,0,-0.489,78.497,1,3.497,1
student_587,1,1.0,1.0,92.33,92.0,92.0,93.0,1,Eligible,90.355,1,5.355,89.341,1,4.341,87.793,1,2.793,84.605,0,-0.395,78.893,1,3.893,1
student_588,1,1.0,1.0,92.0,87.0,91.0,93.0,1,Eligible,89.873,1,4.873,90.88,1,5.88,88.247,1,3.247,84.377,0,-0.623,78.715,1,3.715,2
student_589,1,1.0,1.0,91.0,89.0,88.0,90.0,1,Eligible,89.868,1,4.868,89.391,1,4.391,87.049,1,2.049,84.336,0,-0.664,78.363,1,3.363,1
student_590,1,1.0,1.0,93.0,92.0,92.0,93.0,1,Eligible,89.871,1,4.871,88.888,1,3.888,88.112,1,3.112,84.413,0,-0.587,78.327,1,3.327,1
student_591,1,1.0,1.0,93.0,94.0,95.0,94.0,1,Eligible,90.653,1,5.653,92.288,1,7.288,87.914,1,2.914,84.187,0,-0.813,78.556,1,3.556,2
student_592,1,1.0,1.0,94.0,92.0,97.0,97.0,1,Eligible,89.873,1,4.873,89.696,1,4.696,88.69,1,3.69,84.066,0,-0.934,78.364,1,3.364,1
student_593,1,1.0,1.0,90.0,90.0,92.0,90.0,1,Eligible,89.872,1,4.872,88.605,1,3.605,86.236,1,1.236,83.996,0,-1.004,78.583,1,3.583,1
student_594,1,1.0,1.0,91.0,88.0,90.0,94.0,1,Eligible,90.076,1,5.076,90.851,1,5.851,86.528,1,1.528,84.201,0,-0.799,78.512,1,3.512,2
student_595,1,4.0,1.0,90.0,86.0,88.0,89.0,1,Eligible,89.87,1,4.87,88.811,1,3.811,85.165,1,0.165,84.366,0,-0.634,78.682,1,3.682,1
