student_id,age,gender,learning_style,study_hours_daily,support_person,assignment_completion,handle_difficulty,enjoy_math,enjoy_science,enjoy_english,enjoy_filipino,enjoy_arpan,enjoy_mapeh,enjoy_tle,preferred_program,motivation_level,enjoy_science_experiments,enjoy_reading,enjoy_handson_activities,enjoy_sports,enjoy_arts,enjoy_language_related_activities,foreign_language_interest,competition_participation,device_availability,internet_access,absences_count,absence_reason,family_income_help,school_participation,received_awards,award_highest_honors,award_high_honors,award_with_honors,award_best_science,award_best_math,award_best_english,award_conduct,achiever_award,difficulty_reading,difficulty_writing,difficulty_math,difficulty_focusing,difficulty_social_interaction,extra_support_recommended,quiet_study_place,distance_from_school,travel_difficulty,grade_math,grade_science,grade_english,grade_filipino,grade_arpan,grade_mapeh,average_grade_tle,grade_esp,grade_6_final_average,actual_placement
student_001,12,0,3,3,1,2,1,1,0,0,0,0,0,0,3,3,0,0,1,1,1,0,2,1,1,3,1,3,1,2,1,0,0,0,0,0,0,0,0,0,1,0,0,0,1,3,NaN,3,88,86,88,88,89,90,88,88,88,3
student_002,12,0,3,3,1,2,3,0,0,0,0,0,0,1,3,2,0,0,1,1,0,0,2,0,3,3,1,1,3,2,1,0,0,0,0,0,0,0,0,0,0,1,0,0,1,1,3,2,82,86,84,84,86,86,88,88,86,3
student_003,13,0,3,2,1,2,1,1,1,1,1,1,1,1,3,2,0,0,1,1,1,0,1,1,1,2,1,1,1,1,1,0,0,0,0,0,0,0,0,0,0,1,0,0,1,1,1,3,82,83,83,85,87,86,86,88,85,3
student_004,12,0,1,1,2,3,1,0,1,0,0,0,0,0,3,2,0,0,0,0,1,0,1,0,1,2,1,2,2,2,1,0,0,1,0,0,0,0,0,0,0,1,0,0,1,2,1,3,85,86,87,82,85,84,85,90,86,3
student_005,12,1,3,3,2,1,3,0,0,1,0,0,0,0,3,2,0,0,0,0,0,0,1,0,1,1,1,3,3,2,1,0,1,1,0,0,0,1,0,0,0,0,0,1,1,1,3,3,92,93,92,95,95,92,96,97,94,3
student_006,12,1,5,2,1,1,3,0,0,1,0,0,0,0,5,2,0,1,0,0,0,0,1,0,2,2,1,2,3,1,1,0,0,1,0,0,0,0,0,0,0,0,0,1,1,1,3,1,91,86,93,90,91,88,85,87,89,3
student_007,13,1,5,2,1,1,3,0,0,0,0,0,1,0,5,2,0,0,1,0,0,0,2,0,1,2,2,2,3,2,1,0,0,1,0,0,0,0,0,0,0,0,0,1,0,2,2,2,84,84,86,85,86,89,87,88,86,3
student_008,12,0,5,3,4,1,4,1,0,0,1,1,1,1,3,2,0,0,1,0,0,0,2,1,2,1,1,2,2,1,1,0,0,0,0,1,0,1,0,1,0,0,0,0,1,1,3,3,88,86,87,88,84,87,86,88,87,3
student_009,12,0,5,2,1,1,1,0,0,1,0,0,0,0,3,2,1,0,0,0,0,0,1,0,2,2,2,1,2,2,1,0,0,0,0,0,1,0,0,0,0,0,0,0,1,1,2,2,85,85,87,84,84,84,87,84,84,3
student_010,12,0,5,2,1,3,2,0,1,0,0,0,0,0,3,2,1,0,0,0,0,0,2,1,1,1,1,2,3,1,1,0,0,0,1,0,0,0,0,0,0,1,0,0,1,3,2,3,87,94,89,85,89,87,90,87,88,3
student_011,12,0,5,2,4,4,3,0,1,0,0,0,0,0,3,1,0,0,0,0,1,0,3,0,1,2,1,4,3,2,NaN,0,0,0,0,0,0,0,0,0,0,1,0,0,0,0,2,2,85,87,90,89,88,88,89,92,89,3
student_012,12,1,NaN,2,1,3,1,0,0,0,0,0,1,0,3,2,0,0,1,0,0,0,2,1,2,NaN,1,1,2,2,1,0,0,0,0,0,0,0,0,0,0,0,0,1,1,1,2,2,87,84,84,85,85,88,88,88,86,3
student_013,12,1,5,1,2,3,3,0,0,1,0,0,0,0,3,2,0,0,0,1,0,0,2,0,1,2,2,4,2,1,1,0,0,0,0,0,1,0,0,0,0,1,0,0,1,1,4,3,86,87,86,91,85,86,91,94,88,3
student_014,13,0,5,2,2,4,2,0,0,0,0,1,0,0,6,2,0,0,0,1,0,0,1,1,1,1,4,2,3,2,1,0,0,1,0,0,0,0,0,0,0,1,0,0,0,1,4,2,88,89,89,89,89,90,90,89,89,3
student_015,13,1,5,1,2,3,3,0,0,1,0,0,0,0,3,2,0,1,0,0,0,0,2,0,1,2,2,5,3,2,0,0,0,0,0,0,0,0,0,0,0,1,0,0,0,2,2,3,82,85,93,90,88,88,85,90,88,3
student_016,13,1,3,1,1,3,1,0,0,0,0,0,0,1,3,3,0,0,0,1,0,0,1,0,2,2,1,2,1,1,0,0,1,0,0,0,0,0,0,0,0,1,0,0,0,2,1,3,85,86,86,86,87,86,88,86,86,3
student_017,15,1,1,1,4,1,1,0,0,0,0,0,1,0,5,NaN,1,0,0,0,0,0,2,1,2,2,2,2,1,2,1,0,0,1,0,0,0,0,0,0,0,1,0,0,0,2,1,3,86,87,86,91,85,86,91,94,88,3
student_018,13,1,5,2,1,3,1,0,0,0,0,0,1,0,3,3,0,0,0,1,0,0,1,1,1,2,1,1,2,1,1,0,0,1,0,0,0,0,0,0,0,0,0,1,1,1,1,3,87,90,88,89,88,92,91,90,89,3
student_019,13,1,1,1,4,3,1,0,0,0,0,0,0,1,5,2,0,0,1,0,0,0,2,0,3,1,1,2,2,2,1,0,0,0,0,0,0,0,1,0,0,0,1,0,0,1,4,3,89,87,88,90,88,89,87,92,89,3
student_020,12,1,3,2,1,3,1,0,0,1,0,0,0,0,3,2,0,0,0,0,0,0,3,1,1,2,1,4,2,1,1,0,0,1,0,0,0,0,0,0,0,1,0,0,0,2,1,3,87,86,87,87,88,91,86,91,88,3
student_021,15,0,4,2,1,4,4,1,0,0,0,0,0,0,6,1,0,0,0,1,0,0,3,0,3,2,3,5,1,2,0,0,0,0,0,0,0,0,0,0,0,0,1,0,1,3,3,1,82,79,79,85,84,84,84,86,83,5
student_022,13,0,3,4,1,1,3,0,0,0,0,1,0,0,6,2,1,0,0,0,0,0,1,0,1,2,1,2,2,2,0,0,0,0,0,0,0,0,0,0,0,1,0,0,0,2,3,3,79,77,81,77,78,82,78,83,79,5
student_023,12,0,3,1,1,2,1,0,1,0,0,0,0,0,6,2,0,0,0,0,1,0,2,0,2,3,1,1,2,2,0,0,0,0,0,0,0,0,0,0,0,1,0,0,0,2,1,3,78,79,82,84,85,83,81,83,82,5
student_024,12,0,5,1,4,1,3,1,1,1,0,0,0,0,1,3,1,0,0,0,0,1,1,1,1,1,2,1,3,1,1,0,0,0,0,0,0,1,0,0,0,0,0,0,0,1,4,3,82,84,83,84,78,88,89,84,84,5
student_025,16,0,4,2,1,4,4,1,0,0,0,0,0,0,6,1,0,0,0,1,0,0,3,0,3,2,2,5,1,2,0,0,0,0,0,1,0,0,0,0,0,1,0,0,1,1,2,3,81,80,81,81,84,79,82,81,81,5
student_026,12,0,3,2,1,1,1,0,1,1,1,1,1,1,6,2,0,0,1,0,0,0,1,1,3,3,2,5,2,1,0,0,0,0,0,0,0,0,0,0,0,1,0,0,0,1,4,3,82,81,82,82,83,84,84,84,83,5
student_027,13,0,3,1,1,3,1,1,1,1,1,1,1,1,6,2,0,0,0,0,0,0,1,1,2,2,1,2,1,1,1,0,0,0,1,0,0,0,0,0,0,1,0,0,1,1,1,2,83,85,85,82,85,85,85,86,85,5
student_028,13,0,1,2,1,2,1,0,1,0,0,0,0,0,6,2,1,0,0,0,0,0,2,0,2,NaN,2,2,3,2,0,0,0,0,0,0,0,0,0,0,0,1,0,0,0,2,4,3,76,77,75,75,77,80,78,79,77,5
student_029,15,0,3,1,4,1,4,1,0,0,0,0,0,0,5,1,0,0,1,0,0,0,2,0,2,3,1,2,1,2,0,0,0,0,0,0,0,0,0,0,0,0,0,0,0,1,4,3,79,84,79,82,84,80,80,86,82,5
student_030,12,0,3,2,1,3,3,0,0,1,0,0,0,0,3,2,0,0,0,1,0,0,1,0,1,1,4,2,1,1,0,0,0,0,0,0,0,0,0,0,0,1,0,0,0,1,4,3,81,81,81,81,82,81,81,81,81,5
student_031,12,0,3,2,1,3,1,0,0,1,0,0,0,0,6,2,0,0,0,1,0,0,2,0,2,2,2,1,1,2,0,0,0,0,0,0,0,0,0,0,0,1,0,0,1,2,1,3,81,78,82,77,86,84,85,89,84,5
student_032,12,0,3,4,4,1,3,1,0,0,0,0,0,0,6,2,0,0,1,1,0,0,2,0,2,1,2,1,2,1,1,0,0,0,0,0,0,1,0,0,1,0,0,0,1,2,3,1,83,84,83,84,84,81,84,88,84,5
student_033,12,0,2,1,2,1,1,0,1,0,0,0,0,0,6,2,0,0,0,0,1,0,2,0,2,2,2,5,2,2,0,0,0,0,0,0,0,0,0,0,1,0,1,0,1,2,3,3,83,81,81,83,83,84,85,83,83,5
student_034,12,0,3,2,4,1,3,0,1,0,0,0,0,0,6,1,0,0,0,0,1,0,1,0,1,1,1,2,3,3,0,0,0,0,0,0,0,0,0,0,0,0,0,0,0,1,4,3,77,77,77,79,79,81,81,81,79,5
student_035,13,0,5,1,1,1,1,0,1,0,0,0,0,0,6,1,1,0,0,0,0,0,1,0,1,3,1,3,2,1,0,0,0,0,1,0,0,0,0,1,0,0,0,0,1,2,1,3,81,82,81,81,83,83,84,84,82,5
student_036,12,0,3,4,1,3,2,0,1,0,0,0,0,0,5,1,0,1,0,0,0,0,1,1,2,1,2,NaN,2,2,0,0,0,0,0,0,0,0,0,0,0,1,0,0,1,2,3,1,79,76,76,79,77,79,79,79,78,5
student_037,12,0,3,3,1,4,1,0,1,0,0,0,0,0,NaN,1,1,0,0,0,0,1,2,0,1,NaN,2,2,1,1,0,0,0,0,0,0,0,0,0,0,1,0,0,0,1,2,3,1,76,76,77,78,76,76,77,77,77,5
student_038,15,0,1,4,1,3,1,1,1,1,1,1,1,1,2,1,0,0,0,0,1,0,2,1,1,1,3,2,1,1,1,0,0,0,0,0,0,1,0,0,0,1,0,0,1,1,2,1,80,84,84,81,85,84,85,85,84,5
student_039,13,0,3,3,1,4,1,1,1,1,1,1,1,1,6,2,1,0,0,0,0,0,1,1,1,2,2,2,1,1,0,0,0,0,0,0,0,0,0,1,1,0,0,0,1,2,1,2,79,76,76,79,78,79,80,80,78,5
student_040,13,1,3,2,2,3,1,1,0,0,0,0,0,0,1,3,0,0,1,0,0,0,1,0,2,2,2,2,2,2,1,0,0,0,0,0,0,0,0,0,0,0,1,0,0,3,4,2,79,78,83,81,79,83,83,84,81,5
student_041,14,1,3,1,1,3,1,0,0,0,1,0,0,0,1,3,0,0,1,0,0,0,1,0,2,2,2,2,2,1,0,0,0,0,0,0,0,0,0,0,0,0,1,0,0,3,4,2,76,75,75,76,76,79,75,77,76,5
student_042,13,1,3,2,1,3,1,1,0,0,1,1,1,0,6,1,0,0,0,1,0,0,3,0,2,NaN,4,5,2,2,0,0,0,0,0,0,0,0,0,0,0,0,1,1,1,2,4,3,86,83,81,85,85,83,86,85,84,5
student_043,12,1,3,2,1,3,1,0,1,0,1,0,1,0,3,2,0,0,0,1,1,0,1,1,2,2,2,3,3,1,1,0,0,0,1,0,0,0,0,0,0,1,1,0,0,1,4,2,79,80,79,82,84,81,79,86,81,5
student_044,13,1,5,2,1,3,1,1,1,0,1,1,0,0,3,2,0,0,0,1,1,1,1,1,1,1,1,4,2,1,1,0,0,0,0,0,0,0,0,0,0,1,1,0,0,1,1,3,79,83,80,84,85,81,83,87,83,5
student_045,12,1,5,2,3,3,4,0,0,0,0,0,0,1,6,2,0,0,1,0,0,0,2,0,2,1,2,2,1,1,1,0,0,0,0,0,1,0,0,0,0,0,1,0,0,1,1,3,82,80,83,81,82,81,82,84,82,5
student_046,12,1,3,1,1,2,1,0,0,0,0,1,0,0,3,3,0,0,0,0,1,0,1,1,1,1,1,2,1,1,0,0,0,0,0,0,0,0,0,0,0,1,0,0,1,1,1,3,75,75,76,77,78,81,76,80,77,5
student_047,12,1,1,2,1,3,3,0,1,0,0,0,0,0,6,3,0,0,0,0,1,0,1,1,2,2,2,2,1,1,1,0,0,0,0,0,0,0,0,0,0,0,0,0,0,3,4,2,77,76,78,80,77,80,77,81,78,5
student_048,12,1,3,1,4,3,3,0,1,0,0,0,0,0,6,2,0,1,0,0,0,1,2,0,2,2,1,5,2,1,1,0,0,0,0,0,0,0,0,0,0,1,0,0,1,2,2,3,82,84,83,83,82,82,85,85,83,5
student_049,13,1,5,2,1,3,1,0,1,1,1,1,1,0,3,2,0,1,0,0,1,0,2,0,1,2,2,2,2,2,0,0,0,0,0,0,0,0,0,0,0,1,0,0,1,2,1,3,80,85,81,78,85,81,77,79,81,5
student_050,13,1,3,2,1,3,1,0,1,0,0,0,0,0,1,2,1,0,0,1,1,0,1,1,2,2,3,2,3,2,0,0,0,0,0,0,0,0,0,1,0,0,0,0,1,2,1,3,82,79,83,85,82,83,83,82,82,5
student_051,14,1,NaN,2,1,3,1,0,0,0,1,0,0,0,1,1,0,1,0,1,0,0,1,0,1,2,2,2,1,1,0,0,0,0,1,0,0,0,0,0,0,0,0,0,1,1,1,3,89,83,79,79,85,81,84,82,83,5
student_052,13,1,3,2,1,3,1,0,1,0,0,0,0,0,1,2,0,1,0,1,0,0,1,0,1,2,2,2,1,1,1,0,0,0,1,0,0,0,0,0,0,0,0,0,1,1,1,3,81,82,79,83,82,83,82,86,82,5
student_053,12,1,5,1,3,3,4,0,0,0,0,0,0,1,5,2,0,0,0,0,0,0,3,0,1,2,2,2,2,2,1,0,0,0,0,0,1,0,0,0,0,0,1,0,1,2,3,2,82,82,83,82,82,88,80,80,82,5
student_054,14,1,3,1,4,3,1,1,0,0,0,0,0,0,3,2,0,1,0,0,0,0,1,1,2,3,1,2,1,1,1,0,0,1,0,0,0,0,0,0,0,0,1,0,1,1,1,NaN,85,85,86,85,86,85,87,87,85,5
student_055,12,1,5,1,1,1,1,0,0,0,1,1,1,0,3,2,0,1,1,1,0,0,1,1,1,1,2,5,1,1,1,0,0,0,0,0,0,0,0,0,0,1,0,0,0,1,4,3,80,82,80,81,85,84,85,92,84,5
student_056,14,1,5,1,1,3,1,0,0,0,0,0,1,0,3,2,0,1,0,1,0,0,1,1,1,2,2,NaN,2,NaN,0,0,0,0,0,0,0,0,0,0,0,0,0,0,0,NaN,NaN,NaN,80,81,82,84,82,83,80,82,82,5
student_057,,0,1,1,4,1,3,0,0,0,1,0,0,0,5,2,0,0,0,0,0,0,2,0,2,3,1,5,2,2,0,0,0,0,0,0,0,0,0,0,0,1,0,0,0,3,4,3,77,80,77,86,80,85,81,84,81,5
student_058,,0,3,4,1,4,1,0,0,0,0,1,0,0,5,3,0,0,0,1,0,0,2,1,3,NaN,1,2,1,1,1,1,0,0,0,0,0,0,0,0,1,0,0,0,1,2,2,3,80,79,82,79,78,81,79,85,80,5
student_059,13,1,1,1,4,1,3,0,0,1,0,0,0,0,5,2,0,0,0,0,0,0,2,0,2,3,1,5,3,3,0,0,0,0,0,0,0,0,0,1,0,0,0,0,1,1,1,3,78,77,78,79,77,82,78,83,79,5
student_060,13,1,1,1,4,1,3,0,0,0,1,0,0,0,5,2,0,0,0,0,0,0,2,0,2,3,2,5,1,1,0,0,0,0,0,0,0,0,0,1,0,0,0,0,1,1,1,3,77,78,76,77,80,77,76,81,78,5
student_061,13,0,3,2,4,3,2,1,0,0,0,0,0,0,5,3,0,0,0,1,0,0,2,NaN,2,3,1,5,2,3,0,0,0,0,0,0,0,0,0,0,0,0,1,0,1,2,2,2,87,83,86,87,81,85,88,89,86,5
student_062,14,0,3,4,4,2,1,1,0,0,0,0,0,0,5,3,0,0,0,1,0,0,2,0,2,3,1,5,3,2,0,0,0,0,0,0,0,0,0,0,0,0,1,0,0,2,2,2,79,76,78,79,79,78,79,79,78,5
student_063,14,1,5,1,1,1,3,0,0,0,0,1,0,0,3,2,0,0,0,1,0,0,1,1,1,1,2,5,NaN,NaN,NaN,0,0,0,0,0,0,0,0,NaN,NaN,NaN,NaN,NaN,NaN,NaN,NaN,NaN,84,81,86,84,86,82,82,89,84,5
student_064,12,1,3,1,4,3,3,1,0,0,0,0,0,0,5,2,1,0,0,0,0,0,2,0,1,2,4,2,3,1,0,0,0,0,0,0,0,0,0,0,1,0,0,0,1,2,4,2,78,81,84,82,82,83,79,79,81,5
student_065,12,1,3,1,4,3,2,0,0,0,0,0,1,0,5,NaN,1,0,0,0,0,0,2,0,2,2,3,2,3,1,0,0,0,0,0,0,0,0,0,0,0,1,0,0,1,2,4,2,79,80,83,84,81,86,80,83,82,5
student_066,13,1,3,1,4,1,2,0,0,0,1,0,0,0,5,NaN,1,0,0,0,0,0,NaN,0,2,2,1,2,3,1,0,0,0,0,0,0,0,0,0,0,0,1,0,0,1,2,4,2,76,76,76,78,78,79,77,81,78,5
student_067,13,0,3,1,1,1,1,0,1,0,0,0,0,0,NaN,NaN,0,0,0,0,1,0,NaN,NaN,NaN,NaN,1,2,1,1,NaN,0,0,0,0,0,0,0,0,0,0,1,0,0,NaN,1,NaN,3,79,79,81,83,82,84,82,88,82,5
student_068,13,1,NaN,2,4,3,1,0,0,0,0,1,0,0,NaN,NaN,0,0,0,0,1,0,2,0,2,2,3,NaN,2,2,0,0,0,0,0,0,0,0,0,0,0,1,0,0,0,2,2,3,81,82,84,85,79,85,82,92,84,5
student_069,,0,3,1,1,3,2,0,0,0,0,1,0,0,5,2,0,1,0,0,0,0,2,1,1,2,2,2,1,1,1,0,0,0,0,0,0,0,0,NaN,NaN,NaN,NaN,NaN,NaN,1,NaN,1,77,82,76,82,80,87,81,88,82,5
student_070,12,0,3,1,1,3,3,0,1,0,0,0,0,0,NaN,NaN,0,0,1,0,0,0,2,0,1,NaN,1,1,3,2,1,0,0,1,0,0,0,0,0,0,0,1,0,0,1,2,3,2,84,81,82,85,86,81,83,88,84,5
student_071,12,0,5,2,2,3,1,0,0,0,0,0,1,0,5,2,0,0,0,1,0,0,2,0,1,2,1,1,2,2,1,0,0,0,0,0,0,1,0,0,1,0,0,0,1,3,3,2,78,86,82,79,80,82,81,83,81,5
student_072,14,0,3,1,1,3,2,0,0,0,0,0,1,0,5,NaN,0,0,0,1,0,0,NaN,1,1,2,2,2,1,1,1,0,0,0,0,0,0,0,0,0,0,1,0,0,0,1,4,1,77,82,76,82,79,86,78,86,81,5
student_073,14,0,5,2,1,3,1,0,1,1,1,1,1,0,5,3,0,0,1,0,0,0,1,0,1,2,2,5,2,2,1,0,0,0,0,0,0,0,0,0,0,1,0,0,1,1,4,3,78,75,75,75,75,75,77,75,76,5
student_074,13,0,3,1,4,3,3,0,0,0,1,0,0,0,5,3,0,0,0,1,0,0,NaN,0,1,1,1,2,3,2,1,0,0,1,0,0,0,0,0,0,0,0,0,0,1,1,1,3,83,84,84,82,81,88,82,87,84,5
student_075,,0,3,1,1,3,3,0,0,0,0,0,1,0,NaN,NaN,0,0,1,0,0,0,1,0,2,2,1,2,3,3,0,0,0,0,0,0,0,0,0,0,0,1,0,0,0,1,3,3,79,82,83,84,83,83,84,83,82,5
student_076,16,0,3,4,4,3,1,0,0,0,1,0,0,0,5,3,0,0,0,1,0,0,1,0,2,3,1,5,1,2,0,0,0,0,0,0,0,0,0,0,0,0,1,0,0,3,4,1,77,79,76,76,77,77,78,79,77,5
student_077,15,0,3,1,4,1,2,0,0,0,0,0,1,0,5,2,1,0,0,0,0,0,1,1,2,2,1,5,1,2,1,0,0,0,0,0,0,0,0,0,0,1,0,0,NaN,2,2,2,80,77,77,75,81,85,78,87,80,5
student_078,14,0,5,2,3,3,2,0,0,0,0,1,0,0,5,2,0,0,0,0,1,0,1,0,2,2,2,5,2,1,1,0,0,0,0,0,0,0,0,0,0,1,0,0,NaN,2,2,2,84,79,82,83,80,80,82,82,82,5
student_079,15,1,3,2,1,3,1,0,0,0,0,0,1,0,5,3,0,0,0,0,1,0,1,1,2,1,2,4,3,2,1,0,0,1,0,0,0,0,0,0,0,1,0,0,1,1,2,3,83,83,82,80,79,85,80,87,82,5
student_080,13,1,3,1,1,2,3,0,1,0,0,0,0,0,5,2,0,0,0,0,1,0,2,1,2,1,1,1,2,1,1,0,0,0,1,0,0,0,0,0,0,1,0,0,0,1,3,3,85,86,86,88,83,84,85,89,86,5
student_081,,0,5,2,2,1,1,0,0,0,0,1,1,0,5,2,0,0,0,1,0,0,1,0,1,2,1,2,2,2,0,0,0,0,0,0,1,0,0,0,0,0,1,0,0,2,1,3,79,76,78,76,83,81,79,85,80,5
student_082,14,1,5,2,1,1,1,1,0,0,0,0,0,0,5,2,0,0,0,1,0,0,1,0,1,2,1,2,2,2,0,0,0,0,0,0,0,0,0,0,0,0,1,0,0,2,1,3,80,81,86,81,84,88,81,86,83,5
student_083,13,0,5,2,1,1,1,0,0,0,1,0,0,0,2,3,0,0,0,0,1,0,1,1,2,2,1,1,2,1,1,0,0,0,0,0,0,1,0,0,0,1,0,0,0,1,3,3,77,81,79,85,81,84,83,85,82,5
student_084,13,0,5,1,3,1,3,0,0,1,0,0,0,0,4,1,1,0,0,0,0,0,2,1,1,2,2,2,1,2,0,0,0,0,0,0,1,0,0,0,0,1,0,0,1,2,1,2,78,82,82,78,78,83,83,79,80,5
student_085,13,1,4,2,1,3,1,0,0,1,0,0,0,0,5,2,0,1,0,0,0,0,1,1,1,1,2,2,3,1,0,0,0,0,0,0,0,0,0,0,0,1,0,0,1,2,4,3,82,83,83,80,79,85,83,84,82,5
student_086,12,1,5,1,1,3,1,0,0,0,0,0,1,1,5,2,0,0,1,0,0,0,1,0,1,2,1,NaN,2,1,0,0,0,0,0,0,0,0,0,0,0,0,1,0,0,3,1,3,76,76,77,78,78,83,79,81,79,5
student_087,13,1,3,2,1,3,1,0,0,0,0,1,0,0,1,2,0,1,0,0,0,0,2,0,2,3,1,4,1,1,1,0,0,0,0,0,0,0,0,0,0,1,0,0,1,1,3,2,80,77,80,80,78,80,80,85,80,5
student _088,14,1,3,2,1,3,1,0,0,0,1,0,0,0,2,2,1,0,0,0,0,0,1,1,2,1,4,4,2,3,0,0,0,0,0,0,0,0,0,0,0,1,0,0,0,2,2,3,81,81,81,81,81,82,82,82,81,5
student_089,14,1,3,2,1,3,2,0,0,0,1,0,0,0,4,2,1,0,0,0,0,0,2,1,2,3,3,2,3,1,1,0,0,0,0,0,0,0,0,0,0,1,0,0,1,1,2,3,71,77,73,70,78,79,82,80,78,5
student_090,12,1,3,1,4,1,1,0,0,0,0,0,0,0,4,2,0,0,1,0,0,0,1,0,1,2,1,2,2,2,1,0,0,0,0,1,0,0,0,0,0,0,0,0,1,1,2,3,90,82,81,82,80,81,84,80,83,5
student_091,13,1,3,2,4,1,1,0,1,0,0,0,0,0,1,2,1,0,0,0,0,0,2,0,2,1,2,2,3,1,0,0,0,0,0,0,0,0,0,0,0,1,0,0,0,1,2,3,80,79,82,78,77,82,82,88,81,5
student_092,13,1,3,2,1,1,1,1,0,0,0,0,0,0,1,2,0,0,0,1,0,0,2,1,2,2,1,2,1,1,1,0,0,0,0,1,0,0,0,0,0,0,0,1,1,1,2,2,87,84,85,81,85,84,88,89,85,5
student_093,13,0,3,2,1,1,3,1,0,0,0,0,0,0,3,2,0,1,0,0,0,0,3,1,2,2,2,2,2,2,0,0,0,0,0,0,0,0,0,0,1,0,0,0,1,2,4,3,89,82,81,83,82,86,82,86,84,5
student_094,13,0,5,2,1,2,1,0,1,0,0,0,0,0,3,2,1,0,0,0,0,0,1,1,2,3,1,1,2,2,0,0,0,0,0,0,0,0,0,1,0,0,0,0,0,3,2,2,93,87,85,80,83,80,86,82,85,5
student_095,12,0,5,2,1,1,3,1,0,0,0,0,0,0,4,3,0,0,0,1,0,0,1,0,1,1,4,1,3,3,0,0,0,0,0,0,0,0,0,0,0,1,0,0,1,1,1,3,77,76,75,77,77,77,77,77,76,5
student_096,13,0,5,2,1,1,3,1,0,0,0,0,0,0,4,3,0,0,1,1,1,1,1,0,1,1,1,4,3,2,0,0,0,0,0,0,0,0,0,0,0,0,0,1,1,1,1,3,81,78,82,82,82,80,79,85,81,5
student_097,12,0,3,1,1,3,3,0,0,0,1,0,0,0,4,2,0,1,0,0,0,0,1,0,2,2,1,2,1,2,1,0,0,0,0,0,0,1,0,0,0,0,1,0,1,2,4,3,80,78,81,82,84,81,81,85,82,5
student_098,15,1,3,2,1,3,1,0,0,0,1,0,0,0,4,2,0,1,0,0,0,0,1,0,1,1,1,2,3,3,1,0,0,0,0,0,0,0,0,0,0,0,0,0,1,1,2,3,82,83,81,85,83,81,87,90,84,5
student_099,13,1,3,2,1,2,2,0,0,0,0,0,1,0,4,2,0,0,1,1,1,0,2,0,2,1,2,2,1,2,0,0,0,0,0,0,0,0,0,0,0,1,0,0,0,1,2,2,81,81,82,81,81,87,83,85,83,5
student_100,15,1,3,2,1,3,1,0,0,0,1,0,0,0,4,3,0,1,0,0,0,0,1,0,1,1,1,2,NaN,2,0,0,0,0,0,0,0,0,0,0,0,1,0,0,0,1,2,3,81,81,80.75,83,84.25,80.9,81.75,85,82.18,5
student_101,12,1,5,3,1,4,1,0,0,1,0,0,0,0,1,1,0,0,1,0,0,0,1,0,2,1,1,2,3,1,0,0,0,0,0,0,0,0,0,0,0,1,0,0,1,2,2,3,80,81,81,81,83,85,81,85,82,5
student_102,12,0,NaN,4,1,4,1,1,1,0,1,0,1,0,4,3,0,1,1,1,0,0,3,0,1,3,2,1,1,3,0,0,0,0,0,0,0,0,0,0,0,0,0,0,1,1,1,3,82,78,84,83,85,84,84,79,82,5
student_103,12,0,3,2,1,3,1,0,1,0,0,0,0,0,4,NaN,0,0,0,1,0,0,2,1,2,2,1,2,1,1,0,0,0,0,0,0,0,0,0,0,0,0,1,0,1,2,1,3,80,79,80,83,84,82,82,84,82,5
student_104,13,0,3,2,2,1,2,0,0,0,0,0,0,0,4,3,0,1,0,0,0,0,1,1,2,1,2,2,2,1,0,0,0,0,0,0,0,0,0,1,0,0,0,0,1,2,3,3,80,82,80,76,77,81,79,78,79,5
student_105,13,1,5,3,1,4,3,1,0,0,1,0,1,0,1,2,1,0,0,0,0,0,1,0,1,1,3,1,1,1,0,0,0,0,0,0,0,0,0,0,0,0,0,0,1,1,4,3,82,81,84,82,81,85,82,89,83,5
student_106,15,0,3,2,1,3,3,0,1,0,0,0,1,0,4,2,0,0,1,0,1,0,3,0,2,2,2,5,1,3,0,0,0,0,0,0,0,0,0,0,0,0,1,0,1,3,2,3,78,79,76,77,80,81,81,82,79,5
student_107,15,0,NaN,2,1,2,1,0,1,0,0,0,0,0,3,2,1,0,0,0,0,0,1,1,2,NaN,2,4,1,1,0,0,0,0,0,0,0,0,0,0,0,1,0,0,1,2,1,2,75,76,77,79,76,75,75,78,77,5
student_108,13,1,2,2,1,3,1,1,0,0,0,0,0,0,1,2,0,0,0,1,0,0,2,0,1,2,2,2,1,1,0,0,0,0,0,0,0,0,0,1,0,0,0,0,1,1,2,3,82,82,80,81,82,81,80,87,82,5
student_109,12,1,1,NaN,1,1,3,0,0,0,0,1,0,0,4,2,0,0,1,0,0,0,3,0,1,1,1,4,2,2,1,0,0,0,0,0,0,0,1,0,0,1,0,0,0,2,1,3,79,86,84,84,88,88,89,87,86,5
student_110,12,1,3,1,2,3,1,0,0,0,0,1,1,0,4,1,0,0,0,0,1,0,2,0,2,2,3,4,1,3,0,0,0,0,0,0,0,0,0,0,0,0,0,0,1,2,NaN,3,80,78,79,84,82,81,83,85,82,5
student_111,12,1,1,2,3,3,1,0,0,0,1,0,0,0,2,1,1,0,0,0,0,0,3,0,1,2,2,2,2,2,0,0,0,0,0,0,0,0,0,1,0,0,0,0,0,3,3,2,76,76,81,80,77,78,76,83,78,5
student_112,12,1,3,2,1,3,1,0,1,0,0,0,0,0,2,2,0,0,0,0,0,0,2,1,2,3,3,2,2,1,1,0,0,0,0,0,0,0,0,1,0,0,0,0,0,2,2,1,86,84,84,85,84,86,87,86,85,5
student_113,14,0,3,3,4,2,1,1,0,0,0,0,0,0,4,3,1,0,0,0,0,0,1,0,1,3,1,1,1,1,0,0,0,0,0,0,0,0,0,0,0,0,0,0,1,1,4,2,75,76,77,79,76,75,75,78,77,5
student_114,13,0,1,3,1,3,4,0,0,0,1,0,0,0,6,1,0,0,0,0,1,0,3,1,2,1,1,3,1,1,0,0,0,0,0,0,0,0,0,0,0,0,1,0,1,2,3,1,76,77,77,78,78,78,78,78,78,5
student _115,12,1,3,2,1,1,1,0,0,0,1,0,0,0,2,2,0,1,0,0,0,0,1,1,1,1,3,2,1,1,0,0,0,0,0,0,0,0,0,0,0,0,1,0,0,1,1,2,75,75,75,75,75,75,75,75,75,5
student_116,12,1,3,1,2,1,1,0,0,0,1,0,0,0,4,2,0,0,1,0,0,0,1,0,2,2,1,2,1,1,0,0,0,0,0,0,0,0,0,0,0,0,1,0,1,2,2,2,83,80,84,90,80,86,80,85,83,5
student_117,12,1,3,2,1,1,1,0,0,0,1,0,0,0,2,2,0,1,0,0,1,0,2,1,2,2,1,2,1,1,0,0,0,0,0,0,0,0,0,0,0,1,0,0,1,2,1,2,76,76,75,76,77,75,75,76,76,5
student_118,13,1,3,2,1,2,1,0,0,0,1,0,0,0,2,2,0,1,0,0,0,0,1,1,2,1,1,2,1,2,0,0,0,0,0,0,0,0,0,0,0,0,1,0,1,1,2,3,77,78,78,80,78,78,78,82,79,5
student_119,13,0,3,2,1,3,3,0,0,0,0,1,0,0,NaN,2,0,0,0,1,1,0,2,0,2,2,1,1,1,2,0,0,0,0,0,0,0,0,0,0,0,1,0,0,0,2,1,3,80,83,81,82,83,80,80,85,82,5
student_120,12,0,3,2,1,3,1,0,0,0,0,1,0,0,3,3,0,1,0,0,0,0,2,NaN,NaN,NaN,NaN,NaN,NaN,NaN,0,0,0,0,0,0,0,0,0,NaN,NaN,NaN,NaN,NaN,NaN,NaN,NaN,NaN,76,76,76,77,77,80,79,77,77,5
student_121,16,1,5,1,1,3,1,0,0,0,1,0,0,0,1,1,0,0,1,0,0,0,1,0,2,1,2,2,2,1,0,0,0,0,0,0,0,1,0,0,0,0,0,0,NaN,2,1,2,77,76,78,82,81,80,78,81,79,5
student_122,12,0,3,1,4,3,1,0,0,0,0,1,0,0,3,3,0,0,0,1,0,0,NaN,1,2,1,3,3,NaN,2,0,0,0,0,0,0,0,0,0,0,0,1,0,0,0,3,4,2,77,81,83,80,81,84,84,88,82,5
student_123,12,1,5,1,1,3,3,0,0,0,1,0,0,0,3,3,0,1,0,0,0,0,2,0,2,2,2,1,2,2,1,0,0,0,0,0,0,1,0,0,0,1,0,0,0,2,1,3,80,82,84,83,81,84,77,85,82,5
student_124,14,1,5,1,1,1,4,0,0,0,1,0,0,0,3,3,0,0,0,1,0,0,2,0,2,2,2,3,1,2,1,0,0,0,0,0,0,1,0,0,0,1,0,0,1,1,3,1,77,82,80,80,81,80,79,80,80,5
student_125,12,1,3,2,4,1,3,1,0,0,0,0,0,0,4,2,0,0,0,0,1,0,1,0,1,2,1,1,2,2,0,0,0,0,0,0,0,0,0,0,0,0,0,1,1,3,3,2,90,88,87,85,91,88,90,91,89,1
student_126,12,1,5,2,1,3,3,0,0,1,0,0,0,0,1,2,0,0,1,0,1,0,1,0,1,2,1,1,3,1,0,0,0,0,0,0,0,0,0,1,0,1,0,0,1,2,2,3,86.75,87.75,90.75,87.5,86,89,89.5,89,88.2,1
student_127,12,1,3,3,1,1,3,0,1,1,0,0,1,0,1,3,1,0,1,0,1,1,1,1,1,1,1,1,2,1,1,0,0,1,0,0,0,0,0,0,0,1,0,0,1,2,2,3,86,92,89,94,94,94,92,94,92,1
student_128,13,0,5,1,1,1,3,0,1,0,1,0,1,1,1,3,1,0,1,1,0,0,1,0,1,2,1,1,3,1,1,0,0,1,0,0,0,0,0,0,0,0,0,0,0,2,1,3,86,89,92,88,86,92,86,95,89.25,1
student_129,12,1,3,2,1,2,1,1,0,1,1,0,1,1,1,3,1,1,1,1,1,0,1,1,1,1,1,1,1,1,1,0,1,1,0,0,0,1,0,0,0,1,1,0,1,1,2,2,90,94,92,94,92,93,94,95,93,1
student_130,13,1,5,1,1,1,1,0,0,1,0,0,0,0,1,3,0,0,0,1,0,0,1,1,1,1,1,5,2,1,1,0,0,1,0,0,0,0,0,0,0,0,0,0,1,1,3,3,90,90,91,92,93,90,92,92,91,1
student_131,13,0,5,2,1,1,1,1,1,1,1,1,1,1,1,3,0,1,1,1,0,0,1,1,1,1,1,1,2,1,1,0,0,1,1,0,0,0,0,0,0,1,0,0,0,1,3,3,93,96,93,95,94,94,94,95,94,1
student_132,12,1,5,2,1,1,3,0,1,0,0,0,1,1,1,2,0,0,1,1,1,0,2,1,2,2,1,1,2,2,1,0,0,1,0,0,0,1,0,0,0,1,1,0,1,2,2,2,87,88,86,91,92,91,92,95,90,1
student_133,12,1,5,1,1,2,2,0,1,1,0,0,1,1,1,2,1,0,1,0,1,0,2,0,2,3,2,4,3,2,1,0,0,1,0,0,0,0,0,0,0,1,0,0,0,1,1,2,88,88,93,91,90,91,90,91,90.25,1
student_134,12,0,5,4,2,1,2,0,1,0,0,1,1,1,1,3,1,0,1,1,0,0,2,1,1,2,1,5,3,1,1,0,1,0,0,0,1,0,0,0,0,0,0,0,0,2,2,3,95,97,95,96,93,97,97,96,96,1
student_135,13,0,5,2,1,1,1,0,1,0,0,0,0,0,5,3,0,0,1,1,0,0,3,1,1,1,1,5,2,2,1,0,0,1,1,1,1,1,0,0,0,1,0,0,0,2,3,3,86,92,89,88,91,90,92,93,90.125,1
student_136,12,1,3,2,1,1,3,0,0,0,0,1,0,0,1,2,1,0,0,0,0,0,2,1,1,1,1,1,2,1,1,0,0,1,0,0,0,0,0,0,0,0,0,0,1,1,1,3,88.75,89.5,91.75,92.5,91.75,90.25,92.5,93.75,91.34,1
student_137,13,1,5,3,4,1,3,0,0,1,0,0,0,0,1,2,1,0,1,0,1,0,1,0,1,2,1,5,1,1,1,0,0,1,0,0,0,1,0,0,0,1,1,1,0,2,1,3,87,89,94,90,87,90,90,94,90.125,1
student_138,12,0,5,1,1,1,3,1,0,0,0,0,0,0,1,3,1,0,0,1,0,0,2,1,1,1,2,1,3,1,1,0,1,0,1,1,1,0,0,0,0,0,0,0,0,2,1,3,95,95,95,96,95,92,95,95,95,1
student_139,12,1,5,1,1,2,1,1,1,1,0,0,1,0,1,3,1,1,0,1,0,0,2,0,1,2,1,1,1,1,1,0,0,1,0,0,0,1,0,0,0,1,0,0,1,1,1,3,87,91,96,94,93,92,93,97,93,1
student_140,12,0,5,2,1,1,3,0,0,1,1,0,1,0,1,3,1,1,1,1,1,0,2,1,2,2,1,1,2,1,1,0,0,1,0,0,0,0,0,0,0,0,0,0,1,2,1,2,91,91,92,92,90,88,90,90,91,1
student_141,12,0,3,2,1,1,3,1,1,1,0,0,1,0,1,3,0,0,1,0,0,0,1,1,1,1,1,1,3,1,1,0,0,1,0,0,0,0,0,0,0,0,0,0,0,2,1,3,88.75,88.5,92.5,92.5,90,91.5,94.5,94.5,91.56,1
student_142,13,1,5,3,1,1,3,0,1,1,0,0,0,0,1,3,1,0,1,1,1,0,1,1,1,1,1,1,2,1,1,0,0,1,0,0,0,0,0,0,0,0,0,0,0,2,1,3,86,90,90,92,93,90,92,95,91,1
student_143,12,0,5,2,1,2,3,1,1,1,0,0,1,1,5,3,1,1,1,0,1,1,2,1,1,1,2,1,3,1,1,0,0,1,1,1,1,0,0,0,0,0,0,0,0,1,3,3,91,92,93,92,94,92,92,94,93,1
student_144,13,0,5,1,1,2,3,1,1,1,0,0,0,0,1,3,1,0,0,0,0,0,3,1,1,1,2,1,3,2,1,0,0,1,0,0,0,0,0,0,1,0,0,1,1,1,1,3,90,94,92,92,92,93,91,92,92,1
student_145,12,1,5,2,1,1,1,0,0,0,0,0,1,1,1,3,0,0,1,0,1,0,2,1,2,1,1,1,3,1,1,0,0,1,1,1,1,1,0,0,0,1,0,0,1,1,2,3,89,95,89,92,91,95,95,94,93,1
student_146,12,0,5,1,1,1,3,1,1,1,0,0,0,0,1,3,1,1,1,1,1,0,2,1,1,NaN,1,2,3,1,1,0,0,1,1,0,0,1,0,0,0,0,0,0,0,2,2,3,93,93,93,91,91,96,92,97,93,1
student_147,13,0,3,1,3,1,3,1,1,0,0,0,0,0,1,3,1,0,0,0,0,0,2,1,1,1,2,1,3,2,1,0,1,1,0,1,0,0,0,0,0,0,0,1,0,2,1,3,96,97,96,95,92,96,96,96,96,1
student_148,12,1,NaN,3,1,1,3,0,1,1,1,0,0,0,1,3,1,1,0,1,0,0,2,1,1,1,1,1,3,1,1,0,0,1,0,0,0,0,0,0,0,1,0,0,0,1,2,3,87,92,93,89,87,88,95,88,90,1
student_149,13,0,5,1,1,1,3,0,1,0,0,0,0,0,1,2,0,0,0,1,0,0,2,1,1,1,1,1,1,1,1,0,0,1,0,0,0,0,0,0,0,0,0,0,1,2,1,3,89,90,88,93,90,95,93,95,92,1
student_150,13,1,NaN,1,1,1,3,0,1,1,0,0,1,0,1,3,1,0,1,0,1,0,1,0,1,1,1,5,3,1,1,0,0,1,0,0,0,0,0,0,0,1,0,0,1,1,4,3,87,94,94,92,88,92,92,96,92,1
student_151,13,1,5,3,1,1,3,1,1,1,0,0,0,0,1,3,0,1,1,0,0,0,1,0,1,1,2,2,3,1,1,0,0,1,1,0,1,0,0,0,0,0,0,0,1,1,2,3,89,92,92,86,89,90,93,91,91,1
student_152,13,0,5,4,1,1,3,1,1,1,1,1,1,1,6,3,0,0,0,1,0,0,1,1,2,2,1,NaN,1,1,0,0,0,0,0,0,0,0,0,0,0,1,0,0,1,1,2,3,78,81,82,78,83,85,80,83,81,5
student_153,12,1,1,1,4,1,2,0,0,0,0,0,1,0,4,2,1,0,0,0,0,0,1,0,2,1,3,1,2,2,0,0,0,0,0,0,0,0,0,0,0,1,1,0,1,2,1,3,80,81,83,83,82,82,82,84,82,5
student_154,15,1,5,2,4,1,1,0,0,1,0,0,0,0,4,3,0,0,1,0,0,0,3,1,1,2,2,4,3,1,0,0,0,0,0,0,0,0,0,0,0,0,0,1,0,2,4,2,80,76,79,77,84,87,81,82,81,5
student_155,13,0,5,1,2,1,3,0,0,1,0,0,0,0,1,2,0,0,0,0,0,0,1,0,1,2,2,4,3,1,0,0,0,0,0,0,0,0,0,0,0,1,0,0,0,2,1,3,79,85,83,85,81,84,84,86,84,5
student_156,13,1,3,2,1,1,3,0,0,0,1,0,1,0,3,3,0,1,0,0,0,0,1,0,3,2,3,2,2,1,0,0,0,0,0,0,0,0,0,0,0,1,0,0,1,1,1,3,78,79,79,84,85,84,82,87,82,5
student_157,13,0,3,1,1,1,3,0,0,0,0,1,0,0,3,2,0,0,0,0,0,1,1,0,2,2,2,2,2,2,0,0,0,0,0,0,0,0,0,0,0,0,0,1,1,2,2,3,79,78,80,79,83,81,80,93,82,5
student_158,13,0,3,2,1,1,1,1,1,1,1,0,0,1,3,3,1,1,0,1,0,0,1,1,3,2,3,3,1,1,0,0,0,0,0,0,0,0,0,0,0,0,1,0,0,1,3,2,84,77,84,84,78,80,77,84,81,5
student_159,13,0,5,4,2,1,4,0,0,0,0,1,0,0,1,3,0,0,0,0,0,0,1,0,NaN,NaN,1,NaN,NaN,NaN,0,0,0,0,0,0,0,0,0,NaN,NaN,NaN,NaN,NaN,NaN,NaN,NaN,NaN,75.5,76,79,79,76,82.5,79,82.5,78.5,5
student_160,14,1,5,4,4,1,1,0,0,0,0,0,1,0,1,2,0,1,0,0,0,0,1,0,1,2,2,3,2,3,0,0,0,0,0,0,0,0,0,0,0,0,1,0,1,2,3,2,83,82,82,83,83,85,84,84,83,5
student_161,14,1,3,1,1,1,1,0,0,0,0,0,0,1,1,2,0,0,0,1,0,0,1,1,2,3,1,1,2,1,1,0,0,1,0,0,0,0,0,0,0,0,0,1,1,2,1,2,87,86,85,87,84,86,89,90,87,5
student_162,12,1,3,1,1,2,1,0,0,0,0,0,0,1,3,2,0,0,0,0,1,0,2,0,2,3,3,1,1,2,0,0,0,0,0,0,0,0,0,0,0,1,0,0,0,2,4,2,80,79,83,79,82,87,80,85,82,5
student_163,14,1,1,2,1,1,3,0,0,0,0,1,0,0,4,3,1,0,0,0,0,0,1,NaN,2,1,2,2,3,1,0,0,0,0,0,0,0,0,0,0,0,0,1,0,0,1,2,3,79,82,80,82,81,81,79,84,81,5
student_164,14,1,3,2,1,1,1,0,0,1,0,0,0,0,5,2,0,1,0,0,0,0,1,0,2,2,1,3,1,2,0,0,0,0,0,0,0,0,0,0,0,0,1,0,1,2,2,2,78,78,80,83,83,80,84,80,81,5
student_165,12,0,1,1,2,1,2,1,0,0,0,0,0,0,1,2,0,0,0,1,0,0,1,1,NaN,3,2,1,2,2,0,0,0,0,0,0,0,0,0,1,0,0,0,0,0,2,1,1,82,79,83,80,81,82,83,82,82,5
student_166,12,1,3,2,1,1,1,0,0,1,0,0,0,0,4,2,1,0,0,0,0,0,2,0,2,2,1,2,1,2,1,0,0,0,0,0,0,0,0,0,0,1,0,0,1,2,2,2,81,82,85,81,83,90,86,85,84,5
student_167,13,1,1,1,1,1,1,0,0,1,0,0,0,0,4,1,0,0,1,0,0,0,1,1,2,2,2,1,2,1,1,0,0,0,0,0,0,0,1,0,0,1,0,0,0,1,2,1,88,84,77,84,90,83,86,86,85,5
student_168,12,1,5,1,1,1,1,0,0,1,0,0,0,0,4,2,0,0,0,1,0,0,1,1,1,3,1,1,3,1,0,0,0,0,0,0,0,0,0,0,0,1,0,0,1,2,1,3,77,86,76,85,82,86,85,79,82,5
student_169,12,0,5,1,1,3,3,0,1,0,0,0,0,0,4,2,1,0,0,0,0,0,3,0,2,1,1,4,3,2,0,0,0,0,0,0,0,0,0,0,0,0,1,0,1,2,1,3,83,85,84,86,84,86,88,87,85,4
student_170,13,0,5,1,1,2,2,0,0,1,0,0,0,0,4,1,1,0,0,0,0,0,3,0,2,1,2,4,1,2,1,0,0,0,0,0,1,0,0,0,0,1,0,0,1,1,4,2,84,85,87,82,86,85,86,85,85,4
student_171,13,0,5,2,1,1,1,0,1,1,0,0,1,0,4,3,1,1,1,1,0,0,3,0,3,1,1,1,2,1,1,0,0,1,0,0,1,0,0,0,0,0,0,0,1,2,2,3,79,90,86,86,89,93,89,90,88,4
student_172,12,1,4,2,4,2,1,1,0,0,1,1,0,0,4,1,0,1,1,0,0,0,2,1,1,2,1,5,1,2,1,0,0,1,0,0,0,0,0,0,0,0,0,0,1,1,1,3,88,84,85,84,83,85,84,84,85,4
student_173,13,0,5,1,1,1,1,1,1,1,1,1,1,1,4,3,1,1,1,1,1,1,1,0,1,3,1,1,3,1,1,0,0,0,1,1,1,0,0,0,0,0,1,0,1,1,4,3,83,86,88,89,85,84,86,88,86,4
student_174,13,0,3,1,1,3,3,0,0,0,0,0,1,1,5,1,0,0,0,0,0,0,2,0,2,2,1,2,3,2,0,0,0,0,0,0,0,0,1,0,1,0,0,0,0,2,2,3,88,84,86,87,89,87,88,90,87,4
student_175,12,0,3,4,1,3,3,0,0,0,1,0,0,0,5,2,0,0,0,0,1,0,1,0,1,1,2,4,3,NaN,1,0,0,1,0,0,0,0,,0,1,0,0,0,0,2,2,1,85,86,85,87,86,85,84,86,86,4
student_176,13,0,5,4,1,1,3,1,0,0,0,0,0,0,4,3,0,0,1,0,0,0,2,1,2,3,1,5,3,1,0,0,0,0,0,0,0,0,1,0,0,0,1,0,1,1,1,3,85,86,86,86,87,87,88,88,86,4
student_177,12,1,5,1,3,3,3,0,0,0,0,1,0,0,3,2,0,0,0,0,0,0,1,0,3,2,4,1,2,2,1,0,0,0,0,0,0,0,1,NaN,NaN,NaN,NaN,NaN,0,2,3,3,82,83,83,84,92,84,83,90,85,4
student_178,12,0,3,2,2,1,1,0,0,0,0,1,0,0,4,2,0,0,0,0,0,0,3,0,NaN,2,1,NaN,2,2,0,0,0,0,0,0,0,0,0,0,0,1,0,0,0,3,2,3,83,84,87,87,89,85,82,84,85,4
student_179,12,0,3,2,1,1,1,1,0,0,0,0,1,0,4,NaN,0,0,1,1,0,0,2,0,2,3,1,4,3,1,1,0,0,0,0,0,0,0,1,0,0,0,0,1,1,2,3,1,85,84,86,87,86,87,86,88,86,4
student_180,13,1,3,1,1,1,1,0,0,0,1,0,0,0,4,3,0,0,0,1,0,0,1,0,2,2,1,3,1,1,1,0,0,0,0,0,0,0,1,1,0,0,0,0,1,1,1,2,82,86,85,90,86,86,86,90,86,4
student_181,13,1,3,2,1,3,1,0,1,1,0,0,0,0,4,2,0,1,0,0,0,1,1,1,2,2,1,5,2,2,1,0,0,0,0,0,0,1,0,0,0,1,0,0,1,1,1,2,83,87,90,87,82,84,83,82,85,4
student_182,13,1,3,1,1,3,1,0,0,0,0,1,0,0,4,2,0,0,0,1,0,0,2,0,3,2,1,3,3,3,1,0,0,0,0,0,0,0,0,0,0,1,0,0,0,2,3,3,81,86,88,83,89,89,88,89,86,4
student_183,12,1,3,NaN,1,1,3,0,0,0,0,0,1,0,4,3,0,0,0,0,1,0,1,0,2,2,1,1,2,2,1,0,0,0,0,0,0,0,1,0,0,1,0,0,0,2,3,2,81,85,85,83,86,91,89,89,86,4
student_184,12,1,3,2,1,1,3,0,0,0,1,0,0,0,4,3,0,0,0,0,1,0,1,0,2,2,2,1,2,2,1,0,0,0,0,0,0,0,1,0,0,1,0,0,0,2,3,3,83,85,86,88,86,85,86,90,86,4
student_185,12,1,3,2,2,1,2,0,0,0,0,1,0,0,4,2,0,0,1,0,0,0,2,0,2,2,2,3,2,2,1,0,0,0,0,0,0,0,1,0,0,0,1,0,1,2,2,3,84,84,85,88,86,86,87,90,86,4
student_186,13,1,3,1,3,3,2,0,0,0,0,1,0,0,4,1,0,0,1,0,0,0,2,0,1,1,1,5,3,2,1,0,0,1,0,0,0,0,0,0,0,0,0,0,1,2,1,3,85,88,87,88,88,85,86,88,87,4
student_187,13,1,3,1,4,2,1,0,0,0,0,0,0,0,5,2,0,0,0,0,0,0,1,0,3,3,1,1,3,2,1,0,0,0,0,0,0,0,0,0,0,0,0,0,1,1,3,3,85,85,89,89,86,84,85,92,87,4
student_188,12,0,5,1,4,3,2,0,0,0,0,1,0,1,5,1,0,0,0,0,0,0,2,0,1,2,1,1,2,3,0,0,0,0,0,0,0,0,0,0,0,0,1,0,0,2,3,3,87,82,83,85,86,86,87,86,85,4
student_189,12,0,2,1,1,1,3,0,1,0,0,0,0,0,1,2,1,0,0,0,0,0,2,0,2,2,3,1,3,1,0,0,0,0,0,0,0,0,0,0,0,0,0,0,0,2,2,3,83,91,80,84,85,88,89,92,86.5,4
student_190,15,0,3,3,1,3,1,1,0,0,0,0,0,0,3,2,0,0,0,0,1,0,1,0,2,1,1,1,1,1,1,0,0,0,0,0,0,0,0,0,0,0,0,1,1,2,2,3,88,86,81,82,86,81,87,84,85,4
student_191,12,1,5,1,1,3,1,1,0,0,0,0,0,0,4,2,0,0,0,1,0,0,1,1,2,2,3,1,2,1,1,0,0,1,0,0,0,0,0,0,0,0,1,0,0,2,NaN,3,83,86,85,86,88,84,84,88,86,4
student_192,13,0,4,1,1,1,1,1,0,0,0,0,0,0,NaN,NaN,0,0,0,0,0,0,1,0,2,3,1,1,1,2,1,0,0,0,0,1,0,0,0,1,0,0,0,0,1,1,4,3,86,84,79,82,82,85,78,88,83,4
student_193,12,1,5,2,1,1,1,0,1,0,0,0,0,0,4,2,0,0,1,0,0,0,1,0,2,1,2,1,3,2,1,0,0,0,0,0,0,1,0,0,0,0,0,0,0,2,1,3,84,83,85,84,86,87,86,89,85.5,4
student_194,13,1,3,3,1,1,1,0,0,0,0,1,0,0,3,2,0,0,0,1,0,0,1,0,2,2,1,5,1,2,1,0,0,0,0,0,0,0,1,0,1,0,0,0,0,2,3,2,81,82,85,84.5,86,84,85,88,85,4
student_195,13,1,3,1,2,1,1,1,0,0,0,0,0,0,4,3,0,0,1,0,0,0,2,0,2,2,1,1,3,3,1,0,0,0,0,0,0,1,0,0,0,0,1,0,1,3,1,2,83,86,87,87,86,88,87,85,86,4
student_196,13,0,5,2,1,3,1,0,1,0,0,0,0,0,3,2,1,0,0,0,0,0,1,1,2,2,1,3,3,1,1,0,0,0,0,0,0,0,1,0,0,1,0,0,0,3,4,3,87,83,88,86,89,88,87,83,86,4
student_197,12,1,5,1,2,3,1,0,0,0,0,0,0,1,4,2,0,0,1,0,0,0,2,1,2,2,1,2,1,2,1,0,0,0,0,0,0,0,1,0,0,0,1,0,1,2,4,3,85,84,83,84,87,83,85,87,85,4
student_198,12,1,5,1,2,1,3,0,0,1,0,0,0,0,4,2,0,0,0,0,1,0,1,0,1,2,1,2,3,2,0,0,0,0,0,0,0,0,0,0,0,1,0,0,1,1,1,3,88,86,88,87,86,88,88,88,87,4
student_199,13,0,3,1,2,1,1,1,1,1,1,0,0,1,4,3,0,0,0,1,0,0,1,0,2,2,2,5,3,2,1,0,0,0,0,0,0,0,1,0,0,1,0,0,1,3,1,3,86,81,83,84,86,85,82,92,85,4
student_200,13,0,5,3,1,1,1,1,0,1,0,0,0,1,4,1,0,0,0,0,0,0,1,0,2,3,1,1,1,2,1,0,0,0,0,1,0,0,0,1,0,0,0,0,1,2,4,3,86,83,86,88,83,85,86,89,86,4
student_201,13,1,4,2,1,3,3,0,0,0,0,1,0,0,4,3,0,0,0,0,0,0,1,0,2,3,3,NaN,3,1,1,0,0,0,0,0,0,1,0,0,0,1,0,0,0,1,2,3,86,85,84,85,84,85,86,84,85,4
student_202,13,1,5,2,1,3,1,1,0,0,0,0,0,0,4,2,0,0,1,1,1,0,2,1,2,2,2,4,2,1,1,0,0,0,0,0,0,0,0,0,0,0,1,0,1,2,2,3,84,84,85,88,86,86,87,90,86,4
student_203,12,1,3,2,1,2,1,0,0,1,0,1,0,0,4,2,1,0,1,0,0,0,1,1,1,1,1,2,3,1,1,0,0,0,0,0,0,1,0,0,0,0,1,0,1,2,1,3,76,89,85,88,88,91,86,89,87,4
student_204,13,1,5,1,1,2,1,0,0,0,0,0,0,1,4,2,1,0,0,0,0,0,2,1,1,3,1,5,3,1,1,0,0,1,0,0,0,0,0,0,1,1,0,0,0,1,4,2,81,86,85,89,84,89,89,90,87,4
student_205,16,0,3,1,2,1,3,1,1,0,0,0,0,1,4,3,0,0,1,0,0,0,3,1,2,2,1,1,2,1,1,0,0,0,1,1,0,1,0,0,0,0,1,0,0,2,2,3,89,89,83,87,88,88,85,86,87,4
student_206,13,1,3,1,1,3,1,0,0,0,0,1,0,0,4,2,0,0,0,1,0,0,1,1,2,2,1,5,2,2,1,0,0,0,0,0,0,1,0,0,0,1,0,0,0,2,2,3,84,82,86,86,85,87,84,88,85,4
student_207,13,0,5,2,1,1,3,1,0,0,0,0,0,0,5,3,0,0,0,1,0,0,1,0,2,2,1,1,3,1,1,0,0,0,0,0,1,1,1,0,0,0,1,0,1,1,3,3,83,83,85,86,84,85,86,86,85,4
student_208,12,1,3,1,1,1,1,0,1,0,0,0,0,0,4,3,1,0,0,0,0,0,1,1,1,NaN,1,5,3,1,1,0,0,0,0,0,0,0,1,0,1,0,0,0,1,1,3,3,84,82,86,86,85,87,84,88,85,4
student_209,12,1,3,2,1,3,1,0,0,0,1,0,0,0,3,2,0,1,0,0,1,0,2,0,2,2,3,1,2,1,0,0,0,0,0,0,0,0,0,0,1,0,0,0,1,2,2,3,80,77,79,79,77,80,79,79,79,5
student_210,14,1,3,2,3,3,1,0,0,0,1,0,0,0,3,2,0,1,0,0,1,0,1,0,2,2,1,1,2,2,0,0,0,0,0,0,0,0,0,NaN,NaN,NaN,NaN,NaN,NaN,3,1,1,81.25,83.5,80,82.5,87.5,88.5,88.25,87.25,84.845,5
student_211,14,1,3,2,1,3,2,1,0,0,0,0,0,0,3,3,0,0,0,1,0,0,2,0,1,2,2,2,3,2,0,0,0,0,0,0,0,0,0,0,0,0,0,0,1,2,1,3,79,82,78,82,83,80,83,83,82,5
student_212,14,1,3,2,1,1,3,1,0,0,0,0,0,0,5,1,0,0,0,1,0,0,2,0,2,2,2,3,3,1,0,0,0,0,0,0,0,0,0,0,0,0,0,1,1,3,2,2,86,83,83,89,88,81,85,93,86,5
student_213,13,1,3,2,1,3,1,0,0,1,0,0,0,0,5,NaN,1,0,0,0,0,0,1,1,1,2,1,2,3,1,0,0,0,0,0,0,0,0,0,0,0,1,0,0,1,2,3,3,79,82,83,83,80,85,86,85,83,5
student_214,12,1,3,2,1,1,1,1,0,0,0,0,0,0,4,2,1,0,0,0,0,0,2,1,1,2,1,1,2,1,1,0,0,0,0,1,0,0,0,0,0,0,0,1,1,1,2,3,91,83,86,86,87,84,82,85,85.937,5
student_215,12,1,3,2,2,3,3,1,0,0,0,0,0,0,NaN,2,0,1,0,1,0,0,2,1,2,1,1,NaN,2,1,0,0,0,0,0,0,0,0,0,1,0,0,0,0,0,2,4,3,77,81,79,86,81,85,82,79,81,5
student_216,14,1,1,1,4,3,1,0,0,0,1,0,0,0,4,3,0,1,0,0,1,0,2,0,1,1,1,5,1,2,0,0,0,0,0,0,0,0,0,0,0,0,0,0,0,2,1,1,76,80,77,82,79,85,86,83,80,5
student_217,12,1,3,2,4,1,1,1,0,0,0,0,0,0,5,1,0,0,1,0,0,0,2,0,1,1,1,5,3,1,1,0,0,0,0,0,0,0,1,0,0,0,0,0,0,2,2,3,90,84,83,84,84,85.5,86,90,86,5
student_218,13,1,NaN,1,1,3,3,0,0,0,0,1,0,0,NaN,2,0,0,0,1,0,0,NaN,1,NaN,1,1,5,3,1,0,0,0,0,0,0,0,0,0,0,0,0,0,0,1,1,3,3,84,84,83,84,85,82,83,83,84,5
student_219,12,1,NaN,2,1,1,3,0,0,0,0,0,1,0,NaN,2,0,0,0,1,0,0,3,1,2,1,1,5,3,1,0,0,0,0,0,0,0,0,0,0,0,0,0,0,1,1,3,3,89,85,81,83,86,82,84,83,84,5
student_220,13,1,3,2,4,3,1,0,0,1,0,0,0,0,2,3,0,0,0,1,0,0,1,1,1,2,1,5,3,1,1,0,0,0,0,0,0,0,1,0,0,1,0,0,1,1,4,3,81,84,89,87,87,83,89,89,86,5
student_221,13,1,5,1,1,1,1,0,0,0,1,0,1,0,5,2,0,0,1,0,1,0,1,1,1,1,1,4,1,2,1,0,0,0,0,0,0,0,1,1,0,0,0,0,1,2,2,3,83,88,80,80,87,85,88,86,85,5
student_222,12,1,3,2,1,3,1,0,1,0,0,0,0,0,5,2,0,0,0,1,0,0,2,0,2,2,2,5,3,2,0,0,0,0,0,0,0,0,0,0,0,0,1,0,0,2,3,3,80,77,80,80,80,81,82,85,80.625,5
student_223,12,1,3,2,3,3,1,1,1,1,0,0,1,0,3,2,0,1,1,1,0,0,1,0,2,2,1,3,2,2,1,0,0,0,0,0,0,0,0,0,0,0,1,1,0,2,2,2,80,80,78,87,82,87,87,87,84,5
student_224,12,1,1,1,1,3,2,0,0,0,0,0,0,1,4,2,1,1,0,0,0,1,1,0,1,2,1,NaN,2,2,0,0,0,0,0,0,0,0,0,0,0,1,0,0,1,2,1,3,76,86,83,86,88,92,86,86,85,5
student_225,15,1,3,1,1,3,1,0,0,0,0,0,1,0,3,2,0,0,0,1,0,0,1,1,2,3,3,1,1,1,0,0,0,0,0,0,0,0,0,0,0,1,0,0,1,2,3,3,76,81,79,84,82,83,82,87,82,5
student_226,12,1,3,1,1,3,1,0,0,0,0,0,1,0,3,2,0,0,0,1,0,0,1,1,2,3,2,1,1,1,0,0,0,0,0,0,0,0,0,0,0,1,0,0,1,2,3,3,79,84,78,81,84,82,84,83,82,5
student_227,12,1,1,2,1,1,4,0,0,0,0,1,0,0,4,2,1,0,0,0,0,0,3,0,1,1,2,2,1,1,0,0,0,0,0,0,0,0,0,0,0,1,0,0,0,1,3,1,78,76,77,79,82,77,76,77,78,5
student_228,12,1,3,1,1,1,2,0,0,0,0,0,1,1,4,2,0,0,1,0,1,0,1,0,2,3,2,1,3,2,0,0,0,0,0,0,0,0,0,0,0,1,1,1,0,2,2,2,77,80,80,80,81,83,82,84,81,5
student_229,13,0,3,2,4,1,2,0,0,1,0,0,0,0,5,3,1,0,0,0,1,0,3,1,2,2,3,5,3,3,0,0,0,0,0,0,0,0,0,0,0,0,0,1,0,2,4,2,76,77,75,76,76,80,75,75,76,5
student_230,14,0,5,1,4,4,4,0,0,0,1,0,0,0,4,3,0,0,0,1,0,0,3,0,3,3,4,4,3,3,0,0,0,0,0,0,0,0,0,0,0,0,0,0,0,3,4,3,76,76,76,77,76,80,79,81,78,5
student_231,12,0,3,1,1,3,1,1,0,0,0,0,0,0,5,2,0,0,0,1,0,0,3,1,2,2,4,2,1,2,0,0,0,0,0,0,0,0,0,0,0,0,0,1,0,3,2,2,77,80,81,75,76,81,79,77,78,5
student_232,14,2,5,4,4,1,1,0,0,0,0,0,0,1,NaN,NaN,0,0,1,0,0,0,1,1,1,1,2,4,1,1,0,0,0,0,0,0,0,0,0,0,0,0,0,0,1,2,4,2,77,78,82,79,83,81,82,84,81,5
student_233,13,0,5,1,1,1,3,0,0,0,0,1,0,0,5,1,0,0,0,0,1,0,2,0,2,1,3,2,2,1,0,0,0,0,0,0,0,0,0,0,0,1,0,0,0,2,4,2,76,78,75,81,82,81,76,80,79,5
student_234,12,0,3,1,1,3,1,0,0,0,1,0,1,0,5,2,1,0,0,0,0,0,2,0,2,2,2,2,2,2,0,0,0,0,0,0,0,1,0,0,0,1,0,0,1,2,1,3,82,80,85,78,82,89,82,83,83,5
student_235,14,0,1,1,4,1,1,0,0,1,0,0,0,0,2,2,0,0,0,0,1,0,2,0,2,2,2,3,2,1,0,0,0,0,0,0,0,0,0,1,0,0,0,0,0,1,2,3,76,77,76,78,78,80,81,85,79,5
student_236,13,0,5,4,4,2,4,0,0,1,0,0,0,0,5,2,0,0,0,0,0,0,1,1,2,3,1,4,3,2,0,0,0,0,0,0,0,0,0,0,0,1,0,0,1,2,4,3,81,82,83,82,84,84,84,86,83,5
student_237,15,1,3,2,4,3,4,1,0,0,0,0,0,0,NaN,1,1,0,0,0,0,0,1,1,2,2,2,1,2,2,0,0,0,0,0,0,0,0,0,0,0,1,0,0,0,2,2,2,82,84,81,77,79,84,80,82,82,5
student_238,13,0,3,1,1,1,3,0,0,0,0,0,0,1,NaN,NaN,0,0,1,0,0,0,1,0,3,2,2,5,3,3,1,0,0,0,0,0,0,0,0,0,0,0,0,1,1,3,3,3,81,82,85,80,83,88,84,86,84,5
student_239,14,0,3,2,1,3,1,0,0,0,1,0,0,0,4,2,0,0,0,1,0,0,3,1,2,2,2,2,1,1,0,0,0,0,0,0,0,0,0,0,0,1,0,0,1,1,2,3,78,82,79,77,78,85,82,83,81,5
student_240,14,0,3,2,1,2,4,1,0,0,0,0,0,0,6,2,0,0,0,1,0,0,1,1,3,3,4,4,1,1,1,0,0,0,0,0,0,1,0,0,0,1,0,0,0,3,1,3,75,76,75,75,75,75,76,75,75.25,5
student_241,12,0,3,2,1,2,1,0,0,0,0,1,0,0,NaN,2,0,0,1,0,0,0,1,0,1,3,1,5,2,2,1,0,0,0,0,0,0,0,1,0,0,1,0,0,1,2,1,3,83,86,90,91,90,85,89,89,87.875,4
student_242,13,0,NaN,1,1,3,1,0,0,0,0,0,0,1,NaN,2,0,0,1,0,0,0,2,0,1,2,1,5,3,1,0,0,0,0,0,0,0,0,0,0,0,0,0,0,0,1,4,3,83,81,83,87,88,89,90,91,87,4
student_243,14,0,3,2,1,1,3,0,0,1,0,0,0,0,4,2,0,1,0,0,0,0,1,1,1,3,1,2,2,1,1,0,0,0,0,0,0,0,0,0,0,1,0,0,1,1,1,3,88,87,88,87,85,87,87,90,87,4
student_244,12,0,NaN,1,1,3,3,0,0,1,0,0,0,0,4,2,0,0,0,1,0,0,2,0,1,1,1,4,2,2,1,0,0,0,0,0,0,0,0,0,0,1,0,0,0,2,2,3,84,85,86,84,85,92,83,85,86,4
student_245,13,0,1,1,2,1,1,0,0,1,0,0,0,0,4,2,0,1,0,0,0,0,2,0,2,3,1,2,2,2,0,0,0,0,0,0,0,0,0,0,0,0,1,0,1,2,1,3,87,86,86,85,87,87,87,87,87,4
student_246,12,1,3,2,1,1,1,1,0,0,0,0,0,0,4,2,0,0,0,0,1,0,1,1,2,2,2,1,1,1,1,0,0,0,0,0,0,0,1,0,0,0,0,0,1,2,1,3,85,85,83,86,89,88,88,94,87,4
student_247,13,1,3,4,1,3,1,1,0,0,0,0,0,0,4,2,0,0,0,1,0,0,2,1,1,2,1,2,2,1,1,0,0,0,0,1,0,0,0,0,0,1,0,0,1,2,2,3,96,91,93,92,91,92,92,92,92.375,4
student_248,14,1,1,4,4,1,1,0,0,0,0,0,0,1,4,2,0,0,0,1,0,0,1,1,1,1,1,1,2,2,1,0,0,0,0,0,0,0,0,0,0,0,0,0,1,2,4,3,82,87,81,88,86,86,89,88,88,4
student_249,13,1,5,2,1,2,3,1,0,0,0,0,0,0,4,2,0,0,0,0,0,0,2,0,1,1,1,5,3,2,1,0,0,1,0,0,0,0,0,0,0,0,0,0,0,2,2,3,88,85,91,87,84,86,90,91,87,4
student_250,12,1,1,3,1,1,3,0,0,1,0,0,0,1,3,2,0,1,0,0,1,1,2,0,1,1,1,5,3,1,1,0,0,0,0,0,0,0,1,0,0,1,0,0,1,2,3,3,85,83,86,85,83,86,89,88,86,4
student_251,12,1,1,3,1,1,3,1,0,0,0,0,0,0,3,2,0,1,0,0,1,0,2,1,1,1,1,5,3,3,1,0,0,0,0,0,0,0,1,0,0,0,0,0,1,1,3,3,87,86,86,87,86,87,88,88,87,4
student_252,12,1,1,2,1,1,1,1,0,0,0,0,0,0,1,2,0,0,0,1,0,0,1,0,2,2,1,1,3,2,1,0,0,0,0,0,1,1,0,0,0,0,0,1,0,2,4,3,86,86,86,87,86,86,86,87,86,4
student_253,12,1,5,1,1,3,2,1,0,0,0,0,0,0,1,2,0,0,0,1,0,0,1,1,3,2,3,1,3,1,1,0,0,0,0,0,0,0,1,0,0,0,0,1,1,2,4,2,88,86,85,86,87,85,87,88,87,4
student_254,12,1,3,1,1,3,2,0,1,0,1,0,0,0,4,2,0,1,0,0,1,1,1,0,2,2,1,1,3,2,1,0,0,1,0,0,1,1,0,0,0,1,1,1,1,3,3,3,90,88,88,89,86,84,84,85,87,4
student_255,12,1,3,3,1,1,1,0,1,0,0,0,0,0,4,2,1,1,1,0,1,0,1,1,3,2,1,2,2,1,1,0,0,0,1,0,1,0,0,0,0,0,1,0,1,1,1,3,84,86,85,85,89,88,87,93,87,4
student_256,14,1,5,3,4,3,1,1,0,1,0,1,1,0,NaN,2,0,0,1,1,1,1,1,1,1,2,1,3,1,1,0,0,0,0,0,0,0,0,0,0,0,0,1,1,0,3,4,2,85,83,86,89,86,90,90,90,87,4
student_257,13,1,3,1,1,3,3,1,0,0,0,0,0,0,4,2,0,0,1,0,0,0,2,0,3,1,4,1,3,2,0,0,0,0,0,0,0,0,0,0,0,1,0,0,1,2,2,2,86,85,87,87,89,86,88,88,87,4
student_258,13,1,3,1,1,3,1,1,0,0,1,1,1,0,4,3,1,0,0,0,0,0,2,0,2,2,1,1,1,1,1,0,0,0,0,0,0,0,1,0,0,0,1,0,0,2,1,3,87,87,86,87,87,86,86,88,87,4
student_259,12,0,3,4,1,1,2,0,0,0,0,0,0,0,3,2,1,1,0,1,1,0,2,0,3,3,3,2,3,2,0,0,0,0,0,0,0,0,0,0,0,0,1,0,1,1,4,3,85,88,86,86,87,85,83,88,86,4
student_260,12,1,3,1,1,3,3,1,0,0,0,0,0,0,4,3,0,0,0,1,0,0,2,0,1,1,1,2,1,2,0,0,0,0,0,0,0,0,0,0,0,0,1,0,0,3,2,2,89,88,88,85,86,90,84,92,87,4
student_261,13,0,3,1,1,3,2,1,0,0,0,0,0,0,4,2,1,0,0,0,0,0,2,1,1,2,2,3,1,1,1,0,0,0,0,0,0,0,1,0,0,0,0,0,1,2,3,2,86,86,88,89,90,85,84,86,87,4
student_262,12,1,3,1,1,3,3,0,0,0,1,0,0,0,NaN,2,0,0,0,0,0,0,2,0,2,3,3,2,1,2,0,0,0,0,0,0,0,0,0,0,0,0,1,0,0,2,3,3,88,87,85,84,88,86,86,87,86,4
student_263,12,1,5,2,1,2,1,1,0,1,1,0,0,0,4,3,0,0,1,1,0,0,3,1,NaN,2,1,1,2,NaN,1,0,0,0,0,0,0,1,0,0,0,0,1,1,0,2,2,2,89,88,85,86,87,86.25,86,88,87,4
student_264,12,1,3,1,1,1,3,0,0,0,0,0,0,1,1,2,0,0,1,0,0,0,1,0,2,1,2,1,2,2,1,0,0,0,0,0,0,0,0,0,0,1,0,0,0,1,1,3,84,84,86,88,86,88,86,91,87,4
student_265,14,1,5,1,1,1,1,1,0,0,0,0,0,0,4,3,0,1,0,0,1,0,1,1,2,1,1,5,2,1,1,0,0,1,0,0,0,1,0,1,0,0,0,0,1,1,4,3,82,93,78,89,87,88,90,85,87,4
student_266,12,1,2,1,1,1,3,1,0,1,0,1,0,1,1,2,0,0,0,0,1,0,1,0,1,1,1,3,2,1,1,0,0,1,0,0,0,0,0,0,0,1,0,0,1,1,2,3,84,81,85,84,89,91,89,92,87,4
student_267,12,1,3,2,1,2,1,0,1,0,0,0,0,0,4,3,0,0,0,1,0,0,2,0,1,2,1,2,1,1,1,0,0,0,0,1,0,0,0,0,1,0,0,0,1,2,2,3,86,85,85,84,84,85,87,87,85,4
student_268,13,0,5,1,2,1,1,1,0,0,0,0,0,0,4,3,0,0,0,0,1,0,1,1,1,1,2,2,1,1,1,0,0,1,0,0,0,0,0,0,1,0,0,0,1,2,1,3,90,86,92,90,90,84,85,86,88,4
student_269,13,1,3,2,4,2,3,0,1,1,0,0,0,0,2,2,1,0,0,0,0,0,1,1,2,2,2,1,2,1,1,0,0,0,1,0,0,1,0,0,0,1,0,0,1,2,2,2,86,85,88,84,87,86,89,88,87,4
student_270,12,1,5,1,1,3,1,1,1,0,1,0,1,1,4,2,1,1,1,1,0,1,1,0,1,2,1,NaN,2,2,1,0,0,0,0,0,0,0,0,0,0,0,0,0,1,1,4,3,89,84,90,86,90,87,87,83,87,4
student_271,12,1,3,1,1,1,1,0,1,0,1,0,0,0,3,3,1,0,0,0,0,0,1,0,1,1,1,1,2,1,1,0,0,0,0,0,0,0,0,0,0,1,0,0,0,1,4,3,83,84,88,86,89,89,85,86,86,4
student_272,13,1,5,1,1,3,1,1,0,1,1,1,0,1,4,2,0,0,0,0,0,0,2,1,1,1,1,1,3,1,1,0,0,0,0,0,0,1,0,0,0,0,0,1,1,2,1,3,88,82,85,88,88,89,90,91,87,4
student_273,12,0,3,1,2,3,2,0,1,0,0,0,0,0,3,2,0,0,0,0,1,0,1,0,2,2,2,4,2,1,1,0,0,1,0,0,0,0,0,0,0,1,0,0,0,1,2,3,86,86,85,87,86,89,86,91,87,4
student_274,12,0,3,2,1,2,1,1,0,0,0,0,0,0,1,2,0,0,0,0,1,0,2,0,1,1,1,4,1,1,1,0,0,0,0,0,0,0,0,0,0,0,0,0,0,2,3,3,83,86,88,87,85,91,85,90,87,4
student_275,12,1,3,1,4,1,1,0,0,0,0,0,1,0,4,3,0,1,0,0,0,0,1,1,1,2,1,2,3,2,1,0,0,0,0,0,0,0,1,0,0,0,1,0,0,1,1,3,85,86,85,84,86,86,86,86,86,4
student_276,12,0,3,2,1,2,1,0,0,1,0,0,0,0,4,2,0,0,1,0,0,0,3,0,2,2,1,2,3,1,1,0,0,0,0,0,0,0,0,0,0,0,0,1,0,2,3,2,82,84,85,89,87,85,86,89,86,4
student_277,14,1,5,1,3,2,2,0,0,1,0,0,0,0,4,2,0,0,0,0,1,0,2,0,1,1,1,4,NaN,3,1,0,0,0,0,0,0,0,1,0,0,1,0,0,1,1,1,3,87,85,89,88,87,87,87,88,87,4
student_278,12,1,3,1,1,2,1,0,0,0,1,0,0,0,1,2,1,0,0,0,0,0,3,0,2,2,1,5,3,3,1,0,0,0,0,0,0,0,1,0,0,1,0,0,0,2,1,2,86,85,86,88,86,86,89,88,87,4
student_279,13,0,5,1,4,3,1,0,0,0,0,1,0,0,4,2,0,0,0,0,0,0,1,0,1,2,1,5,3,1,1,0,0,0,0,0,0,1,0,0,0,1,0,0,0,3,2,3,83,84,86,89,87,89,87,88,87,4
student_280,13,0,3,4,2,1,3,1,0,0,0,0,0,0,4,3,0,0,0,1,0,0,2,1,1,1,1,NaN,2,1,1,0,0,1,0,0,0,0,0,0,0,0,0,0,0,1,3,3,92,85,85,90,85,86,84,89,87,4
student_281,12,1,5,1,4,1,2,0,0,0,0,1,0,0,2,3,0,0,0,1,0,0,1,0,2,1,1,4,3,2,1,0,0,0,0,0,0,0,1,0,0,1,0,0,0,1,2,3,87,86,85,85,87,89,86,88,87,4
student_282,12,1,1,1,3,2,2,0,0,0,0,1,0,0,4,2,0,0,1,0,0,0,2,0,2,3,1,3,3,1,1,0,0,0,0,0,0,0,0,0,0,1,0,1,1,2,3,3,82,83,82,86,88,85,93,91,86,4
student_283,13,1,NaN,1,1,3,NaN,0,0,0,1,0,0,0,5,2,0,0,0,0,0,0,1,0,1,3,3,4,3,3,0,0,0,0,0,0,0,0,0,0,0,1,0,0,1,2,1,3,81,82,81,80,80,83,83,81,81,5
student_284,12,1,5,1,NaN,3,3,0,0,0,0,0,0,1,5,2,0,0,1,0,0,0,1,1,2,2,1,5,3,2,0,0,0,0,0,0,0,0,0,0,0,1,0,0,0,2,3,2,81,82,80,83,83,87,83,79,83,5
student_285,13,1,5,2,1,3,3,1,1,0,1,0,0,1,4,3,0,0,0,1,0,0,2,0,2,1,1,2,2,3,0,0,0,0,0,0,0,0,0,0,0,0,1,0,1,1,1,3,86,79,85,84,88,85,84,80,84,5
student_286,12,1,3,2,1,3,2,0,0,0,0,0,1,0,5,2,0,0,1,0,0,0,2,0,1,3,2,5,3,1,0,0,0,0,0,0,0,0,0,0,0,1,0,0,0,1,1,3,75,79,81,81,78,85,83,83,81,5
student_287,14,0,5,4,2,1,1,0,0,0,1,0,0,0,5,1,0,0,0,0,0,0,2,0,1,2,3,5,1,1,1,0,0,0,0,0,0,1,0,0,0,0,0,0,0,1,1,3,81,80,81,81,79,84,81,81,81,5
student_288,15,0,3,1,1,3,1,0,0,0,0,1,0,0,5,1,0,0,0,0,0,0,2,0,3,3,4,5,3,3,0,0,0,0,0,0,0,0,0,0,0,0,0,0,1,2,4,3,80,79,80,76,84,80,77,79,79,5
student_289,13,0,3,1,1,2,1,0,0,0,0,0,1,0,5,2,0,0,0,0,0,0,2,0,1,1,1,5,2,2,0,0,0,0,0,0,0,0,0,0,0,0,0,0,0,3,1,3,82,80,84,82,81,83,87,83,83,5
student_290,12,1,5,1,2,1,1,1,0,0,0,0,0,0,5,1,0,0,0,0,0,0,2,0,1,2,3,5,1,1,1,0,0,0,0,0,0,1,0,0,0,0,0,0,0,1,1,3,78,82,77,85,80,82,80,86,81,5
student_291,13,1,3,3,1,1,1,0,1,0,0,0,0,0,4,2,0,0,0,1,0,0,1,0,1,2,1,1,1,2,0,0,0,0,0,0,0,0,0,0,0,0,0,0,0,1,3,3,76,82,80,81,80,85,77,83,81,5
student_292,13,0,3,1,1,1,1,0,0,0,0,0,1,0,5,2,0,0,0,1,0,0,1,1,2,2,2,3,3,2,0,0,0,0,0,0,0,0,0,0,1,0,0,0,0,1,4,3,77,78,77,79,78,83,77,81,79,5
student_293,12,0,3,1,1,3,1,1,0,0,0,0,0,0,5,2,0,0,0,1,0,0,2,0,2,3,1,5,1,3,0,0,0,0,0,0,0,0,0,0,0,0,0,1,0,2,2,3,83,78,82,81,83,83,82,82,82,5
student_294,14,1,5,1,4,3,3,0,0,0,1,0,0,0,5,1,0,0,0,0,0,0,3,1,2,1,3,4,1,1,0,0,0,0,0,0,0,0,0,NaN,NaN,NaN,NaN,NaN,1,1,1,1,77,80,78,78,80,82,82,82,80,5
student_295,12,1,5,2,3,3,3,0,0,0,0,0,1,0,4,3,1,0,0,0,0,0,2,0,3,1,2,1,3,1,0,0,0,0,0,0,0,0,0,0,0,0,0,0,0,1,2,2,82,87,77,86,88,84,80,86,83,5
student_296,13,0,2,1,2,4,1,0,1,0,0,0,0,0,3,1,0,1,0,0,0,0,3,1,2,1,3,1,1,2,0,0,0,0,0,0,0,0,0,1,0,0,0,0,1,2,2,3,77,78,75,79,83,81,76,86,79,5
student_297,13,0,5,2,1,1,3,1,0,0,0,0,0,0,4,2,0,0,0,1,0,0,1,0,1,2,1,3,2,2,1,0,0,0,0,0,0,1,0,1,0,0,0,0,1,1,2,3,81,80,81,87,82,86,84,87,84,5
student_298,13,1,3,2,4,2,1,0,0,0,1,0,0,0,4,2,0,0,0,1,0,0,1,0,2,2,2,5,2,2,0,0,0,0,0,0,0,0,0,0,0,0,0,1,0,2,2,3,82,79,79,83,84,81,82,85,82,5
student_299,12,1,3,1,2,3,1,0,1,0,0,0,0,0,2,2,1,0,0,0,0,0,1,1,2,2,2,2,2,2,0,0,0,0,0,0,0,0,0,0,1,0,0,0,1,1,2,2,84,83,83,85,87,84,82,87,84,5
student_300,12,0,5,1,1,3,3,0,1,0,0,0,0,0,5,2,0,0,0,1,0,0,1,0,1,1,1,5,2,2,0,0,0,0,0,0,0,0,0,0,0,0,1,0,0,2,1,1,79,80,83,82,81,79,81,82,81,5
student_301,13,0,3,1,4,3,3,0,0,0,1,0,0,0,5,2,0,0,0,1,0,0,2,0,3,3,1,2,1,2,0,0,0,0,0,0,0,0,0,0,1,0,0,0,1,2,2,2,76,76,76,76,76,76,76,79,76.375,5
student_302,13,0,3,1,4,3,3,0,0,0,1,0,0,0,5,2,0,0,0,1,0,0,2,0,3,3,2,2,1,2,0,0,0,0,0,0,0,0,0,0,1,0,0,0,1,2,2,3,79,78,80,81,81,84,81,86,81,5
student_303,12,1,5,1,1,3,1,0,0,0,0,0,1,0,5,3,1,0,0,0,0,0,1,0,2,2,1,1,2,2,1,0,0,0,0,0,0,0,0,0,0,0,1,0,1,1,1,2,81,78,89,84,90,88,87,79,85,5
student_304,12,1,5,1,2,1,3,0,1,0,0,0,0,0,5,3,1,0,0,0,0,0,2,1,2,2,2,5,2,1,0,0,0,0,0,0,0,0,0,0,0,1,0,0,0,2,1,3,84,82,84,83,85,85,82,88,84,5
student_305,13,1,5,1,4,3,3,1,0,1,1,0,1,0,4,2,0,0,1,0,0,0,2,1,2,1,3,4,2,1,0,0,0,0,0,0,0,0,0,0,0,0,0,0,1,1,3,3,85,82,83,83,83,83,84,83,83,5
student_306,15,0,2,1,1,2,2,0,0,0,1,0,0,0,5,2,0,0,0,1,0,0,1,0,2,1,2,3,2,2,0,0,0,0,0,0,0,0,0,0,0,0,0,0,1,1,3,2,79,81,81,80,81,85,84,84,82,5
student_307,13,0,2,1,1,2,2,0,0,0,1,0,0,0,5,2,0,0,0,1,0,0,1,0,2,1,3,1,2,2,0,0,0,0,0,0,0,0,0,0,0,0,1,0,1,2,3,1,79,77,85,78,79,86,76,78,80,5
student_308,13,0,1,4,4,1,2,0,0,0,0,0,1,0,4,3,0,0,1,0,1,0,3,1,3,1,1,5,3,3,0,0,0,0,0,0,0,0,0,0,0,0,1,0,1,1,1,1,80,78,82,83,81,81,82,81,81,5
student_309,12,0,3,1,1,3,1,0,0,0,0,1,0,0,5,1,0,0,0,1,0,0,2,0,1,2,1,2,2,2,0,0,0,0,0,0,0,1,0,0,0,1,0,0,1,3,4,2,77,76,79,79,81,83,82,79,80,5
student_310,16,0,3,4,1,3,3,0,0,0,1,0,0,0,1,2,0,1,0,0,1,0,2,0,2,2,2,2,3,3,0,0,0,0,0,0,0,0,0,0,0,1,0,0,0,3,2,3,78,83,77,78,81,82,82,82,80,5
student_311,14,1,3,2,4,3,1,0,0,0,0,0,1,0,5,1,0,0,0,0,1,0,3,0,3,3,2,4,2,3,1,0,0,0,0,0,0,1,0,0,0,1,0,0,0,1,2,3,81,81,75,78,84,83,80,86,81,5
student_312,12,1,3,1,1,1,1,1,0,0,0,0,0,0,5,1,0,1,0,0,0,0,1,0,2,2,3,4,2,3,1,0,0,0,0,0,0,1,0,0,1,0,0,0,0,1,2,2,76,82,76,80,83,84,81,81,80,5
student_313,14,0,3,1,1,3,1,0,0,0,0,1,0,0,5,1,0,0,0,1,0,0,2,0,2,2,3,4,2,1,0,0,0,0,0,0,0,0,0,1,0,0,0,0,1,3,3,3,82,77,78,76,81,79,81,80,79,5
student_314,12,1,5,2,1,2,3,0,0,0,0,0,1,0,5,2,0,0,0,1,0,0,3,1,1,2,2,1,3,2,0,0,0,0,0,0,0,0,0,0,0,1,0,0,0,1,4,1,80,82,84,82,81,86,84,86,83,5
student_315,13,0,5,2,4,2,3,0,0,1,0,0,0,0,5,2,1,0,0,0,1,0,2,0,1,2,4,4,3,1,0,0,0,0,0,0,0,0,0,0,0,1,0,0,0,2,2,2,82,83,80,87,83,87,80,87,84,5
student_316,12,0,3,1,2,3,2,0,0,0,1,0,0,0,4,3,0,0,1,0,0,0,2,0,2,2,4,2,1,2,0,0,0,0,0,0,0,0,0,0,0,1,0,0,1,2,3,2,76,76,75,79,75,77,78,79,77,5
student_317,13,1,1,2,1,1,1,1,0,0,0,0,0,0,5,NaN,0,0,0,1,0,0,1,0,2,2,1,1,2,2,0,0,0,0,0,0,0,0,0,0,0,0,1,0,0,3,2,3,80,78,79,79,80,81,81,81,80,5
student_318,14,0,3,2,2,3,1,0,0,0,1,0,0,0,5,2,0,0,0,1,0,0,2,0,2,2,4,2,1,2,0,0,0,0,0,0,0,0,0,0,0,1,0,0,0,2,3,3,77,76,81,78,80,80,78,77,78,5
student_319,14,1,3,2,1,3,1,0,0,0,0,0,1,0,5,2,0,0,0,1,0,0,2,0,1,3,2,4,3,3,0,0,0,0,0,0,0,0,0,0,0,1,0,0,1,2,4,1,80,80,80,82,83,82,82,83,82,5
student_320,12,1,5,2,NaN,3,3,1,0,0,0,0,0,0,5,1,0,0,0,0,0,0,1,0,1,2,3,3,2,3,0,0,0,0,0,0,0,0,0,0,0,0,0,0,0,1,3,2,81,79,83,83,79,87,85,83,83,5
student_321,13,1,3,1,1,1,2,0,0,0,0,0,1,0,4,2,0,0,0,0,1,0,2,0,2,1,1,1,2,2,0,0,0,0,0,0,0,0,0,0,0,1,0,0,1,2,3,3,84,81,81,84,83,85,88,85,84,5
student_322,13,0,5,1,1,3,3,0,0,0,0,0,1,0,4,2,0,0,1,0,0,0,3,0,1,2,1,5,2,1,0,0,0,0,0,0,0,0,0,0,0,0,0,1,0,2,1,3,82,81,80,86,81,84,82,90,83,5
student_323,12,0,3,2,1,1,1,0,0,0,0,0,0,1,4,2,0,0,0,0,0,0,3,0,2,2,1,1,2,2,1,0,0,0,0,0,0,0,0,0,0,0,1,0,1,2,2,2,83,81,79,86,83,88,87,88,88,5
student_324,13,1,1,1,3,1,1,0,0,0,0,1,0,0,4,2,1,0,0,0,0,0,2,0,2,3,1,1,3,1,0,0,0,0,0,0,0,0,0,0,0,1,0,0,1,2,2,3,80,85,83,83,87,82,83,86,84,5
student_325,12,1,5,2,1,3,3,0,0,0,1,0,0,0,4,2,0,0,0,0,0,0,1,0,2,1,1,4,2,2,0,0,0,0,0,0,0,0,0,0,0,0,1,0,1,2,2,3,81,82,84,84,81,83,85,83,83,5
student_326,12,1,3,2,1,3,1,0,1,0,1,0,1,0,3,2,0,0,0,1,0,0,2,0,2,2,2,4,1,1,0,0,0,0,0,0,0,0,0,0,0,1,0,0,1,1,2,2,82,81,83,84,84,85,84,85,84,5
student_327,12,1,3,1,1,2,1,0,1,1,1,1,1,0,3,2,0,0,0,0,1,0,2,0,2,2,3,4,1,1,0,0,0,0,0,0,0,0,0,0,0,1,0,0,1,1,1,3,83,81,81,81,83,89,87,85,84,5
student_328,12,1,5,3,1,1,3,1,1,1,0,0,0,1,4,3,1,1,0,1,1,1,1,0,1,3,3,2,2,1,0,0,0,0,0,0,0,0,0,0,0,1,1,1,0,2,4,2,88,85,89,90,85,85,89,90,88,5
student_329,12,1,3,2,4,1,1,0,0,0,0,0,1,0,4,2,0,0,0,0,1,0,2,1,1,2,2,4,1,1,0,0,0,0,0,0,0,0,0,0,0,0,0,0,1,2,2,3,82,84,82,84,82,85,82,83,83,5
student_330,13,1,3,2,4,1,1,0,0,0,0,0,0,1,4,2,1,0,0,0,0,0,2,1,3,2,2,2,1,2,0,0,0,0,0,0,0,0,0,0,0,1,0,0,1,1,2,2,83,80,81,87,83,86,83,87,84,5
student_331,13,0,5,3,2,3,3,0,0,0,0,1,0,0,1,2,0,0,0,1,0,0,2,0,2,2,1,1,2,1,0,0,0,0,0,0,0,0,0,0,0,1,0,0,0,2,2,1,85,87,82,81,80,85,84,84,89,5
student_332,12,0,1,1,1,2,3,0,0,0,0,1,0,1,4,2,0,0,0,0,0,0,2,0,2,3,1,2,2,1,0,0,0,0,0,0,0,0,0,0,0,1,0,0,0,2,2,2,79,80,79,80,81,83,83,81,81,5
student_333,14,1,3,1,1,1,1,0,0,0,0,1,0,0,4,2,0,0,0,1,0,0,2,0,2,1,4,5,3,2,0,0,0,0,0,0,0,0,0,0,0,1,0,0,1,1,3,2,79,80,81,83,83,82,80,85,81,5
student_334,13,0,1,1,1,2,3,0,0,0,0,0,1,0,4,2,0,0,0,1,0,0,1,0,2,2,1,2,2,3,0,0,0,0,0,0,0,0,0,0,0,0,1,0,0,2,3,2,81,79,81,83,84,82,83,84,82,5
student_335,12,0,3,1,1,2,3,0,0,0,1,0,0,0,4,2,0,0,0,0,0,1,1,0,2,1,2,2,1,1,0,0,0,0,0,0,0,0,0,0,0,1,0,0,0,2,2,1,80,84,83,87,83,85,87,87,85,5
student_336,12,1,3,2,4,2,3,1,0,0,0,0,0,0,4,2,0,1,0,0,0,0,1,0,1,2,3,3,2,1,0,0,0,0,0,0,0,0,0,0,0,1,0,0,0,2,3,1,75,78,75,75,76,80,76,81,77,5
student_337,12,0,3,1,1,2,1,0,1,0,0,0,0,0,4,2,1,0,0,0,0,0,3,0,3,3,2,2,3,1,0,0,0,0,0,0,0,0,0,0,0,1,0,0,0,2,1,3,79,85,83,76,82,84,82,78,81,5
student_338,12,0,5,1,2,2,2,0,0,0,1,0,0,0,4,2,0,0,0,1,0,0,2,0,2,3,3,2,3,1,0,0,0,0,0,0,0,0,0,0,0,0,1,0,1,2,4,1,80,78,81,88,84,78,80,89,81,5
student_339,13,0,3,1,2,2,1,0,0,0,0,0,1,0,1,2,0,0,0,0,0,0,1,0,1,3,3,4,2,1,0,0,0,0,0,0,0,0,0,0,0,0,1,0,1,3,2,3,77,77,79,82,80,86,81,81,80,5
student_340,12,0,5,3,1,2,3,1,1,1,0,0,0,0,1,3,1,0,0,0,0,0,2,0,2,2,3,1,2,1,0,0,0,0,0,0,0,0,0,0,0,0,0,0,0,2,3,3,79,88,86,79,81,85,85,79,83,5
student_341,12,0,5,2,2,2,3,0,0,0,0,0,1,0,3,2,0,0,0,0,1,0,3,0,2,2,3,2,2,2,0,0,0,0,0,0,0,0,0,0,0,0,1,0,0,2,4,2,89,83,88,86,84,86,83,93,87,5
student_342,12,0,3,2,1,1,3,0,0,0,0,0,0,1,4,2,0,0,0,0,1,0,2,0,2,2,2,1,3,1,0,0,0,0,0,0,0,0,0,0,0,0,1,0,0,3,3,2,77,86,81,87,86,92,84,89,85,5
student_343,13,0,3,1,2,2,1,0,0,1,0,0,0,0,3,2,0,0,0,0,1,0,2,0,2,2,2,2,2,2,0,0,0,0,0,0,0,0,0,0,0,0,0,1,0,2,2,3,82,85,86,88,82,86,87,88,86,5
student_344,12,1,5,2,4,1,3,1,1,1,1,1,1,1,1,3,0,1,0,1,1,0,2,1,1,3,2,4,2,1,0,0,0,0,0,0,0,0,0,0,0,1,0,0,1,2,2,3,81,81,80,82,81,85,79,85,82,5
student_345,12,0,3,1,1,3,3,0,1,0,0,0,0,0,3,2,0,0,0,0,1,0,2,0,2,2,1,1,3,2,0,0,0,0,0,0,0,0,0,0,0,0,1,0,1,3,1,3,81,81,80,81,81,82,82,82,81,5
student_346,12,1,1,2,1,3,1,0,0,0,1,0,0,0,4,3,0,0,0,1,0,0,2,0,2,1,2,4,1,2,0,0,0,0,0,0,0,0,0,0,0,1,0,0,1,2,2,2,84,82,82,84,84,83,83,83,83,5
student_347,13,1,3,2,4,3,1,0,1,0,0,0,0,1,4,2,0,0,1,0,0,0,2,1,1,3,1,2,3,2,0,0,0,0,0,0,0,0,0,0,0,1,0,0,1,1,2,3,82,84,81,88,83,84,86,86,84,5
student_348,13,1,3,2,4,2,3,1,0,0,0,0,0,0,4,2,0,0,0,0,0,1,1,1,2,2,3,1,3,1,0,0,0,0,0,0,0,0,0,0,0,0,1,0,1,1,2,2,83,87,83,83,85,85,85,86,85,5
student_349,13,1,5,1,1,1,3,0,0,1,0,0,0,0,2,2,0,1,1,1,0,0,1,1,1,1,3,1,3,1,1,0,0,1,1,1,1,0,0,0,0,0,0,0,0,3,1,3,96,96,96,96,95,93,92,95,95,5
student_350,12,1,3,2,1,1,1,0,0,0,0,0,1,0,5,3,0,0,0,1,0,0,2,0,3,2,1,3,1,1,0,0,0,0,0,0,0,0,0,0,0,0,0,0,0,3,3,3,80,79,80,81,81,85,82,84,82,5
student_351,12,1,3,2,2,3,1,1,0,0,1,0,1,0,4,2,1,1,1,0,0,1,3,0,3,2,2,2,1,2,0,0,0,0,0,0,0,0,0,0,0,1,0,0,1,1,1,3,83,80,82,84,81,83,86,85,83,5
student_352,13,1,3,1,1,3,3,1,0,0,1,0,0,1,4,2,1,1,1,0,0,0,2,0,1,1,1,2,2,2,0,0,0,0,0,0,0,0,0,0,0,1,0,0,1,1,1,3,79,86,77,85,85,86,83,88,84,5
student_353,12,1,1,2,1,3,3,1,0,0,0,0,0,0,1,3,0,0,1,0,0,0,2,0,1,2,1,2,1,1,0,0,0,0,0,0,0,0,0,0,0,1,0,0,0,1,2,3,85,80,82,80,80,84,82,83,82,5
student_354,12,0,5,2,4,3,3,1,0,0,0,0,1,1,3,2,0,0,1,0,0,0,3,0,1,1,2,4,3,2,0,0,0,0,0,0,0,0,0,0,0,0,1,0,0,2,4,2,81,84,79,83,81,86,82,86,83,5
student_355,12,2,5,1,4,4,3,1,1,1,1,1,1,1,1,3,1,0,0,0,0,0,2,1,3,2,1,1,1,1,1,0,0,1,0,0,0,0,0,0,0,0,1,0,1,3,2,2,79,92,82,90,85,94,85,87,87,5
student_356,13,0,3,1,1,3,1,1,1,1,0,0,1,0,3,2,1,0,0,0,0,0,2,0,2,1,2,1,1,1,1,0,0,0,1,0,0,0,0,0,0,0,0,0,1,1,4,3,79,83,81,82,83,84,83,82,82,5
student_357,14,1,3,1,1,1,2,0,0,0,0,0,1,0,5,2,0,0,1,0,0,0,2,0,1,1,1,1,1,1,0,0,0,0,0,0,0,0,0,0,0,1,0,0,0,2,4,3,80,86,84,85,85,91,88,89,86,5
student_358,12,0,3,1,1,2,3,0,0,0,1,0,0,0,5,2,0,0,0,1,0,0,3,1,2,1,2,2,1,1,0,0,0,0,0,0,0,0,0,0,1,0,0,0,0,1,1,3,79,85,76,78,79,80,79,79,78,5
student_359,13,0,5,1,4,4,3,0,0,0,1,0,0,0,3,2,0,0,0,1,0,0,3,0,1,1,3,1,3,2,0,0,0,0,0,0,0,0,0,1,1,0,1,0,0,3,1,3,78,78,77,78,76,80,81,82,79,5
student_360,12,0,3,2,4,1,1,1,0,0,1,0,0,0,3,2,0,1,1,1,1,0,3,1,3,3,3,2,2,1,1,0,0,0,0,0,0,0,0,0,0,0,1,0,1,2,4,1,81,82,85,87,79,86,88,86,84,5
student_361,13,0,3,1,1,1,1,0,0,0,1,1,0,0,5,2,0,0,0,1,0,0,2,1,3,3,1,2,3,2,0,0,0,0,0,0,0,0,0,1,0,0,0,0,1,2,3,2,78,82,78,84,82,87,81,88,83,5
student_362,12,1,4,2,1,1,3,0,1,0,0,0,1,0,5,3,0,0,0,0,1,0,3,0,1,3,1,5,2,2,0,0,0,0,0,0,0,0,0,0,0,1,0,0,0,2,1,3,75,83,83,82,83,85,81,86,82,5
student_363,15,1,1,1,2,1,1,0,0,0,1,0,0,0,2,2,0,0,0,0,1,0,2,1,3,1,1,1,1,1,0,0,0,0,0,0,0,0,0,0,0,1,0,0,0,1,4,1,77,82,80,78,80,81,81,82,80,5
student_364,13,1,3,1,1,1,1,0,0,0,1,0,0,0,1,2,0,0,1,0,0,0,2,0,2,1,2,1,3,2,0,0,0,0,0,0,0,0,0,0,0,1,0,0,1,2,2,3,77,79,75,82,79,80,81,83,80,5
student_365,13,1,3,3,1,3,1,1,1,0,0,0,0,1,2,2,1,0,1,0,0,0,2,0,2,2,1,2,2,3,1,0,0,0,0,0,0,0,0,0,0,0,0,0,0,1,1,3,85,82,80,84,85,84,83,80,83,5
student_366,12,1,5,1,1,3,1,0,0,0,1,0,0,0,5,3,0,0,1,1,0,0,2,0,1,2,1,5,3,1,0,0,0,0,0,0,0,0,0,0,0,1,0,0,0,2,1,3,79,80,80,81,78,82,87,86,81,5
student_367,13,0,5,1,1,3,4,1,0,0,0,0,0,0,2,NaN,1,0,0,0,0,0,3,1,1,2,1,2,2,1,0,0,0,0,0,0,0,0,0,0,0,1,1,1,0,1,2,3,76,80,75,78,80,80,76,76,78,5
student_368,13,0,5,1,1,3,3,0,0,1,1,1,1,0,5,3,0,0,0,1,1,0,2,1,1,2,1,2,3,2,0,0,0,0,0,0,0,0,0,0,0,1,1,1,0,2,2,3,81,81,81,81,81,81,81,83,82,5
student_369,13,0,5,1,1,3,1,0,0,0,0,0,0,1,5,1,0,1,0,0,0,0,2,0,2,3,2,1,2,2,0,0,0,0,0,0,0,0,0,0,0,1,0,0,1,1,3,2,79,79,78,81,77,81,79,82,80,5
student_370,13,0,3,1,1,3,1,1,0,0,0,0,0,0,5,1,0,0,0,1,0,0,2,0,2,1,1,5,2,2,0,0,0,0,0,0,0,0,0,0,0,0,0,0,0,2,1,3,84,81,84,85,81,83,83,84,83,5
student_371,13,0,5,2,2,3,1,0,0,0,0,0,0,1,2,2,0,0,1,1,0,0,2,0,2,2,1,1,3,2,0,0,0,0,0,0,0,0,0,0,0,0,0,0,1,3,1,3,78,84,80,79,79,86,84,80,81,5
student_372,13,1,3,2,1,3,3,0,0,0,0,1,0,1,5,2,1,1,0,1,0,0,2,0,1,2,2,2,1,2,0,0,0,0,0,0,0,0,0,0,0,1,0,0,0,2,2,2,80,82,83,81,82,83,83,84,82,5
student_373,12,1,3,2,1,3,3,0,0,1,1,0,0,1,5,2,1,1,0,0,1,0,3,0,1,2,2,2,3,2,0,0,0,0,0,0,0,0,0,0,0,1,1,0,0,2,2,2,82,82,84,86,83,84,84,83,83,5
student_374,12,0,5,2,1,1,1,0,0,0,1,0,0,0,3,3,0,1,0,0,0,0,2,0,2,1,1,5,2,1,0,0,0,0,0,0,0,0,0,0,0,0,0,0,0,2,1,3,81,81,82,82,82,83,83,82,82,5
student_375,16,0,5,2,1,1,1,0,0,0,1,0,0,0,3,3,0,1,0,0,0,0,3,0,2,1,1,5,2,2,0,0,0,0,0,0,0,0,0,0,0,0,0,0,0,2,1,3,86,86,87,90,86,86,86,87,87,5
student_376,12,1,3,1,1,3,3,0,0,0,0,0,0,1,5,2,0,0,0,1,0,0,3,1,3,3,2,3,1,2,0,0,0,0,0,0,0,0,0,0,0,1,0,0,1,1,1,3,76,79,83,78,78,84,86,83,81,5
student_377,12,0,5,2,4,2,1,0,0,0,1,0,0,0,2,3,0,0,0,0,0,0,2,1,2,1,1,1,2,3,0,0,0,0,0,0,0,0,0,0,0,0,0,0,1,1,1,3,82,82,84,82,88,90,89,83,85,5
student_378,12,1,5,2,1,2,3,0,0,0,0,0,0,1,5,2,0,0,0,1,0,0,2,0,2,3,1,5,3,2,0,0,0,0,0,0,0,0,0,0,0,1,0,0,1,1,2,3,82,82,82,82,81,84,82,84,83,5
student_379,13,0,3,1,1,1,1,0,0,0,0,0,0,1,5,2,0,1,0,0,0,0,2,0,1,3,1,4,3,2,0,0,0,0,0,0,0,0,0,0,0,0,1,0,0,2,1,2,86,88,89,89,88,90,88,85,88,5
student_380,13,0,3,1,3,1,1,1,0,0,0,0,0,0,5,2,0,0,0,1,0,0,3,0,2,2,2,5,3,2,0,0,0,0,0,0,0,0,0,0,0,0,0,0,0,1,2,3,80,81,82,77,81,79,82,87,81,5
student_381,13,0,3,4,1,1,3,0,0,1,0,0,0,0,2,2,0,0,0,0,0,1,2,0,1,2,2,1,2,2,0,0,0,0,0,0,0,0,0,0,0,1,0,0,0,3,2,3,85,85,78,85,82,79,84,85,83,5
student_382,12,0,5,1,4,3,3,1,0,0,0,0,0,0,5,1,0,0,0,0,1,0,2,0,1,2,1,5,3,3,0,0,0,0,0,0,0,0,0,0,0,0,0,0,0,3,2,2,83,83,83,84,82,84,77,86,83,5
student_383,12,1,3,2,1,3,1,1,1,1,0,0,0,0,5,2,1,0,0,1,1,0,1,0,2,2,1,5,3,2,0,0,0,0,0,0,0,0,0,0,0,0,0,0,0,2,1,3,90,91,83,87,90,85,94,83,88,5
student_384,12,1,3,2,3,3,1,0,0,1,0,0,0,0,5,2,0,1,0,0,0,0,1,0,2,2,4,1,3,2,0,0,0,0,0,0,0,0,0,0,0,1,1,0,0,3,4,2,85,78,79,84,85,78,85,83,82,5
student_385,13,1,3,2,1,3,3,0,0,0,1,0,0,0,5,1,0,0,0,1,0,0,3,0,1,2,1,5,3,2,0,0,0,0,0,0,0,0,0,0,1,0,0,0,0,2,2,2,78,82,82,79,82,87,85,87,83,5
student_386,13,1,3,2,1,3,1,0,1,0,0,0,0,0,5,2,0,1,0,0,0,0,2,0,2,1,1,2,2,2,0,0,0,0,0,0,0,0,0,0,0,1,0,0,0,3,2,3,80,81,80,80,80,81,81,82,83,5
student_387,12,1,3,3,1,2,3,0,1,0,0,0,0,0,3,2,0,0,1,0,0,0,2,1,1,1,1,2,3,1,0,0,0,0,0,0,0,0,0,0,0,1,0,0,0,1,1,3,82,77,81,78,79,86,86,90,83,5
student_388,13,0,3,1,1,3,2,1,0,0,1,0,0,1,5,3,0,1,0,1,0,0,3,0,3,1,1,5,3,1,0,0,0,0,0,0,0,0,0,0,0,1,0,0,0,2,2,3,81,81,82,85,79,81,80,88,82,5
student_390,13,0,3,1,1,3,3,0,1,1,1,1,0,0,5,3,1,0,1,1,0,0,1,0,2,1,1,5,3,1,0,0,0,0,0,0,0,0,0,0,0,1,0,0,0,2,2,2,81,81,82,78,80,87,81,81,81,5
student_391,12,0,3,1,1,1,1,0,1,0,0,0,0,0,5,2,1,0,0,0,0,0,2,0,2,2,1,5,2,1,0,0,0,0,0,0,0,0,0,0,0,0,1,0,0,2,2,2,77,84,82,75,76,80,85,79,80,5
student_392,13,1,3,2,1,3,1,0,0,1,0,0,0,0,2,2,0,0,0,0,1,0,1,0,1,2,1,2,2,2,0,0,0,0,0,0,0,0,0,0,0,0,0,0,1,2,1,2,79,83,81,79,81,87,82,86,82,5
student_393,12,0,1,2,1,2,3,0,1,0,0,0,1,0,2,2,1,0,1,1,0,0,2,0,2,2,2,1,1,2,0,0,0,0,0,0,0,0,0,0,0,1,1,0,1,2,1,2,80,89,85,81,81,83,89,85,84,5
student_394,14,0,4,1,3,1,1,1,0,0,0,0,0,0,5,2,0,0,0,1,0,0,2,1,2,2,2,5,3,2,0,0,0,0,0,0,0,0,0,0,0,0,0,0,0,1,2,3,77,77,76,77,79,79,77,79,78,5
student_395,12,0,4,1,2,2,2,0,0,1,0,0,0,0,5,2,0,0,0,0,0,1,1,0,1,3,1,1,3,2,0,0,0,0,0,0,0,0,0,0,0,1,0,0,0,2,1,3,87,84,93,87,83,82,84,82,85,2
student_396,12,0,2,3,1,2,3,0,0,1,0,0,0,0,5,2,0,0,1,0,0,0,2,0,2,2,2,1,3,2,0,0,0,0,0,0,0,0,0,0,0,0,0,1,0,1,1,3,80,90,86,88,84,93,88,87,87,2
student_397,12,1,5,2,4,1,3,1,1,0,0,0,1,0,2,3,1,0,0,0,0,0,1,1,1,1,1,1,3,1,1,0,0,0,0,0,0,0,0,0,0,1,0,0,1,1,3,3,87,89,89,88,88,89,89,90,89,2
student_398,13,1,3,4,1,1,3,0,0,1,0,0,0,0,2,2,0,0,0,0,1,0,2,0,1,1,1,1,2,1,1,0,0,0,0,0,0,1,0,0,0,0,0,0,1,1,1,3,84,86,85,84,85,92,89,88,87,2
student_399,12,0,1,1,1,1,1,0,1,0,0,0,0,0,2,3,0,0,0,1,0,0,1,1,2,2,1,5,2,1,0,0,0,0,0,0,0,0,0,0,0,0,1,0,1,2,2,1,87,83,89,88,88,82,86,86,86,2
student_400,12,0,NaN,1,1,3,1,0,1,0,0,0,0,0,2,2,0,0,0,1,0,0,1,0,1,1,1,1,2,1,0,0,0,0,0,0,0,0,0,0,0,0,0,0,1,1,2,3,91,84,89,89,88,83,87,87,87,2
student_401,12,0,5,2,2,1,1,0,0,0,0,0,1,0,2,3,0,0,0,1,0,0,1,0,2,2,1,1,3,1,0,0,0,0,0,0,0,0,0,0,0,1,0,0,1,2,2,2,87,86,90,89,86,91,88,91,88,2
student_402,13,1,3,2,4,1,1,0,1,0,0,0,0,0,2,3,0,0,1,0,0,0,1,0,1,1,2,1,1,1,0,0,0,0,0,0,0,0,0,0,0,0,0,0,1,1,2,2,85,90,94,88,86,89,86,95,89,2
student_403,15,0,5,2,1,1,1,1,1,1,1,1,1,1,2,2,0,0,0,1,0,0,1,0,2,2,1,5,3,1,1,1,0,1,0,0,0,1,0,0,0,1,0,0,0,2,1,3,89,88,89,92,88,89,91,95,90,2
student_404,11,0,2,3,1,1,1,1,1,1,1,1,1,1,2,3,1,0,0,0,0,0,1,0,1,2,1,5,2,2,0,0,0,0,0,0,0,0,0,0,0,0,1,0,1,2,2,2,90,88,88,88,87,86,88,88,88,2
student_405,13,1,3,2,4,2,3,0,1,0,0,0,0,0,2,3,0,0,1,0,0,0,1,1,2,1,3,2,2,1,0,0,0,0,0,0,0,1,0,0,0,1,0,0,1,2,4,2,88,89,86,92,89,91,92,92,89,2
student_406,12,1,5,2,1,1,3,1,0,0,0,0,0,0,1,2,0,1,0,0,0,0,3,1,1,1,1,4,3,2,1,0,1,1,0,0,0,0,0,0,0,0,0,0,0,1,1,3,93,93,93,93,93,92,92,97,93,2
student_407,12,1,5,2,1,1,2,0,0,1,1,1,0,0,2,2,0,0,1,0,0,0,1,0,1,2,1,2,2,2,1,0,0,1,0,0,0,1,0,0,0,1,0,0,1,2,2,3,88,87,90,92,88,90,91,91,90,2
student_408,13,1,3,2,2,1,3,1,1,1,1,1,1,0,2,3,1,0,1,1,1,0,2,1,1,1,1,1,2,2,1,0,0,1,0,0,0,0,0,0,0,0,0,0,0,2,1,3,91,90,91,92,93,92,91,91,91,2
student_409,12,1,5,2,1,3,1,0,0,0,0,0,1,0,6,2,0,0,1,0,0,0,2,1,2,2,1,5,3,1,1,0,0,1,0,0,0,0,0,0,0,0,1,0,0,1,1,3,89,88,88,91,88,91,92,93,90,2
student_410,13,0,5,2,1,1,3,0,0,0,0,0,1,0,2,3,1,0,1,1,0,0,1,1,1,2,1,1,2,1,1,0,1,0,0,0,0,0,0,0,0,1,1,0,1,2,1,2,84,89,88,90,92,96,89,93,89,2
student_411,12,1,3,3,1,1,1,0,1,0,0,0,0,0,2,3,1,0,1,1,1,0,2,1,1,1,1,1,2,1,1,0,0,1,0,0,0,0,0,0,0,0,0,0,1,2,2,3,89,93,89,91,93,91,91,93,92,2
student_412,12,0,5,1,1,4,3,0,1,0,0,0,0,0,2,2,0,0,0,1,0,0,1,0,3,3,1,1,3,2,0,0,0,0,0,0,0,0,0,0,0,1,0,0,1,3,1,3,86,88,88,87,88,86,87,84,86,2
student_413,12,1,3,2,2,2,2,1,0,0,0,0,0,0,2,3,0,0,1,0,0,0,2,1,2,2,1,3,2,3,0,0,0,0,0,0,0,0,0,0,1,0,0,0,0,2,1,2,85,86,88,86,86,89,89,86,87,2
student_414,12,0,1,1,1,3,3,0,1,1,0,0,0,0,2,2,1,0,0,0,0,0,1,1,2,2,1,5,3,2,1,0,0,1,0,0,0,0,0,0,0,0,1,0,1,2,1,2,90,89,87,88,90,91,93,93,90,2
student_415,11,0,5,3,1,3,2,0,0,0,0,0,0,1,6,2,0,0,0,1,0,0,2,0,2,2,4,1,3,2,0,0,0,0,0,0,0,0,0,0,0,1,0,0,0,2,1,3,88,87,88,88,90,87,88,89,88,2
student_416,13,0,5,1,1,3,3,0,1,0,0,0,0,0,6,2,0,0,1,0,0,0,2,0,1,1,2,4,3,2,0,0,0,0,0,0,0,0,0,0,1,1,0,0,1,2,1,3,84,86,84,84,83,87,85,84,84,2
student_417,12,1,3,2,4,3,3,0,0,0,0,0,1,0,2,3,0,0,1,0,0,0,2,1,1,2,1,4,3,1,1,0,0,1,0,0,0,0,0,0,0,1,0,0,1,2,2,3,87,89,91,90,87,90,92,92,90,2
student_418,12,1,5,2,4,2,3,1,0,0,0,0,0,0,2,3,0,0,0,0,0,1,2,0,1,1,1,4,2,2,1,0,0,1,0,0,0,0,0,0,0,0,1,0,1,2,2,3,88,87,88,89,86,86,90,94,89,2
student_419,12,1,3,1,2,1,1,0,0,0,0,0,0,1,3,3,0,0,1,0,0,0,1,0,2,3,1,1,1,1,1,0,0,1,0,0,0,0,0,0,0,1,0,0,1,1,1,1,83,84,85,84,83,86,87,88,85,3
student_420,12,1,3,1,2,1,1,1,0,0,0,0,0,0,2,1,1,0,0,0,0,0,2,1,1,2,1,3,1,2,1,1,0,0,0,0,0,0,0,0,0,0,0,0,0,2,4,2,83,84,82,83,81,83,81,83,83,5
student_421,13,0,3,2,3,3,4,0,1,0,0,0,0,0,3,1,0,1,0,0,0,1,1,0,1,2,3,3,2,2,1,0,0,0,1,0,0,1,0,0,0,1,0,0,1,2,2,2,75,80,80,77,80,80,79,80,79,5
student_422,13,0,4,2,1,3,4,0,1,0,0,0,0,0,5,1,0,0,0,0,1,0,3,0,2,2,2,1,2,2,0,0,0,0,0,0,0,0,0,0,0,1,0,0,0,3,2,2,77,80,82,77,83,84,83,84,81,5
student_423,13,0,3,2,1,1,1,0,1,0,0,0,0,0,2,2,1,0,0,0,1,0,2,1,2,3,1,3,3,3,0,0,0,0,0,0,0,0,0,0,0,1,1,0,0,2,1,2,85,83,83,83,81,88,87,89,85,5
student_424,12,0,3,2,1,2,1,1,0,0,0,0,0,0,5,2,0,0,0,0,0,1,1,0,1,1,2,1,2,1,0,0,0,0,0,0,0,0,0,1,0,0,0,0,1,1,1,1,75,76,77,78,75,78,75,78,76,5
student_425,13,0,3,2,1,3,1,0,0,1,0,0,0,0,5,1,0,0,1,0,0,0,3,0,2,2,1,1,2,2,0,0,1,0,0,0,0,0,0,1,0,0,0,0,0,2,1,2,79,76,78,81,78,79,79,81,79,5
student_426,13,1,3,1,4,2,3,0,0,0,0,0,1,0,5,3,0,0,1,0,0,0,3,0,1,1,1,2,2,2,0,0,0,0,0,0,0,0,0,0,1,0,0,0,1,3,2,3,77,81,82,81,77,83,80,80,80,5
student_427,13,1,4,3,2,2,1,0,0,0,0,0,1,0,5,1,0,0,0,1,0,0,3,0,1,3,2,2,2,3,0,0,0,0,0,0,0,0,0,0,0,0,1,0,1,3,1,2,75,75,75,73,76,82,75,82,75,5
student_428,12,1,3,3,4,3,1,0,0,0,1,0,0,0,5,2,0,0,1,0,0,0,3,1,2,3,3,2,1,2,1,0,0,0,1,0,0,0,0,1,0,0,0,0,1,2,3,2,78,77,76,80,81,78,77,80,78,5
student_429,12,1,5,2,4,3,1,1,1,1,1,1,1,1,5,3,0,0,1,1,0,0,2,0,2,2,1,3,2,2,0,0,0,0,0,0,0,0,0,0,0,1,0,0,1,2,4,3,76,81,81,83,82,83,82,83,81,5
student_430,13,1,4,4,1,3,1,0,0,0,0,0,1,0,1,3,1,0,0,0,0,0,2,1,1,1,2,2,1,1,0,0,0,0,0,0,0,0,0,0,0,0,0,1,1,1,4,3,80,80,78,79,77,81,81,82,80,5
student_431,14,0,3,1,1,2,1,0,0,0,0,1,0,0,5,1,0,0,0,0,1,0,3,1,1,3,3,2,2,2,1,0,0,1,0,0,0,1,0,0,0,1,0,0,1,1,2,2,78,76,77,77,79,81,78,79,78,5
student_432,14,0,3,4,1,1,3,1,0,0,0,0,0,0,5,2,1,0,0,0,0,0,3,0,1,3,2,2,2,3,0,0,0,0,0,0,0,0,0,0,0,1,0,0,1,2,2,2,77,77,76,78,78,75,79,80,78,5
student_433,12,0,3,2,1,3,1,0,0,0,0,1,0,0,3,1,0,1,0,0,0,0,2,1,3,1,1,2,1,1,1,0,0,0,1,0,1,0,0,0,1,0,0,0,1,1,4,1,79,83,80,81,77,78,80,84,80,5
student_434,12,0,3,4,1,3,1,0,0,0,0,1,0,0,3,1,0,1,0,0,0,0,2,1,3,2,1,2,2,1,1,0,0,0,1,0,0,0,0,1,0,0,0,0,1,2,4,1,76,76,76,78,82,84,80,84,80,5
student_435,13,0,3,4,1,3,1,1,0,0,0,0,0,0,3,2,1,0,0,0,0,0,3,1,2,2,2,2,2,2,1,0,0,0,0,1,0,0,0,1,0,0,0,0,1,2,4,2,76,78,80,81,79,79,80,81,79,5
student_436,15,1,5,4,3,4,3,0,0,1,0,0,0,0,5,3,0,0,1,0,0,0,3,1,2,1,1,4,2,3,0,0,0,0,0,0,0,0,0,1,0,0,0,0,1,3,3,2,80,77,79,79,78,82,79,79,79,5
student_437,12,1,5,2,2,3,3,1,0,0,1,0,0,1,5,2,0,0,0,1,0,0,3,0,1,1,4,1,2,2,0,0,0,0,0,0,0,0,0,0,0,0,0,0,0,1,2,3,85,82,85,81,82,85,86,88,85,5
student_438,13,1,5,2,1,3,3,0,0,0,0,1,0,0,3,3,0,1,0,0,0,0,2,0,2,2,3,3,2,2,1,0,0,0,0,0,0,1,0,0,0,1,0,0,0,2,4,2,82,83,84,87,87,89,87,88,86,5
student_439,16,1,5,2,1,3,1,0,0,0,0,1,0,0,3,3,0,1,0,0,0,0,2,1,2,2,3,3,2,1,1,0,0,0,0,0,0,1,0,0,0,1,0,0,0,2,4,2,77,81,78,78,79,81,82,81,80,5
student_440,14,0,5,3,1,1,1,0,1,0,0,0,0,0,3,3,1,0,0,0,0,0,3,1,2,3,2,2,2,2,0,0,0,0,0,0,0,0,0,0,1,0,0,0,1,1,3,2,77,82,76,78,81,82,83,83,83,5
student_441,12,0,4,2,2,2,1,0,0,1,0,0,0,0,3,2,0,0,1,1,0,0,3,1,2,1,1,5,2,2,1,0,0,1,0,0,0,1,0,0,0,1,0,0,1,2,3,2,81,80,81,83,85,84,84,85,83,5
student_442,12,1,5,4,1,3,1,1,0,0,0,0,0,0,2,3,0,1,0,1,0,0,1,1,2,2,2,2,1,2,0,0,0,0,0,0,0,1,0,0,0,0,1,0,1,2,2,2,91,85,83,83,89,84,84,85,86,5
student_443,14,0,5,1,3,3,2,0,0,0,0,0,0,1,2,3,0,0,0,0,0,1,2,0,1,2,4,4,2,1,0,0,0,0,0,0,0,0,0,0,0,1,0,0,1,2,1,3,75,75,77,75,76,80,80,80,78,5
student_444,13,0,5,4,1,1,1,0,1,1,1,1,1,1,1,3,0,0,0,0,0,0,3,1,2,1,1,1,3,1,1,0,0,1,0,0,0,0,0,0,0,0,0,0,1,2,4,3,93,93,94,96,95,96,93,97,95,1
student_445,13,0,1,2,1,3,1,0,0,0,1,0,0,0,5,2,1,0,0,0,0,0,3,1,2,1,2,1,2,1,0,0,0,0,0,0,0,1,0,0,0,0,1,0,1,2,1,2,76,76,78,82,79,82,80,80,79,5
student_446,12,1,3,2,4,3,1,0,0,0,0,0,1,0,2,3,0,1,0,0,0,0,2,0,1,2,2,1,1,1,0,0,0,0,0,0,0,1,0,0,0,1,0,0,0,2,2,3,78,83,84,77,81,84,87,84,82,5
student_447,12,1,5,4,1,3,3,0,0,0,0,1,0,0,2,3,1,0,0,0,0,0,1,1,2,1,3,2,2,2,0,0,0,0,0,0,0,1,0,0,0,0,1,0,1,1,2,3,77,87,81,76,85,81,83,83,82,5
student_448,13,0,3,2,1,1,1,1,1,1,1,0,1,0,5,2,1,1,0,1,0,1,2,1,2,1,4,4,2,1,0,0,0,0,0,0,0,0,0,0,1,0,1,1,0,1,4,3,88,87,85,87,86,81,85,83,86,5
student_449,12,1,5,1,1,2,3,0,0,0,1,0,0,0,2,2,0,0,0,1,0,0,2,0,2,1,1,2,1,1,0,0,0,0,0,0,0,0,0,0,0,0,1,0,0,1,4,1,76,76,76,78,82,84,80,84,80,5
student_450,12,0,3,4,1,1,1,1,1,1,1,1,1,1,2,3,0,0,1,0,0,1,1,1,3,2,1,2,1,1,1,0,1,0,0,0,1,0,0,0,0,0,0,1,1,1,2,1,78,83,87,85,84,84,84,94,85,5
student_451,14,1,5,4,1,3,1,0,0,0,0,1,0,0,3,3,0,1,0,0,0,0,3,1,2,1,2,2,1,1,1,0,0,1,0,0,0,0,0,0,0,0,1,0,1,2,4,1,85,79,78,80,82,83,88,85,82,5
student_452,14,0,5,4,1,3,1,0,0,0,1,0,0,0,3,3,1,0,0,0,0,1,2,1,2,1,1,2,1,2,0,0,0,0,0,0,0,1,0,0,0,0,1,0,1,2,2,2,76,76,76,75,77,79,78,78,77,5
student_453,12,1,5,1,1,1,3,0,0,0,0,1,0,0,3,3,1,0,0,0,0,0,3,0,1,3,2,3,1,1,0,0,0,0,0,0,0,0,0,0,0,1,0,0,1,2,3,1,80,77,77,79,79,77,79,80,79,5
student_454,13,2,5,1,1,1,1,0,0,0,0,1,0,0,3,3,1,0,0,0,0,0,3,1,1,2,2,3,2,2,0,0,0,0,0,0,0,0,0,0,0,1,0,0,1,2,3,1,82,80,80,81,81,81,81,83,81,5
student_455,12,1,5,1,1,1,1,1,1,1,1,1,1,1,3,2,1,1,1,1,0,0,1,1,1,1,1,2,1,1,1,0,0,1,1,1,1,1,0,0,0,0,0,0,1,2,1,2,82,85,85,84,83,87,87,87,85,3
student_456,12,1,3,2,1,3,3,1,1,1,1,1,1,1,3,3,1,1,1,1,1,1,1,1,2,2,1,2,1,1,1,0,0,1,0,0,0,0,0,0,0,0,1,0,0,2,1,3,81,83,83,81,84,85,85,85,83,3
student_457,12,1,5,1,2,1,3,0,1,0,0,0,0,0,3,2,0,0,1,0,0,0,3,1,2,2,1,1,1,1,1,0,0,1,0,1,0,0,0,0,0,0,1,0,0,2,3,1,89,92,93,92,89,94,90,95,92,3
student_458,12,1,5,2,2,2,3,1,1,1,0,0,0,1,5,1,1,1,1,1,0,0,1,1,1,1,2,4,1,1,1,0,0,0,0,0,0,1,0,0,0,0,0,0,1,3,1,2,85,86,87,84,86,88,89,92,87,3
student_459,13,1,3,2,4,3,1,0,0,0,0,0,1,0,3,3,0,0,0,1,0,0,2,0,1,2,1,2,1,1,1,0,0,1,0,0,0,0,0,0,0,0,0,0,1,2,3,3,92,88,92,94,90,91,89,93,91,3
student_460,13,1,3,3,4,2,3,0,0,0,0,0,0,0,4,2,1,1,1,1,0,0,1,0,1,2,2,4,3,2,1,0,0,0,0,0,0,1,0,0,0,0,1,0,1,1,2,3,84,86,86,87,85,86,86,89,86,3
student_461,13,1,3,1,4,1,3,0,0,0,0,0,1,0,3,2,0,0,1,0,0,0,2,1,1,2,2,1,2,2,1,0,0,0,0,0,0,1,0,0,0,1,0,0,1,2,3,2,83,87,85,86,88,90,88,86,87,3
student_462,13,1,3,1,1,1,1,0,0,0,0,0,1,0,3,3,0,0,0,0,1,0,1,1,2,2,1,5,1,1,1,0,0,0,0,0,0,0,0,0,0,0,0,1,1,2,2,2,85,87,86,85,87,87,87,88,87,3
student_463,12,1,5,1,2,1,1,0,0,0,0,1,0,0,3,2,0,0,1,0,0,0,2,1,2,1,1,1,3,1,1,0,0,1,0,0,1,1,0,0,0,1,0,0,1,1,1,2,86,91,91,88,91,88,93,92,90,3
student_464,12,1,5,2,1,2,3,0,1,1,0,0,1,0,3,3,0,1,0,0,0,0,1,0,1,2,2,4,3,1,1,0,0,1,0,0,0,0,0,0,0,1,1,0,1,2,2,3,88,91,91,90,90,91,86,93,90,3
student_465,12,1,5,1,4,1,3,0,0,0,0,0,0,1,1,2,0,0,0,0,1,0,1,0,1,1,2,5,3,1,1,0,1,1,0,0,0,1,0,0,0,1,0,0,0,3,4,3,82,87,87,92,84,92,93,90,88,3
student_466,12,1,3,3,1,3,1,0,0,0,0,0,1,0,3,2,0,0,0,0,0,0,1,1,1,1,4,2,3,1,1,0,0,1,0,0,0,0,0,0,1,0,0,0,1,2,2,2,86,84,84,85,86,89,88,88,86,3
student_467,12,1,3,3,1,1,3,1,0,1,1,0,0,1,3,3,0,0,0,0,1,0,1,1,1,1,2,1,2,1,1,0,0,1,0,0,0,0,0,0,0,0,1,1,1,2,2,3,89,91,88,90,91,92,91,94,91,3
student_468,12,0,3,1,1,3,3,0,0,1,0,0,0,0,3,2,0,0,1,0,0,0,3,0,2,2,1,1,3,3,0,0,0,0,0,0,0,0,0,0,0,1,0,0,0,2,2,2,86,87,90,86,90,86,92,91,89,3
student_469,13,0,2,2,4,1,3,1,0,0,0,0,0,0,3,3,0,0,0,0,0,0,1,0,1,1,1,5,3,1,1,0,0,0,0,1,0,0,0,0,0,0,0,0,0,1,1,3,89,88,90,90,92,90,90,91,90,3
student_470,12,0,5,2,1,3,1,0,0,0,0,1,0,0,1,3,0,0,0,0,0,1,1,1,2,2,1,1,1,1,1,0,1,0,0,1,1,0,0,0,0,1,0,0,1,2,4,1,84,83,83,85,85,87,86,86,84,3
student_471,12,0,1,1,3,3,3,0,0,0,0,0,0,1,5,3,0,0,1,0,0,0,2,1,1,1,3,4,2,2,0,0,0,0,0,0,0,0,0,0,0,1,0,0,1,1,3,2,85,89,88,82,87,85,91,90,87,3
student_472,12,0,3,2,1,3,3,0,0,0,0,1,0,0,3,3,0,0,1,0,0,0,3,0,2,2,2,1,2,3,0,0,0,0,0,0,0,0,0,0,0,1,0,0,1,1,1,3,90,89,89,92,91,85,88,88,89,3
student_473,12,0,5,2,1,3,1,1,0,0,0,0,0,0,5,1,0,0,1,0,0,0,2,0,1,1,1,5,3,1,1,0,0,0,0,1,0,0,0,0,1,0,0,0,1,1,1,3,93,89,86,86,89,84,88,89,88,3
student_474,13,0,5,2,1,3,1,0,0,0,0,0,1,0,4,2,0,0,0,1,0,0,1,0,1,1,2,5,3,1,0,0,0,0,0,0,0,0,0,0,0,0,0,0,0,1,4,3,84,83,84,83,85,88,85,86,86,3
student_475,13,0,5,1,2,2,1,0,0,0,0,0,1,0,5,1,0,0,1,0,0,0,2,1,2,2,2,4,3,2,1,0,0,1,0,0,0,0,0,0,0,0,0,0,0,2,1,3,91,90,88,91,92,88,90,92,90,3
student_476,12,0,1,1,1,3,3,0,0,0,0,0,1,0,5,1,0,0,0,1,0,0,3,0,2,3,2,1,2,2,0,0,0,0,0,0,0,0,0,0,0,1,0,0,0,3,1,3,86,88,88,87,84,88,87,87,87,3
student_477,12,0,5,2,1,3,1,0,0,0,0,1,0,0,4,2,0,0,0,1,0,0,1,0,1,1,1,5,3,1,1,0,0,1,0,0,0,0,0,0,0,1,0,0,0,3,2,3,90,84,85,87,91,95,91,93,90,3
student_478,12,1,5,3,1,1,1,0,1,0,0,0,0,1,1,3,1,0,1,0,1,0,1,0,1,1,1,1,3,1,1,0,0,0,0,0,0,1,0,0,0,0,1,0,1,2,1,3,87,89,88,82,83,85,91,91,87,2
student_479,12,1,5,2,1,1,2,0,0,1,0,0,0,0,5,3,0,0,0,1,0,0,1,0,1,2,1,2,1,2,1,0,0,0,0,0,0,1,0,0,0,0,1,0,1,1,3,3,90,86,93,90,90,88,87,87,89,2
student_480,13,0,5,1,1,1,3,0,0,0,0,0,1,0,5,2,0,0,0,0,1,0,1,0,2,2,4,1,3,2,1,0,0,1,0,0,0,0,0,0,0,1,0,0,1,1,3,2,87,84,88,86,86,85,85,87,86,2
student_481,12,0,3,3,4,3,1,0,0,0,0,0,0,1,2,3,0,0,0,1,0,0,1,0,1,1,1,5,2,1,1,0,0,0,0,0,0,1,0,0,0,0,0,0,0,2,1,3,86,86,85,88,85,89,89,86,87,2
student_482,12,0,1,1,1,1,3,0,1,0,0,0,0,0,2,2,1,0,0,0,0,0,1,1,1,3,1,5,3,1,1,0,0,1,0,0,0,0,0,0,0,0,1,0,1,2,1,3,85,82,83,84,85,85,85,85,84,2
student_483,13,1,4,4,1,1,3,0,0,0,0,0,1,0,2,3,0,0,0,0,0,1,1,0,2,2,1,1,1,1,1,0,0,0,0,0,0,0,0,0,0,1,0,0,1,1,4,3,84,87,88,88,87,88,86,90,87,2
student_484,12,1,1,1,4,2,3,1,1,1,0,1,1,1,5,3,1,0,1,1,0,0,3,0,3,3,2,1,3,1,1,0,0,0,0,0,0,1,0,0,0,0,0,0,0,2,1,3,91,88,91,83,88,87,88,91,88,2
student_485,12,1,3,1,2,3,3,1,0,0,0,0,0,0,4,2,0,0,0,1,0,0,2,1,1,1,2,1,2,1,1,0,0,1,0,0,0,1,0,0,0,0,0,1,0,1,1,3,95,95,93,92,92,95,88,94,93,2
student_486,13,0,5,2,4,1,3,0,1,0,0,0,0,0,2,2,0,0,0,0,0,0,1,1,3,2,1,5,1,2,1,0,0,1,0,0,0,0,0,0,0,0,0,0,0,2,2,3,90,89,89,89,90,90,91,91,90,2
student_487,12,0,3,2,4,3,3,0,1,0,0,0,0,0,2,2,1,0,0,0,0,0,1,0,2,1,1,2,2,2,1,0,0,1,0,0,0,0,0,0,0,1,0,0,0,3,2,3,87,86,88,85,85,88,86,88,87,2
student_488,12,1,5,2,1,1,3,0,0,1,0,0,0,0,1,2,0,0,0,0,1,0,3,0,2,3,1,4,3,1,1,0,0,1,0,0,0,0,0,0,0,1,0,1,0,3,4,3,82,86,89,85,86,87,85,93,87,2
student_489,12,1,3,3,1,3,1,1,0,0,1,0,1,0,2,3,1,0,1,0,0,0,1,1,1,1,2,1,1,2,1,0,0,1,0,1,0,1,0,0,0,0,0,0,1,3,2,3,91,91,89,89,92,89,90,92,90,2
student_490,12,1,5,3,1,2,3,1,1,1,0,0,1,0,5,3,0,0,0,0,0,0,1,1,1,2,2,1,2,1,1,0,0,0,1,0,0,0,0,0,0,0,0,0,0,1,2,2,85,86,88,90,89,87,88,92,88,2
student_491,14,1,5,2,1,1,3,0,1,0,0,0,0,0,2,2,0,0,1,0,0,0,2,1,2,1,1,1,3,2,1,0,0,1,0,0,0,0,0,0,0,0,0,1,0,2,2,3,95,92,95,94,96,94,93,93,94,2
student_492,12,0,5,2,1,2,3,1,0,1,1,1,0,0,2,3,0,0,0,1,0,1,2,1,1,1,1,1,1,1,1,0,0,1,0,0,0,0,0,0,0,1,0,0,1,1,1,3,91,91,95,93,92,92,92,92,92,2
student_493,12,0,3,2,2,1,3,0,0,0,1,0,0,0,2,2,0,0,1,0,0,0,1,0,3,3,1,5,3,1,1,0,0,0,0,0,0,0,0,0,0,0,1,0,1,3,3,2,90,87,87,89,88,86,87,87,88,2
student_494,11,1,5,1,1,2,3,1,1,1,1,1,1,1,2,3,1,1,1,0,1,0,1,1,2,2,1,4,3,1,1,0,0,0,0,0,0,0,0,0,0,1,0,0,1,2,1,3,86,87,88,84,89,87,89,88,87,2
student_495,13,1,3,2,4,3,3,0,1,0,0,0,0,0,2,2,0,0,0,1,0,0,1,0,1,2,1,1,3,2,1,0,0,0,0,0,0,0,0,0,0,0,1,0,1,2,3,3,88,83,86,87,87,88,86,87,87,2
student_496,13,1,5,4,1,1,3,0,1,1,0,0,1,1,2,3,1,1,1,0,1,1,1,1,1,2,1,1,1,1,1,0,0,0,1,0,1,0,0,0,0,1,0,0,0,1,2,3,88,87,86,83,84,90,89,93,87,2
student_497,12,0,1,1,1,1,3,0,1,0,0,0,0,0,2,2,0,0,1,0,0,0,3,0,2,2,1,1,2,1,0,0,0,0,0,0,0,0,0,1,0,0,0,0,1,2,1,3,83,88,84,86,87,87,90,93,87,2
student_498,13,0,3,4,1,2,3,1,1,0,0,0,0,0,2,3,1,0,0,1,0,0,2,1,1,1,1,4,3,1,1,0,0,1,0,0,0,0,0,0,0,0,0,0,1,1,1,3,91,90,91,90,90,91,85,95,90,2
student_499,13,1,1,1,2,1,3,0,1,0,1,1,1,1,4,2,0,0,1,0,0,0,2,0,1,2,1,5,3,3,0,0,0,0,0,0,0,0,0,0,0,1,0,0,1,1,2,1,84,91,91,98,89,86,91,95,89,2
student_500,13,1,3,1,1,2,3,0,1,1,0,0,0,0,2,3,1,0,0,1,0,0,1,1,1,2,2,2,2,1,1,0,0,1,0,0,0,0,0,0,0,0,1,0,0,2,2,2,90,88,91,90,86,90,90,88,90,2
student_501,13,1,5,3,4,2,3,0,1,1,1,1,0,0,4,3,1,1,1,1,0,0,1,1,1,1,1,5,2,1,1,0,0,1,1,0,1,1,0,0,0,1,0,0,1,1,1,2,85,89,91,85,92,96,90,95,90,2
student_502,13,0,1,1,4,3,1,1,1,1,0,0,0,0,2,2,1,0,0,1,0,0,2,1,1,2,1,1,2,1,1,0,0,1,0,1,1,0,0,0,0,0,1,0,1,3,1,3,87,90,90,90,83,90,89,90,89,2
student_503,N/A,0,5,2,1,1,1,1,1,1,0,0,1,0,5,3,0,1,1,1,1,0,1,0,1,1,1,2,1,2,1,0,0,1,0,0,0,0,0,0,0,0,1,0,0,1,1,3,89,87,88,93,88,92,90,93,90,2
student_504,12,1,5,2,1,2,3,0,1,0,0,0,0,0,5,3,0,0,0,0,0,0,3,0,1,1,3,1,3,1,1,0,0,1,0,0,0,0,0,0,0,1,0,0,0,1,2,3,87,91,93,90,88,89,91,94,90,2
student_505,N/A,2,5,2,1,1,3,0,0,0,0,0,1,0,2,3,0,0,0,1,0,0,2,0,1,1,1,1,2,2,0,0,0,0,0,0,0,0,0,0,0,1,0,0,1,2,2,3,84,85,88,86,85,87,90,97,88,2
student_506,12,1,5,4,4,1,3,1,1,1,1,1,1,1,1,3,1,1,1,1,1,1,3,0,2,1,1,2,1,1,1,0,1,0,0,0,0,0,0,0,0,0,0,0,0,1,1,3,90,92,94,93,93,91,91,95,92,2
student_507,12,1,3,2,1,1,1,0,0,1,0,0,0,0,4,2,0,0,1,1,0,0,3,0,1,1,1,3,3,2,0,0,0,0,0,0,0,0,0,0,0,1,0,0,1,2,3,2,80,88,84,84,90,90,87,94,87,2
student_508,13,1,5,2,1,1,3,1,0,1,0,0,0,0,2,2,0,0,0,1,0,0,2,0,1,2,1,5,1,1,1,0,0,1,0,0,0,0,0,0,0,1,0,0,1,2,3,1,89,87,92,89,87,82,89,93,89,2
student_509,13,1,3,2,4,3,3,0,1,1,0,0,0,1,2,3,1,0,1,0,0,0,1,1,2,2,1,1,2,2,1,0,1,0,1,0,0,0,0,0,0,1,1,0,0,1,2,3,89,90,89,91,89,92,92,94,90,2
student_510,13,1,5,2,4,2,3,0,1,0,0,0,0,0,2,2,0,0,0,1,0,0,2,0,2,1,2,1,2,2,0,0,0,0,0,0,0,0,0,0,0,0,1,0,0,2,2,2,79,85,81,80,88,83,89,88,84,2
student_511,12,1,5,2,1,1,1,0,1,0,0,0,1,0,2,3,0,0,1,0,1,0,1,0,2,2,1,2,2,2,0,0,0,0,0,0,0,0,0,0,0,0,1,0,1,1,2,3,79,85,84,83,86,90,87,93,85,2
student_512,13,0,5,1,1,3,3,0,1,0,0,0,0,0,2,2,0,0,1,0,0,0,2,0,2,3,1,1,2,3,0,0,0,0,0,0,0,0,0,0,0,1,0,0,1,2,3,2,80,84,90,90,88,80,86,90,87,2
student_513,12,1,3,4,1,1,3,0,1,1,1,1,1,1,2,3,1,1,1,1,1,1,1,1,2,2,1,1,2,1,1,0,0,1,1,0,1,0,0,0,0,1,0,0,1,1,2,3,88,90,90,89,91,92,90,97,89,2
student_514,12,0,3,1,1,3,2,0,1,0,0,0,0,0,2,3,0,0,1,0,0,0,1,0,3,2,2,1,3,1,0,0,0,0,0,0,0,0,0,0,0,0,0,0,1,2,1,3,87,91,92,88,82,88,88,88,88,2
student_515,N/A,1,5,1,1,1,1,0,1,1,0,1,1,1,5,3,1,1,1,1,1,1,1,1,2,2,1,1,1,1,0,0,0,0,0,0,0,0,0,1,0,1,0,0,1,3,3,1,82,84,89,83,85,94,86,88,85,2
student_516,14,1,3,2,2,1,1,0,0,1,0,0,1,1,2,3,1,1,1,0,1,0,1,1,1,2,2,1,2,1,1,0,0,1,0,0,0,0,0,0,0,1,0,0,1,2,2,2,92,92,92,92,93,93,93,94,93,2
student_517,13,1,5,4,1,1,3,1,1,0,0,1,0,0,2,2,0,0,0,0,1,0,3,1,1,3,1,4,3,2,1,0,0,1,0,0,0,0,0,0,0,0,0,1,0,2,1,2,96,92,95,94,94,93,93,98,94,2
student_518,12,0,1,4,1,1,3,0,1,0,0,0,0,0,3,2,1,0,1,1,1,0,2,1,2,2,3,3,2,2,1,0,0,1,0,0,0,0,0,0,0,1,0,0,1,2,1,2,92,95,91,90,93,95,94,93,92,2
student_519,13,0,5,2,1,1,3,1,0,0,1,0,0,1,2,3,0,0,1,1,0,1,1,1,2,1,1,1,1,1,1,0,0,0,0,1,1,0,0,0,0,0,0,1,0,2,1,3,87,87,87,86,88,92,88,89,88,2
student_520,11,0,1,1,1,1,3,0,0,0,0,1,0,0,2,2,0,0,0,1,0,0,2,0,1,1,1,1,3,1,1,0,0,1,0,0,0,0,0,0,0,0,1,0,0,1,1,3,88,90,91,89,88,94,92,93,91,2
student_521,12,1,5,2,4,1,1,0,0,0,0,1,0,0,1,3,0,0,0,1,0,0,1,1,2,1,1,1,1,2,1,0,0,1,0,0,0,0,0,0,0,1,0,0,1,2,1,3,89,89,91,93,92,91,90,91,91,2
student_522,12,0,5,2,1,1,1,0,1,0,0,0,0,0,2,3,0,0,1,0,0,0,1,1,2,2,1,1,2,1,1,0,0,0,1,0,0,0,0,0,0,0,0,0,1,1,2,3,82,90,87,88,85,86,85,92,87,2
student_523,13,1,2,2,2,1,1,0,0,0,0,0,1,0,2,2,0,0,0,0,0,0,1,0,1,2,1,1,3,2,1,0,0,1,0,0,0,0,0,0,0,1,0,0,0,2,3,3,86,90,89,90,90,94,91,95,90,2
student_524,12,1,5,1,2,3,1,0,0,1,0,0,0,0,2,2,0,0,1,0,0,0,1,1,2,2,1,1,3,1,1,0,0,1,0,1,0,1,0,0,0,0,0,1,0,2,2,3,94,90,95,94,86,90,90,92,91,2
student_525,13,1,5,1,4,2,3,0,0,0,0,1,0,0,2,3,0,0,0,1,0,0,2,0,2,2,1,1,3,1,1,0,0,1,0,0,0,0,0,0,0,0,0,1,1,2,1,3,93,90,92,92,92,90,90,92,91,2
student_526,12,0,1,1,5,1,3,0,0,0,0,0,0,1,2,1,0,0,1,0,0,0,2,1,1,1,1,5,3,2,1,0,0,1,1,1,0,0,0,0,0,0,0,1,0,3,1,3,90,92,91,85,86,88,92,92,90,2
student_527,13,1,3,1,3,1,2,0,0,1,0,0,0,0,1,3,0,0,0,1,0,0,3,0,2,1,2,4,1,1,1,0,0,1,0,0,0,1,0,0,0,1,0,0,1,2,1,3,87,91,91,90,90,91,91,92,90,2
student_528,12,1,3,3,4,1,1,0,1,0,0,0,0,0,2,3,1,0,0,0,0,0,2,1,2,2,1,1,2,1,1,0,0,0,0,0,0,0,1,0,0,0,0,1,1,1,3,3,85,83,87,88,85,87,86,87,86,2
student_529,12,0,3,2,1,2,3,0,0,1,1,0,1,0,2,3,0,1,0,1,0,0,1,1,2,1,1,1,3,1,1,0,0,0,0,0,0,0,0,0,0,0,1,0,0,1,2,2,84,84,86,88,86,90,90,88,87,2
student_530,16,0,5,1,4,2,3,0,0,0,0,0,1,0,5,2,0,0,0,0,0,0,1,1,2,3,1,1,3,1,1,0,1,0,0,0,1,0,0,0,0,0,1,0,0,2,2,3,92,92,93,95,92,94,91,91,93,2
student_531,12,1,1,2,4,1,2,0,0,0,0,1,0,0,2,2,0,0,0,0,0,0,3,1,1,2,1,1,3,1,1,0,0,1,0,0,0,0,0,0,0,1,0,0,0,3,4,2,87,91,91,88,87,91,90,93,90,2
student_532,12,1,3,1,1,1,1,0,0,0,0,0,1,0,2,3,0,0,0,0,1,0,2,0,1,1,1,1,1,1,1,0,0,1,0,0,0,0,0,0,0,1,0,0,1,1,2,2,83,88,90,88,86,93,92,90,89,2
student_533,12,0,1,1,1,3,3,0,0,0,0,0,0,0,2,2,0,0,0,0,0,0,3,1,3,2,2,4,3,2,1,0,0,1,0,1,0,0,0,0,0,0,0,1,0,1,1,3,89,90,86,86,89,83,89,92,88,2
student_534,12,1,1,3,1,1,2,0,0,1,0,0,1,0,1,2,0,0,0,0,0,0,1,0,2,3,1,1,3,1,1,0,0,1,0,0,1,0,0,0,0,1,0,0,1,2,3,2,90,90,91,91,90,91,90,91,90,2
student_535,12,1,3,1,1,3,3,0,0,1,0,0,0,0,4,3,0,1,0,0,0,0,2,0,1,2,2,1,2,3,0,0,0,0,0,0,0,0,0,0,0,1,0,0,0,1,3,1,86,87,87,90,84,87,88,91,88,4
student_536,11,1,5,4,1,1,1,0,0,0,0,0,0,0,4,3,1,1,0,1,0,0,1,1,1,1,1,1,2,1,0,0,0,0,0,0,0,0,0,0,0,0,0,1,1,1,2,3,87,87,87,88,85,86,91,86,87,4
student_537,12,1,5,4,1,2,1,0,0,0,1,1,0,0,4,2,1,0,1,0,0,0,1,1,2,2,2,2,3,1,0,0,0,0,0,0,0,0,0,0,0,1,1,0,0,1,3,3,86,88,86,90,85,88,88,89,88,4
student_538,12,0,3,3,1,2,2,0,0,0,0,0,1,0,4,2,0,0,0,1,0,0,2,1,3,2,2,2,3,2,0,0,0,0,0,0,0,0,0,0,0,1,0,0,1,2,3,1,81,84,82,84,84,84,85,84,84,4
student_539,12,1,5,1,4,1,1,0,0,0,0,0,1,0,1,2,0,0,1,0,0,0,1,1,1,1,1,1,2,1,1,0,0,0,0,1,1,0,0,0,0,1,0,0,0,2,4,3,93,91,92,88,89,87,86,86,89,4
student_540,13,1,5,2,1,3,1,0,1,0,1,0,0,0,4,2,0,0,1,0,0,0,2,0,1,3,1,4,2,1,1,0,0,0,0,0,1,0,0,0,0,0,1,0,0,2,4,3,89,83,91,87,91,89,88,82,88,4
student_541,13,1,5,1,4,1,3,1,0,0,0,0,0,0,4,3,1,0,0,0,0,0,1,1,1,1,2,1,1,1,0,0,0,0,0,0,0,0,0,0,0,0,1,0,1,1,2,1,87,90,88,86,89,89,90,93,88,4
student_542,13,1,3,2,1,3,1,0,0,0,0,1,1,0,4,2,0,1,1,0,1,0,2,0,1,3,1,4,2,1,0,0,0,0,0,0,0,0,0,0,0,0,1,0,0,2,4,3,86,90,86,87,90,86,87,89,88,4
student_543,13,0,2,1,1,1,3,1,1,1,0,0,1,1,4,3,1,0,1,1,0,0,2,1,2,2,1,1,3,1,1,0,0,1,1,0,0,0,0,0,1,0,0,0,0,2,2,3,86,91,92,82,87,90,89,86,88,4
student_544,13,1,3,4,2,4,2,1,1,0,0,0,0,0,4,3,0,0,0,1,0,0,2,1,2,1,4,4,1,1,0,0,0,0,0,0,0,0,0,0,0,0,1,0,0,1,2,3,81,84,89,82,83,91,89,95,85,4
student_545,13,1,3,4,1,1,1,1,0,0,0,0,0,0,4,3,0,0,1,0,0,0,1,1,1,1,1,4,1,2,1,0,0,1,0,0,0,0,0,0,0,1,0,0,1,1,1,3,85,89,88,86,90,94,90,93,89,4
student_546,12,0,3,2,1,1,1,0,1,0,0,0,0,0,4,2,0,0,0,1,0,0,2,0,1,2,1,1,1,1,0,0,0,0,0,0,0,0,0,0,0,0,1,0,1,3,2,3,87,88,90,88,85,92,90,92,89,4
student_547,13,1,3,1,2,4,3,0,0,0,0,1,0,0,4,3,0,0,1,0,0,0,2,1,1,3,1,1,1,2,1,0,0,0,0,1,0,0,0,0,0,0,0,1,0,2,1,3,93,95,88,89,88,89,89,91,89,4
student_548,12,1,3,3,4,1,3,1,1,0,0,1,0,1,4,1,1,1,1,1,1,1,1,0,1,1,2,4,3,1,0,0,0,0,0,0,0,0,0,0,0,1,0,0,0,1,3,3,86,88,86,89,84,89,88,90,88,4
student_549,12,1,5,4,1,1,3,1,1,1,1,1,0,0,4,3,1,1,0,1,1,0,3,0,2,2,1,4,2,1,0,0,0,0,0,0,0,0,0,0,0,1,0,0,0,2,2,3,84,87,81,87,83,85,87,90,86,4
student_550,12,0,5,1,1,2,3,1,1,0,0,0,1,0,2,2,1,0,0,1,0,0,2,1,1,1,2,5,3,1,1,0,0,0,0,1,0,0,0,0,0,0,1,0,0,2,2,3,91,86,90,89,85,88,87,90,88,4
student_551,13,1,5,1,4,2,1,1,0,0,0,0,0,0,4,2,0,0,0,1,0,0,2,1,1,1,1,1,1,1,0,0,0,0,0,0,0,0,0,0,0,0,0,0,0,1,1,3,87,88,89,88,87,84,87,92,88,4
student_552,12,1,5,1,4,2,3,1,0,0,0,0,0,0,4,2,0,0,1,0,0,0,2,0,1,2,3,4,2,2,0,0,0,0,0,0,0,0,0,0,0,0,0,0,0,2,2,2,92,87,88,90,93,87,85,87,89,4
student_553,13,1,5,1,1,2,3,0,1,1,0,0,0,0,4,2,0,1,0,0,0,1,1,0,1,1,2,4,3,2,0,0,0,0,0,0,0,0,0,0,0,1,0,0,1,1,3,3,82,87,88,87,88,87,88,95,88,4
student_554,13,1,5,1,4,1,3,1,1,1,1,1,1,1,4,2,0,0,1,1,1,0,2,1,1,1,1,1,3,1,1,0,0,1,0,0,0,0,0,0,0,0,0,1,0,2,2,3,86,88,87,91,91,92,91,96,90,4
student_555,15,1,5,1,4,3,3,0,0,0,0,0,1,0,4,3,1,0,1,0,0,0,2,1,1,2,1,4,3,1,1,0,0,1,0,0,0,0,0,0,0,1,1,0,1,3,1,3,86,88,89,89,89,87,88,93,89,4
student_556,14,1,3,1,1,3,3,1,0,0,1,1,1,1,4,3,0,0,1,1,1,1,1,1,2,1,1,1,2,1,0,0,0,0,0,0,0,0,0,0,0,0,1,1,0,3,1,3,89,88,90,89,89,90,87,93,89,4
student_557,12,0,1,1,1,3,1,0,1,1,0,0,1,1,4,2,1,0,0,1,0,1,2,1,2,2,1,1,3,2,1,0,0,0,1,0,0,0,0,0,0,1,1,0,1,2,2,3,84,91,90,82,85,90,89,90,88,4
student_558,12,0,3,2,1,3,1,0,0,0,1,0,1,0,4,3,0,0,1,1,1,0,1,1,1,1,2,4,3,1,0,0,0,0,0,0,0,0,0,0,0,1,0,0,0,2,1,3,82,80,80,82,84,84,84,84,83,4
student_559,14,0,4,2,1,1,1,1,0,0,0,0,0,0,4,2,0,0,1,0,0,0,1,1,1,1,1,1,1,1,0,0,0,0,0,0,0,0,0,0,0,0,0,1,0,1,2,3,86,85,89,91,87,90,88,89,88,4
student_560,12,0,3,1,1,3,3,0,1,0,0,0,0,0,4,3,1,0,0,0,0,0,1,0,1,1,1,1,2,2,0,0,0,0,0,0,0,0,0,0,0,1,0,0,0,1,1,2,89,88,87,88,89,87,87,87,88,4
student_561,12,0,5,1,3,2,2,0,1,0,0,0,0,0,4,2,1,0,0,0,0,0,1,0,2,2,4,1,2,2,0,0,0,0,0,0,0,0,0,0,0,0,1,0,0,2,1,3,85,88,83,86,84,91,90,93,88,4
student_562,12,1,3,2,1,2,3,0,0,0,0,1,0,0,1,2,0,0,0,1,0,0,1,0,1,1,1,1,3,1,1,0,0,1,0,0,0,1,0,0,0,1,0,0,1,3,4,3,92,88,93,90,89,86,86,87,89,4
student_563,13,0,3,1,1,3,3,0,0,0,0,0,1,0,2,2,0,0,0,1,0,0,2,0,1,2,4,2,2,1,0,0,0,0,0,0,0,0,0,0,0,1,0,0,0,2,3,3,87,86,87,87,88,91,89,89,88,4
student_564,12,1,5,1,1,2,3,1,0,0,0,0,0,1,2,2,0,0,1,1,0,0,1,0,1,2,1,5,3,1,0,0,0,0,0,0,0,0,0,0,0,0,1,0,0,1,3,2,85,86,89,84,91,89,91,91,88,4
student_565,12,1,3,2,1,1,1,1,0,0,0,0,0,0,3,2,0,0,0,1,0,0,1,1,2,1,1,1,1,2,0,0,0,0,0,0,0,0,0,0,0,0,1,0,1,2,2,3,90,87,86,87,88,89,87,90,88,4
student_566,15,1,3,1,4,1,3,1,1,0,0,0,0,0,4,3,0,0,1,0,0,0,1,0,2,1,1,1,3,1,1,0,0,1,1,1,0,0,0,0,0,0,1,0,0,3,1,3,88,89,91,89,91,91,91,92,90,4
student_567,12,1,2,3,1,3,3,1,0,0,0,0,0,0,1,3,0,0,0,0,1,0,2,0,1,1,3,1,1,1,0,0,0,0,0,0,0,0,0,0,0,0,1,0,0,1,4,1,90,93,88,89,91,85,90,89,89,4
student_568,12,0,5,1,1,1,1,0,0,0,0,0,1,0,4,3,0,0,0,0,1,0,2,0,2,2,1,1,3,1,0,0,0,0,0,0,0,0,0,0,0,0,0,0,0,2,1,3,83,82,84,83,84,84,84,86,84,4
student_569,14,0,3,1,1,3,3,1,0,0,0,0,0,0,4,2,0,0,0,1,0,0,2,0,1,2,2,3,2,1,0,0,0,0,0,0,0,0,0,0,0,0,1,0,0,2,3,3,87,88,87,91,87,87,88,88,88,4
student_570,13,0,5,1,2,1,1,0,0,0,0,0,0,1,4,2,0,0,0,1,0,0,2,1,1,1,1,2,2,1,0,0,0,0,0,0,0,0,0,0,0,0,1,0,1,1,3,2,87,85,86,88,89,88,91,90,88,4
student_571,12,1,3,1,1,1,1,0,0,0,0,1,0,0,4,3,1,1,1,1,1,1,1,1,2,1,1,5,1,1,1,0,0,1,0,0,0,0,0,0,0,0,0,1,1,1,4,3,92,87,89,90,88,90,84,93,89,4
student_572,13,0,5,2,1,1,1,1,1,1,0,0,1,1,1,3,1,1,1,1,1,1,1,0,3,1,1,2,2,1,1,0,0,1,0,0,0,1,0,0,0,0,0,0,0,2,2,3,89,89,85,88,88,91,89,94,89,1
student_573,12,0,1,2,1,2,1,0,1,0,0,1,0,0,1,3,0,0,0,1,0,0,2,0,1,2,2,1,3,2,1,0,0,1,0,0,0,0,0,0,0,0,0,1,1,2,3,3,89,92,91,92,88,94,93,94,92,1
student_574,13,0,5,1,1,2,3,0,0,1,0,0,0,0,1,2,0,0,1,0,0,0,2,0,1,3,1,1,3,2,1,0,0,1,0,0,0,0,0,0,0,0,0,0,0,2,1,3,95,93,93,94,92,90,90,94,93,1
student_575,12,1,3,2,1,1,3,1,1,1,1,1,1,1,1,3,1,1,1,1,0,0,2,1,1,2,1,1,1,2,1,1,0,0,1,1,1,1,0,0,0,0,0,0,0,2,4,3,96,97,97,96,96,95,98,98,97,1
student_576,12,1,3,1,4,1,3,1,0,1,1,1,0,0,1,3,0,1,0,0,0,0,2,1,1,1,1,4,2,1,1,0,1,1,1,1,1,1,0,0,0,0,0,0,0,1,2,3,96,93,95,96,95,93,93,94,94,1
student_577,13,1,3,1,1,1,2,1,0,0,0,0,0,0,1,2,0,0,0,0,0,0,2,1,1,1,1,1,2,1,1,0,0,1,0,1,0,0,0,0,0,0,0,0,1,2,3,1,97,92,91,92,90,94,93,96,93,1
student_578,12,1,3,2,1,2,2,0,1,0,0,0,0,0,1,2,0,0,0,0,1,0,2,0,2,3,3,1,2,3,1,0,0,1,0,0,0,0,0,0,0,1,0,0,1,2,4,2,87,87,89,88,90,91,92,95,90,1
student_579,12,1,1,1,1,1,3,0,0,0,0,0,1,0,1,3,0,0,0,0,1,0,2,0,2,2,1,1,3,3,0,0,0,0,0,0,0,0,0,0,0,0,0,0,1,2,2,2,86,92,87,89,91,86,87,88,88,1
student_580,13,1,5,1,1,1,1,1,1,0,0,0,1,0,1,3,0,0,0,1,1,1,1,1,2,2,1,1,3,1,1,0,0,1,0,0,0,0,0,0,0,0,1,0,1,2,2,3,89,90,91,89,90,93,92,90,90,1
student_581,12,0,1,1,4,1,2,1,0,0,1,1,1,0,1,2,0,0,0,0,0,0,3,1,1,1,2,1,3,1,1,0,0,1,0,0,0,0,0,0,0,0,1,0,0,2,1,2,92,91,89,89,90,89,93,91,91,1
student_582,12,0,3,2,1,2,1,0,1,0,0,0,0,0,1,2,0,1,0,0,0,0,1,1,1,2,1,5,1,1,1,0,0,1,0,0,0,0,0,0,0,0,1,0,1,2,3,3,92,86,87,89,92,92,93,93,91,1
student_583,12,1,3,1,1,4,2,0,0,0,0,0,1,0,1,2,0,0,0,1,0,0,2,0,2,2,2,1,2,1,1,0,0,1,0,0,0,0,0,0,0,0,1,0,1,3,4,2,90,91,90,92,87,94,92,96,92,1
student_584,13,1,5,2,1,1,1,0,0,1,1,1,1,0,1,2,0,0,0,0,1,0,3,0,1,1,1,1,2,2,1,0,0,1,0,0,0,0,0,0,0,1,0,0,0,2,2,3,87,88,89,96,94,93,92,95,92,1
student_585,12,0,3,1,1,2,1,1,0,1,1,0,0,0,1,3,0,0,0,1,0,0,1,1,2,1,2,1,2,2,1,0,1,1,0,1,0,1,0,0,0,0,0,0,0,2,1,3,91,92,91,92,88,93,90,94,91,1
student_586,12,1,3,3,4,2,1,0,0,1,1,1,1,1,1,3,0,0,0,1,0,0,2,1,1,2,1,1,2,1,1,0,0,1,0,0,0,0,0,0,0,0,0,0,0,1,4,2,93,90,92,97,94,94,95,97,94,1
student_587,12,0,5,1,1,1,1,1,1,0,0,0,0,0,1,3,1,0,1,0,0,0,1,1,1,2,1,1,3,1,1,0,0,1,0,0,0,1,0,1,0,0,0,0,1,2,4,3,92,92,93,87,92,92,90,91,92.33,1
student_588,13,1,5,3,1,2,1,1,1,1,1,0,1,1,1,3,1,1,1,1,1,1,2,1,1,2,1,1,3,2,1,0,0,1,0,0,0,1,0,0,0,0,0,0,0,2,1,3,87,91,93,92,91,94,94,94,92,1
student_589,12,1,4,2,1,1,3,0,1,1,0,0,1,0,1,3,0,1,1,1,1,1,1,0,1,1,1,1,2,2,1,0,0,1,0,0,0,0,0,0,1,1,0,1,0,2,2,3,89,88,90,93,88,93,93,95,91,1
student_590,13,0,5,2,4,1,3,1,0,0,0,0,0,0,1,2,0,0,0,1,0,0,3,1,3,2,1,1,3,1,1,0,0,1,0,0,0,0,0,0,0,0,0,0,1,3,2,2,92,92,93,93,93,93,93,92,93,1
student_591,12,0,5,1,1,1,2,1,1,0,0,0,0,0,1,3,0,0,0,0,0,0,1,1,1,1,3,1,3,1,1,0,0,1,0,0,0,0,0,0,0,0,0,0,1,1,1,3,94,95,94,93,93,91,92,93,93,1
student_592,13,1,5,1,4,1,3,0,1,0,0,0,0,0,1,2,0,0,0,0,1,0,1,0,1,1,1,1,2,2,1,0,0,1,0,0,0,0,0,0,0,0,0,1,1,2,4,2,92,97,97,93,88,93,92,97,94,1
student_593,13,1,5,4,4,1,1,0,0,0,0,0,1,0,1,2,0,0,0,1,0,0,1,1,1,1,2,1,1,1,1,0,0,1,0,0,0,0,0,0,0,1,0,0,1,2,4,3,90,92,90,90,90,91,89,88,90,1
student_594,12,0,5,1,1,2,3,0,0,1,0,0,0,0,1,2,0,0,0,0,0,0,3,0,1,1,1,5,3,2,1,0,0,1,0,0,0,0,0,0,0,0,0,0,0,1,4,3,88,90,94,89,93,93,93,91,91,1
student_595,13,1,5,2,1,1,3,0,1,1,0,1,1,1,4,2,0,0,1,1,1,0,1,0,1,1,1,1,1,1,1,0,0,1,1,0,1,0,0,0,0,1,0,0,0,1,1,3,86,88,89,90,90,90,93,91,90,1