student_id,actual_placement,preferred_program,has_valid_preference,g6_final_average,g6_math,g6_science,g6_english,ste_g6_eligible,ste_ineligible_reason,pred_avg_STE,suitable_STE,margin_STE,pred_avg_SPFL,suitable_SPFL,margin_SPFL,pred_avg_SPTVE,suitable_SPTVE,margin_SPTVE,pred_avg_TOP-5,suitable_TOP-5,margin_TOP-5,pred_avg_HETERO,suitable_HETERO,margin_HETERO,top3_recommendations,top1_recommendation
student_001,3,3.0,1.0,88.125,88.0,86.0,88.0,1,Eligible,89.097,1,4.097,86.617,1,1.617,85.192,1,0.192,84.247,0,-0.753,78.11,1,3.11,"[1, 2, 3]",1
student_002,3,3.0,1.0,85.5,82.0,86.0,84.0,0,MATH (82<83),88.556,0,3.556,85.154,1,0.154,84.713,0,-0.287,84.027,0,-0.973,77.949,1,2.949,"[2, 5, 1]",2
student_003,3,3.0,1.0,85.0,82.0,83.0,83.0,0,MATH (82<83),88.379,0,3.379,85.314,1,0.314,84.59,0,-0.41,84.108,0,-0.892,78.027,1,3.027,"[2, 5, 1]",2
student_004,3,3.0,1.0,85.5,85.0,86.0,87.0,1,Eligible,88.433,1,3.433,84.267,0,-0.733,84.673,0,-0.327,84.017,0,-0.983,78.092,1,3.092,"[1, 5, 3]",1
student_005,3,3.0,1.0,94.0,92.0,93.0,92.0,1,Eligible,90.233,1,5.233,92.344,1,7.344,86.44,1,1.44,84.4,0,-0.6,78.332,1,3.332,"[2, 1, 3]",2
student_006,3,5.0,1.0,88.875,91.0,86.0,93.0,1,Eligible,89.12,1,4.12,87.19,1,2.19,85.333,1,0.333,84.346,0,-0.654,78.34,1,3.34,"[1, 2, 3]",1
student_007,3,5.0,1.0,86.125,84.0,84.0,86.0,1,Eligible,88.67,1,3.67,85.23,1,0.23,84.877,0,-0.123,84.155,0,-0.845,78.175,1,3.175,"[1, 2, 5]",1
student_008,3,3.0,1.0,86.75,88.0,86.0,87.0,1,Eligible,88.806,1,3.806,85.614,1,0.614,84.972,0,-0.028,84.101,0,-0.899,78.175,1,3.175,"[1, 2, 5]",1
student_009,3,3.0,1.0,85.0,85.0,85.0,87.0,1,Eligible,88.47,1,3.47,83.574,0,-1.426,84.551,0,-0.449,84.057,0,-0.943,77.976,1,2.976,"[1, 5, 3]",1
student_010,3,3.0,1.0,88.5,87.0,94.0,89.0,1,Eligible,89.323,1,4.323,86.989,1,1.989,85.301,1,0.301,84.082,0,-0.918,77.986,1,2.986,"[1, 2, 3]",1
student_011,3,3.0,1.0,88.5,85.0,87.0,90.0,1,Eligible,89.141,1,4.141,88.194,1,3.194,85.335,1,0.335,84.205,0,-0.795,78.173,1,3.173,"[1, 2, 3]",1
student_012,3,3.0,1.0,86.125,87.0,84.0,84.0,1,Eligible,88.698,1,3.698,84.668,0,-0.332,84.788,0,-0.212,84.063,0,-0.937,78.127,1,3.127,"[1, 5, 3]",1
student_013,3,3.0,1.0,88.25,86.0,87.0,86.0,1,Eligible,89.086,1,4.086,87.047,1,2.047,85.275,1,0.275,84.118,0,-0.882,78.112,1,3.112,"[1, 2, 3]",1
student_014,3,6.0,0.0,89.125,88.0,89.0,89.0,1,Eligible,89.393,1,4.393,87.56,1,2.56,85.4,1,0.4,84.197,0,-0.803,78.176,1,3.176,"[1, 2, 3]",1
student_015,3,3.0,1.0,87.625,82.0,85.0,93.0,0,MATH (82<83),88.926,0,3.926,88.224,1,3.224,85.163,1,0.163,84.389,0,-0.611,78.29,1,3.29,"[2, 3, 5]",2
student_016,3,3.0,1.0,86.25,85.0,86.0,86.0,1,Eligible,88.74,1,3.74,85.422,1,0.422,84.764,0,-0.236,84.156,0,-0.844,78.029,1,3.029,"[1, 2, 5]",1
student_017,3,5.0,1.0,88.25,86.0,87.0,86.0,1,Eligible,89.079,1,4.079,87.041,1,2.041,85.259,1,0.259,84.231,0,-0.769,78.177,1,3.177,"[1, 2, 3]",1
student_018,3,3.0,1.0,89.375,87.0,90.0,88.0,1,Eligible,89.513,1,4.513,88.233,1,3.233,85.505,1,0.505,84.253,0,-0.747,78.169,1,3.169,"[1, 2, 3]",1
student_019,3,5.0,1.0,88.75,89.0,87.0,88.0,1,Eligible,89.175,1,4.175,87.943,1,2.943,85.332,1,0.332,84.244,0,-0.756,78.305,1,3.305,"[1, 2, 3]",1
student_020,3,3.0,1.0,87.875,87.0,86.0,87.0,1,Eligible,89.052,1,4.052,86.783,1,1.783,85.212,1,0.212,84.209,0,-0.791,78.281,1,3.281,"[1, 2, 3]",1
student_021,5,6.0,0.0,82.875,82.0,79.0,79.0,0,"MATH (82<83), SCIENCE (79<83), ENGLISH (79<83)",87.905,0,2.905,81.845,0,-3.155,84.104,0,-0.896,83.951,0,-1.049,77.944,1,2.944,"[5, 1, 3]",5
student_022,5,6.0,0.0,79.375,79.0,77.0,81.0,0,"MATH (79<83), SCIENCE (77<83), ENGLISH (81<83)",87.155,0,2.155,78.849,0,-6.151,83.433,0,-1.567,83.803,0,-1.197,77.924,1,2.924,"[5, 1, 4]",5
student_023,5,6.0,0.0,81.875,78.0,79.0,82.0,0,"MATH (78<83), SCIENCE (79<83), ENGLISH (82<83)",87.749,0,2.749,82.78,0,-2.22,83.898,0,-1.102,84.077,0,-0.923,77.987,1,2.987,"[5, 1, 4]",5
student_024,5,1.0,1.0,84.0,82.0,84.0,83.0,0,MATH (82<83),88.48,0,3.48,83.478,0,-1.522,84.429,0,-0.571,84.058,0,-0.942,78.087,1,3.087,"[5, 1, 3]",5
student_025,5,6.0,0.0,81.125,81.0,80.0,81.0,0,"MATH (81<83), SCIENCE (80<83), ENGLISH (81<83)",87.536,0,2.536,80.472,0,-4.528,83.663,0,-1.337,83.872,0,-1.128,77.857,1,2.857,"[5, 1, 4]",5
student_026,5,6.0,0.0,82.75,82.0,81.0,82.0,0,"MATH (82<83), SCIENCE (81<83), ENGLISH (82<83)",87.961,0,2.961,82.638,0,-2.362,84.105,0,-0.895,83.971,0,-1.029,77.982,1,2.982,"[5, 1, 3]",5
student_027,5,6.0,0.0,84.5,83.0,85.0,85.0,1,Eligible,88.337,1,3.337,84.241,0,-0.759,84.487,0,-0.513,84.039,0,-0.961,78.003,1,3.003,"[1, 5, 3]",1
student_028,5,6.0,0.0,77.125,76.0,77.0,75.0,0,"MATH (76<83), SCIENCE (77<83), ENGLISH (75<83)",86.85,0,1.85,77.243,0,-7.757,82.915,0,-2.085,83.697,0,-1.303,77.817,1,2.817,"[5, 1, 4]",5
student_029,5,5.0,1.0,81.75,79.0,84.0,79.0,0,"MATH (79<83), ENGLISH (79<83)",87.638,0,2.638,82.605,0,-2.395,83.948,0,-1.052,83.791,0,-1.209,77.882,1,2.882,"[5, 1, 3]",5
student_030,5,3.0,1.0,81.125,81.0,81.0,81.0,0,"MATH (81<83), SCIENCE (81<83), ENGLISH (81<83)",87.618,0,2.618,80.796,0,-4.204,83.702,0,-1.298,83.816,0,-1.184,77.927,1,2.927,"[5, 1, 4]",5
student_031,5,6.0,0.0,82.75,81.0,78.0,82.0,0,"MATH (81<83), SCIENCE (78<83), ENGLISH (82<83)",87.7,0,2.7,82.624,0,-2.376,84.117,0,-0.883,83.914,0,-1.086,77.961,1,2.961,"[5, 1, 3]",5
student_032,5,6.0,0.0,83.875,83.0,84.0,83.0,1,Eligible,88.034,1,3.034,83.619,0,-1.381,84.365,0,-0.635,83.901,0,-1.099,77.871,1,2.871,"[1, 5, 3]",1
student_033,5,6.0,0.0,82.875,83.0,81.0,81.0,0,"SCIENCE (81<83), ENGLISH (81<83)",88.02,0,3.02,81.753,0,-3.247,84.081,0,-0.919,83.986,0,-1.014,78.009,1,3.009,"[5, 1, 3]",5
student_034,5,6.0,0.0,79.0,77.0,77.0,77.0,0,"MATH (77<83), SCIENCE (77<83), ENGLISH (77<83)",87.154,0,2.154,79.401,0,-5.599,83.323,0,-1.677,83.78,0,-1.22,77.914,1,2.914,"[5, 1, 4]",5
student_035,5,6.0,0.0,82.375,81.0,82.0,81.0,0,"MATH (81<83), SCIENCE (82<83), ENGLISH (81<83)",87.885,0,2.885,81.611,0,-3.389,84.036,0,-0.964,83.918,0,-1.082,77.921,1,2.921,"[5, 1, 3]",5
student_036,5,5.0,1.0,78.0,79.0,76.0,76.0,0,"MATH (79<83), SCIENCE (76<83), ENGLISH (76<83)",86.967,0,1.967,77.319,0,-7.681,83.056,0,-1.944,83.699,0,-1.301,77.793,1,2.793,"[5, 1, 4]",5
student_037,5,,0.0,76.625,76.0,76.0,77.0,0,"MATH (76<83), SCIENCE (76<83), ENGLISH (77<83)",86.691,0,1.691,76.663,0,-8.337,82.767,0,-2.233,83.649,0,-1.351,77.647,1,2.647,"[5, 1, 4]",5
student_038,5,2.0,1.0,83.5,80.0,84.0,84.0,0,MATH (80<83),88.104,0,3.104,83.505,0,-1.495,84.279,0,-0.721,83.993,0,-1.007,77.893,1,2.893,"[5, 1, 3]",5
student_039,5,6.0,0.0,78.375,79.0,76.0,76.0,0,"MATH (79<83), SCIENCE (76<83), ENGLISH (76<83)",87.03,0,2.03,77.943,0,-7.057,83.121,0,-1.879,83.752,0,-1.248,77.774,1,2.774,"[5, 1, 4]",5
student_040,5,1.0,1.0,81.25,79.0,78.0,83.0,0,"MATH (79<83), SCIENCE (78<83)",87.606,0,2.606,81.292,0,-3.708,83.807,0,-1.193,83.998,0,-1.002,77.933,1,2.933,"[5, 1, 4]",5
student_041,5,1.0,1.0,76.125,76.0,75.0,75.0,0,"MATH (76<83), SCIENCE (75<83), ENGLISH (75<83)",86.594,0,1.594,76.498,0,-8.502,82.706,0,-2.294,83.729,0,-1.271,77.8,1,2.8,"[5, 1, 4]",5
student_042,5,6.0,0.0,84.25,86.0,83.0,81.0,0,ENGLISH (81<83),88.269,0,3.269,82.273,0,-2.727,84.312,0,-0.688,83.917,0,-1.083,77.962,1,2.962,"[5, 1, 3]",5
student_043,5,3.0,1.0,81.25,79.0,80.0,79.0,0,"MATH (79<83), SCIENCE (80<83), ENGLISH (79<83)",87.532,0,2.532,82.283,0,-2.717,83.8,0,-1.2,83.883,0,-1.117,77.931,1,2.931,"[5, 1, 4]",5
student_044,5,3.0,1.0,82.75,79.0,83.0,80.0,0,"MATH (79<83), ENGLISH (80<83)",87.901,0,2.901,83.776,0,-1.224,84.12,0,-0.88,83.927,0,-1.073,77.857,1,2.857,"[5, 1, 3]",5
student_045,5,6.0,0.0,81.875,82.0,80.0,83.0,0,"MATH (82<83), SCIENCE (80<83)",87.655,0,2.655,81.599,0,-3.401,83.924,0,-1.076,83.878,0,-1.122,77.995,1,2.995,"[5, 1, 3]",5
student_046,5,3.0,1.0,77.25,75.0,75.0,76.0,0,"MATH (75<83), SCIENCE (75<83), ENGLISH (76<83)",86.798,0,1.798,78.55,0,-6.45,82.99,0,-2.01,83.791,0,-1.209,77.942,1,2.942,"[5, 1, 4]",5
student_047,5,6.0,0.0,78.25,77.0,76.0,78.0,0,"MATH (77<83), SCIENCE (76<83), ENGLISH (78<83)",86.977,0,1.977,78.763,0,-6.237,83.165,0,-1.835,83.81,0,-1.19,77.908,1,2.908,"[5, 1, 4]",5
student_048,5,6.0,0.0,83.25,82.0,84.0,83.0,0,MATH (82<83),88.076,0,3.076,82.66,0,-2.34,84.18,0,-0.82,83.938,0,-1.062,77.987,1,2.987,"[5, 1, 3]",5
student_049,5,3.0,1.0,80.75,80.0,85.0,81.0,0,"MATH (80<83), ENGLISH (81<83)",87.611,0,2.611,80.734,0,-4.266,83.659,0,-1.341,83.798,0,-1.202,77.845,1,2.845,"[5, 1, 4]",5
student_050,5,1.0,1.0,82.375,82.0,79.0,83.0,0,"MATH (82<83), SCIENCE (79<83)",87.918,0,2.918,81.545,0,-3.455,83.922,0,-1.078,84.091,0,-0.909,78.077,1,3.077,"[5, 1, 4]",5
student_051,5,1.0,1.0,82.75,89.0,83.0,79.0,0,ENGLISH (79<83),87.884,0,2.884,79.666,0,-5.334,83.934,0,-1.066,83.752,0,-1.248,77.917,1,2.917,"[5, 1, 3]",5
student_052,5,1.0,1.0,82.25,81.0,82.0,79.0,0,"MATH (81<83), SCIENCE (82<83), ENGLISH (79<83)",87.858,0,2.858,81.998,0,-3.002,83.99,0,-1.01,83.88,0,-1.12,77.946,1,2.946,"[5, 1, 3]",5
student_053,5,5.0,1.0,82.375,82.0,82.0,83.0,0,"MATH (82<83), SCIENCE (82<83)",88.046,0,3.046,81.499,0,-3.501,84.063,0,-0.937,84.006,0,-0.994,78.132,1,3.132,"[5, 1, 3]",5
student_054,5,3.0,1.0,85.75,85.0,85.0,86.0,1,Eligible,88.545,1,3.545,84.896,0,-0.104,84.69,0,-0.31,84.112,0,-0.888,78.091,1,3.091,"[1, 5, 2]",1
student_055,5,3.0,1.0,83.625,80.0,82.0,80.0,0,"MATH (80<83), SCIENCE (82<83), ENGLISH (80<83)",87.965,0,2.965,84.756,0,-0.244,84.411,0,-0.589,83.865,0,-1.135,77.956,1,2.956,"[5, 1, 2]",5
student_056,5,3.0,1.0,81.75,80.0,81.0,82.0,0,"MATH (80<83), SCIENCE (81<83), ENGLISH (82<83)",87.812,0,2.812,81.948,0,-3.052,83.861,0,-1.139,84.009,0,-0.991,77.991,1,2.991,"[5, 1, 4]",5
student_057,5,5.0,1.0,81.25,77.0,80.0,77.0,0,"MATH (77<83), SCIENCE (80<83), ENGLISH (77<83)",87.75,0,2.75,81.93,0,-3.07,83.826,0,-1.174,83.978,0,-1.022,78.005,1,3.005,"[5, 1, 4]",5
student_058,5,5.0,1.0,80.375,80.0,79.0,82.0,0,"MATH (80<83), SCIENCE (79<83), ENGLISH (82<83)",87.393,0,2.393,80.397,0,-4.603,83.617,0,-1.383,83.813,0,-1.187,77.822,1,2.822,"[5, 1, 4]",5
student_059,5,5.0,1.0,79.0,78.0,77.0,78.0,0,"MATH (78<83), SCIENCE (77<83), ENGLISH (78<83)",87.153,0,2.153,78.926,0,-6.074,83.351,0,-1.649,83.866,0,-1.134,78.092,1,3.092,"[5, 1, 4]",5
student_060,5,5.0,1.0,77.75,77.0,78.0,76.0,0,"MATH (77<83), SCIENCE (78<83), ENGLISH (76<83)",86.769,0,1.769,78.435,0,-6.565,83.058,0,-1.942,83.693,0,-1.307,77.89,1,2.89,"[5, 1, 4]",5
student_061,5,5.0,1.0,85.75,87.0,83.0,86.0,1,Eligible,88.568,1,3.568,83.618,0,-1.382,84.683,0,-0.317,84.113,0,-0.887,78.041,1,3.041,"[1, 5, 3]",1
student_062,5,5.0,1.0,78.375,79.0,76.0,78.0,0,"MATH (79<83), SCIENCE (76<83), ENGLISH (78<83)",86.969,0,1.969,78.062,0,-6.938,83.1,0,-1.9,83.844,0,-1.156,77.737,1,2.737,"[5, 1, 4]",5
student_063,5,3.0,1.0,84.25,84.0,81.0,86.0,0,SCIENCE (81<83),88.0,0,3.0,83.907,0,-1.093,84.427,0,-0.573,84.068,0,-0.932,78.129,1,3.129,"[5, 1, 3]",5
student_064,5,5.0,1.0,81.0,78.0,81.0,84.0,0,"MATH (78<83), SCIENCE (81<83)",87.667,0,2.667,81.594,0,-3.406,83.723,0,-1.277,83.999,0,-1.001,78.06,1,3.06,"[5, 1, 4]",5
student_065,5,5.0,1.0,82.0,79.0,80.0,83.0,0,"MATH (79<83), SCIENCE (80<83)",87.89,0,2.89,82.427,0,-2.573,83.963,0,-1.037,84.061,0,-0.939,78.153,1,3.153,"[5, 1, 4]",5
student_066,5,5.0,1.0,77.625,76.0,76.0,76.0,0,"MATH (76<83), SCIENCE (76<83), ENGLISH (76<83)",86.805,0,1.805,78.373,0,-6.627,83.055,0,-1.945,83.788,0,-1.212,77.899,1,2.899,"[5, 1, 4]",5
student_067,5,,0.0,82.25,79.0,79.0,81.0,0,"MATH (79<83), SCIENCE (79<83), ENGLISH (81<83)",87.761,0,2.761,82.754,0,-2.246,84.064,0,-0.936,83.996,0,-1.004,78.041,1,3.041,"[5, 1, 3]",5
student_068,5,,0.0,83.75,81.0,82.0,84.0,0,"MATH (81<83), SCIENCE (82<83)",88.131,0,3.131,83.436,0,-1.564,84.397,0,-0.603,83.985,0,-1.015,78.111,1,3.111,"[5, 1, 3]",5
student_069,5,5.0,1.0,81.625,77.0,82.0,76.0,0,"MATH (77<83), SCIENCE (82<83), ENGLISH (76<83)",87.836,0,2.836,82.54,0,-2.46,84.022,0,-0.978,83.814,0,-1.186,77.974,1,2.974,"[5, 1, 3]",5
student_070,5,,0.0,83.75,84.0,81.0,82.0,0,"SCIENCE (81<83), ENGLISH (82<83)",87.976,0,2.976,83.061,0,-1.939,84.266,0,-0.734,83.982,0,-1.018,78.044,1,3.044,"[5, 1, 3]",5
student_071,5,5.0,1.0,81.375,78.0,86.0,82.0,0,"MATH (78<83), ENGLISH (82<83)",87.802,0,2.802,81.511,0,-3.489,83.884,0,-1.116,83.792,0,-1.208,77.709,1,2.709,"[5, 1, 3]",5
student_072,5,5.0,1.0,80.75,77.0,82.0,76.0,0,"MATH (77<83), SCIENCE (82<83), ENGLISH (76<83)",87.68,0,2.68,81.645,0,-3.355,83.809,0,-1.191,83.815,0,-1.185,77.946,1,2.946,"[5, 1, 4]",5
student_073,5,5.0,1.0,75.625,78.0,75.0,75.0,0,"MATH (78<83), SCIENCE (75<83), ENGLISH (75<83)",86.487,0,1.487,75.102,0,-9.898,82.519,0,-2.481,83.627,0,-1.373,77.667,1,2.667,"[5, 1, 4]",5
student_074,5,5.0,1.0,83.875,83.0,84.0,84.0,1,Eligible,88.266,1,3.266,83.271,0,-1.729,84.391,0,-0.609,84.037,0,-0.963,78.195,1,3.195,"[1, 5, 3]",1
student_075,5,,0.0,82.625,79.0,82.0,83.0,0,"MATH (79<83), SCIENCE (82<83)",87.991,0,2.991,83.105,0,-1.895,84.041,0,-0.959,84.006,0,-0.994,77.989,1,2.989,"[5, 1, 3]",5
student_076,5,5.0,1.0,77.375,77.0,79.0,76.0,0,"MATH (77<83), SCIENCE (79<83), ENGLISH (76<83)",86.803,0,1.803,77.168,0,-7.832,82.947,0,-2.053,83.652,0,-1.348,77.511,1,2.511,"[5, 1, 4]",5
student_077,5,5.0,1.0,80.0,80.0,77.0,77.0,0,"MATH (80<83), SCIENCE (77<83), ENGLISH (77<83)",87.211,0,2.211,79.988,0,-5.012,83.631,0,-1.369,83.82,0,-1.18,78.054,1,3.054,"[5, 1, 4]",5
student_078,5,5.0,1.0,81.5,84.0,79.0,82.0,0,"SCIENCE (79<83), ENGLISH (82<83)",87.643,0,2.643,79.638,0,-5.362,83.741,0,-1.259,83.925,0,-1.075,77.934,1,2.934,"[5, 1, 4]",5
student_079,5,5.0,1.0,82.375,83.0,83.0,82.0,0,ENGLISH (82<83),87.934,0,2.934,81.255,0,-3.745,84.066,0,-0.934,83.919,0,-1.081,78.127,1,3.127,"[5, 1, 3]",5
student_080,5,5.0,1.0,85.75,85.0,86.0,86.0,1,Eligible,88.603,1,3.603,85.068,1,0.068,84.749,0,-0.251,84.088,0,-0.912,78.153,1,3.153,"[1, 2, 5]",1
student_081,5,5.0,1.0,79.625,79.0,76.0,78.0,0,"MATH (79<83), SCIENCE (76<83), ENGLISH (78<83)",87.066,0,2.066,79.927,0,-5.073,83.479,0,-1.521,83.785,0,-1.215,77.861,1,2.861,"[5, 1, 4]",5
student_082,5,5.0,1.0,83.375,80.0,81.0,86.0,0,"MATH (80<83), SCIENCE (81<83)",88.052,0,3.052,83.673,0,-1.327,84.33,0,-0.67,84.131,0,-0.869,78.101,1,3.101,"[5, 1, 3]",5
student_083,5,2.0,1.0,81.875,77.0,81.0,79.0,0,"MATH (77<83), SCIENCE (81<83), ENGLISH (79<83)",87.868,0,2.868,83.12,0,-1.88,83.991,0,-1.009,84.002,0,-0.998,77.894,1,2.894,"[5, 1, 4]",5
student_084,5,4.0,1.0,80.375,78.0,82.0,82.0,0,"MATH (78<83), SCIENCE (82<83), ENGLISH (82<83)",87.625,0,2.625,79.735,0,-5.265,83.676,0,-1.324,83.864,0,-1.136,77.893,1,2.893,"[5, 1, 4]",5
student_085,5,5.0,1.0,82.375,82.0,83.0,83.0,0,MATH (82<83),87.993,0,2.993,81.306,0,-3.694,84.045,0,-0.955,83.908,0,-1.092,78.036,1,3.036,"[5, 1, 3]",5
student_086,5,5.0,1.0,78.5,76.0,76.0,77.0,0,"MATH (76<83), SCIENCE (76<83), ENGLISH (77<83)",87.111,0,2.111,79.009,0,-5.991,83.26,0,-1.74,83.837,0,-1.163,77.906,1,2.906,"[5, 1, 4]",5
student_087,5,1.0,1.0,80.0,80.0,77.0,80.0,0,"MATH (80<83), SCIENCE (77<83), ENGLISH (80<83)",87.275,0,2.275,79.514,0,-5.486,83.526,0,-1.474,83.823,0,-1.177,77.897,1,2.897,"[5, 1, 4]",5
student _088,5,2.0,1.0,81.375,81.0,81.0,81.0,0,"MATH (81<83), SCIENCE (81<83), ENGLISH (81<83)",87.724,0,2.724,80.682,0,-4.318,83.764,0,-1.236,83.908,0,-1.092,77.965,1,2.965,"[5, 1, 4]",5
student_089,5,4.0,1.0,76.25,71.0,77.0,73.0,0,"MATH (71<83), SCIENCE (77<83), ENGLISH (73<83)",86.617,0,1.617,77.327,0,-7.673,82.807,0,-2.193,83.598,0,-1.402,77.68,1,2.68,"[5, 1, 4]",5
student_090,5,4.0,1.0,82.5,90.0,82.0,81.0,0,"SCIENCE (82<83), ENGLISH (81<83)",87.944,0,2.944,79.155,0,-5.845,83.9,0,-1.1,83.857,0,-1.143,78.038,1,3.038,"[5, 1, 3]",5
student_091,5,1.0,1.0,81.0,80.0,79.0,82.0,0,"MATH (80<83), SCIENCE (79<83), ENGLISH (82<83)",87.505,0,2.505,80.876,0,-4.124,83.824,0,-1.176,83.877,0,-1.123,78.044,1,3.044,"[5, 1, 4]",5
student_092,5,1.0,1.0,85.375,87.0,84.0,85.0,1,Eligible,88.368,1,3.368,83.829,0,-1.171,84.666,0,-0.334,83.975,0,-1.025,77.999,1,2.999,"[1, 5, 3]",1
student_093,5,3.0,1.0,83.875,89.0,82.0,81.0,0,"SCIENCE (82<83), ENGLISH (81<83)",88.186,0,3.186,81.306,0,-3.694,84.318,0,-0.682,83.917,0,-1.083,78.167,1,3.167,"[5, 1, 3]",5
student_094,5,3.0,1.0,84.5,93.0,87.0,85.0,1,Eligible,88.328,1,3.328,80.23,0,-4.77,84.319,0,-0.681,83.818,0,-1.182,77.851,1,2.851,"[1, 5, 3]",1
student_095,5,4.0,1.0,76.625,77.0,76.0,75.0,0,"MATH (77<83), SCIENCE (76<83), ENGLISH (75<83)",86.695,0,1.695,76.475,0,-8.525,82.784,0,-2.216,83.691,0,-1.309,77.825,1,2.825,"[5, 1, 4]",5
student_096,5,4.0,1.0,81.125,81.0,78.0,82.0,0,"MATH (81<83), SCIENCE (78<83), ENGLISH (82<83)",87.431,0,2.431,81.37,0,-3.63,83.76,0,-1.24,83.961,0,-1.039,78.02,1,3.02,"[5, 1, 4]",5
student_097,5,4.0,1.0,81.5,80.0,78.0,81.0,0,"MATH (80<83), SCIENCE (78<83), ENGLISH (81<83)",87.5,0,2.5,81.976,0,-3.024,83.812,0,-1.188,83.926,0,-1.074,77.948,1,2.948,"[5, 1, 4]",5
student_098,5,4.0,1.0,84.0,82.0,83.0,81.0,0,"MATH (82<83), ENGLISH (81<83)",88.119,0,3.119,83.385,0,-1.615,84.327,0,-0.673,83.968,0,-1.032,77.932,1,2.932,"[5, 1, 3]",5
student_099,5,4.0,1.0,82.625,81.0,81.0,82.0,0,"MATH (81<83), SCIENCE (81<83), ENGLISH (82<83)",87.998,0,2.998,82.336,0,-2.664,84.136,0,-0.864,83.961,0,-1.039,78.066,1,3.066,"[5, 1, 3]",5
student_100,5,4.0,1.0,82.20625,81.0,81.0,80.75,0,"MATH (81<83), SCIENCE (81<83), ENGLISH (81<83)",87.75,0,2.75,82.431,0,-2.569,83.924,0,-1.076,83.971,0,-1.029,77.941,1,2.941,"[5, 1, 4]",5
student_101,5,1.0,1.0,82.125,80.0,81.0,81.0,0,"MATH (80<83), SCIENCE (81<83), ENGLISH (81<83)",87.827,0,2.827,82.234,0,-2.766,83.992,0,-1.008,83.899,0,-1.101,78.002,1,3.002,"[5, 1, 3]",5
student_102,5,4.0,1.0,82.375,82.0,78.0,84.0,0,"MATH (82<83), SCIENCE (78<83)",87.897,0,2.897,82.103,0,-2.897,83.886,0,-1.114,84.087,0,-0.913,77.913,1,2.913,"[5, 1, 4]",5
student_103,5,4.0,1.0,81.75,80.0,79.0,80.0,0,"MATH (80<83), SCIENCE (79<83), ENGLISH (80<83)",87.678,0,2.678,82.195,0,-2.805,83.857,0,-1.143,83.957,0,-1.043,77.903,1,2.903,"[5, 1, 4]",5
student_104,5,4.0,1.0,79.125,80.0,82.0,80.0,0,"MATH (80<83), SCIENCE (82<83), ENGLISH (80<83)",87.322,0,2.322,78.563,0,-6.437,83.351,0,-1.649,83.745,0,-1.255,77.886,1,2.886,"[5, 1, 4]",5
student_105,5,1.0,1.0,83.25,82.0,81.0,84.0,0,"MATH (82<83), SCIENCE (81<83)",87.965,0,2.965,83.045,0,-1.955,84.27,0,-0.73,83.896,0,-1.104,78.061,1,3.061,"[5, 1, 3]",5
student_106,5,4.0,1.0,79.25,78.0,79.0,76.0,0,"MATH (78<83), SCIENCE (79<83), ENGLISH (76<83)",87.222,0,2.222,78.804,0,-6.196,83.381,0,-1.619,83.733,0,-1.267,77.797,1,2.797,"[5, 1, 4]",5
student_107,5,3.0,1.0,76.375,75.0,76.0,77.0,0,"MATH (75<83), SCIENCE (76<83), ENGLISH (77<83)",86.6,0,1.6,77.024,0,-7.976,82.742,0,-2.258,83.774,0,-1.226,77.74,1,2.74,"[5, 1, 4]",5
student_108,5,1.0,1.0,81.875,82.0,82.0,80.0,0,"MATH (82<83), SCIENCE (82<83), ENGLISH (80<83)",87.677,0,2.677,81.517,0,-3.483,83.915,0,-1.085,83.8,0,-1.2,77.946,1,2.946,"[5, 1, 3]",5
student_109,5,4.0,1.0,85.625,79.0,86.0,84.0,0,MATH (79<83),88.623,0,3.623,86.392,1,1.392,84.771,0,-0.229,84.135,0,-0.865,78.08,1,3.08,"[2, 5, 1]",2
student_110,5,4.0,1.0,81.5,80.0,78.0,79.0,0,"MATH (80<83), SCIENCE (78<83), ENGLISH (79<83)",87.621,0,2.621,81.188,0,-3.812,83.787,0,-1.213,83.886,0,-1.114,77.958,1,2.958,"[5, 1, 4]",5
student_111,5,2.0,1.0,78.375,76.0,76.0,81.0,0,"MATH (76<83), SCIENCE (76<83), ENGLISH (81<83)",86.926,0,1.926,79.102,0,-5.898,83.204,0,-1.796,83.836,0,-1.164,77.903,1,2.903,"[5, 1, 4]",5
student_112,5,2.0,1.0,85.25,86.0,84.0,84.0,1,Eligible,88.544,1,3.544,83.577,0,-1.423,84.598,0,-0.402,84.039,0,-0.961,78.044,1,3.044,"[1, 5, 3]",1
student_113,5,4.0,1.0,76.375,75.0,76.0,77.0,0,"MATH (75<83), SCIENCE (76<83), ENGLISH (77<83)",86.559,0,1.559,77.463,0,-7.537,82.735,0,-2.265,83.721,0,-1.279,77.668,1,2.668,"[5, 1, 4]",5
student_114,5,6.0,0.0,77.5,76.0,77.0,77.0,0,"MATH (76<83), SCIENCE (77<83), ENGLISH (77<83)",86.833,0,1.833,77.759,0,-7.241,82.998,0,-2.002,83.701,0,-1.299,77.766,1,2.766,"[5, 1, 4]",5
student _115,5,2.0,1.0,75.0,75.0,75.0,75.0,0,"MATH (75<83), SCIENCE (75<83), ENGLISH (75<83)",86.331,0,1.331,75.619,0,-9.381,82.474,0,-2.526,83.614,0,-1.386,77.735,1,2.735,"[5, 1, 4]",5
student_116,5,4.0,1.0,83.5,83.0,80.0,84.0,0,SCIENCE (80<83),88.165,0,3.165,83.128,0,-1.872,84.282,0,-0.718,84.172,0,-0.828,78.191,1,3.191,"[5, 1, 3]",5
student_117,5,2.0,1.0,75.75,76.0,76.0,75.0,0,"MATH (76<83), SCIENCE (76<83), ENGLISH (75<83)",86.461,0,1.461,76.11,0,-8.89,82.616,0,-2.384,83.649,0,-1.351,77.718,1,2.718,"[5, 1, 4]",5
student_118,5,2.0,1.0,78.625,77.0,78.0,78.0,0,"MATH (77<83), SCIENCE (78<83), ENGLISH (78<83)",87.037,0,2.037,79.451,0,-5.549,83.251,0,-1.749,83.777,0,-1.223,77.84,1,2.84,"[5, 1, 4]",5
student_119,5,,0.0,81.75,80.0,83.0,81.0,0,"MATH (80<83), ENGLISH (81<83)",87.689,0,2.689,81.72,0,-3.28,83.877,0,-1.123,83.827,0,-1.173,77.846,1,2.846,"[5, 1, 3]",5
student_120,5,3.0,1.0,77.25,76.0,76.0,76.0,0,"MATH (76<83), SCIENCE (76<83), ENGLISH (76<83)",86.894,0,1.894,77.48,0,-7.52,82.904,0,-2.096,83.755,0,-1.245,77.777,1,2.777,"[5, 1, 4]",5
student_121,5,1.0,1.0,79.125,77.0,76.0,78.0,0,"MATH (77<83), SCIENCE (76<83), ENGLISH (78<83)",87.129,0,2.129,79.803,0,-5.197,83.321,0,-1.679,83.947,0,-1.053,77.926,1,2.926,"[5, 1, 4]",5
student_122,5,3.0,1.0,82.25,77.0,81.0,83.0,0,"MATH (77<83), SCIENCE (81<83)",87.803,0,2.803,83.486,0,-1.514,84.085,0,-0.915,83.953,0,-1.047,77.922,1,2.922,"[5, 1, 3]",5
student_123,5,3.0,1.0,82.0,80.0,82.0,84.0,0,"MATH (80<83), SCIENCE (82<83)",87.829,0,2.829,82.496,0,-2.504,84.012,0,-0.988,84.003,0,-0.997,78.091,1,3.091,"[5, 1, 3]",5
student_124,5,3.0,1.0,79.875,77.0,82.0,80.0,0,"MATH (77<83), SCIENCE (82<83), ENGLISH (80<83)",87.392,0,2.392,80.612,0,-4.388,83.565,0,-1.435,83.859,0,-1.141,77.807,1,2.807,"[5, 1, 4]",5
student_125,1,4.0,1.0,88.75,90.0,88.0,87.0,1,Eligible,89.048,1,4.048,86.647,1,1.647,85.338,1,0.338,84.092,0,-0.908,78.149,1,3.149,"[1, 2, 3]",1
student_126,1,1.0,1.0,88.28125,86.75,87.75,90.75,1,Eligible,89.172,1,4.172,86.587,1,1.587,85.264,1,0.264,84.214,0,-0.786,78.216,1,3.216,"[1, 2, 3]",1
student_127,1,1.0,1.0,91.875,86.0,92.0,89.0,1,Eligible,89.932,1,4.932,92.084,1,7.084,86.083,1,1.083,84.408,0,-0.592,78.312,1,3.312,"[2, 1, 3]",2
student_128,1,1.0,1.0,89.25,86.0,89.0,92.0,1,Eligible,89.326,1,4.326,88.845,1,3.845,85.628,1,0.628,84.337,0,-0.663,78.333,1,3.333,"[1, 2, 3]",1
student_129,1,1.0,1.0,93.0,90.0,94.0,92.0,1,Eligible,90.196,1,5.196,92.098,1,7.098,86.292,1,1.292,84.418,0,-0.582,78.267,1,3.267,"[2, 1, 3]",2
student_130,1,1.0,1.0,91.25,90.0,90.0,91.0,1,Eligible,89.698,1,4.698,90.278,1,5.278,85.866,1,0.866,84.386,0,-0.614,78.26,1,3.26,"[2, 1, 3]",2
student_131,1,1.0,1.0,94.25,93.0,96.0,93.0,1,Eligible,90.476,1,5.476,92.934,1,7.934,86.541,1,1.541,84.453,0,-0.547,78.293,1,3.293,"[2, 1, 3]",2
student_132,1,1.0,1.0,90.25,87.0,88.0,86.0,1,Eligible,89.467,1,4.467,89.544,1,4.544,85.756,1,0.756,84.278,0,-0.722,78.197,1,3.197,"[2, 1, 3]",2
student_133,1,1.0,1.0,90.25,88.0,88.0,93.0,1,Eligible,89.571,1,4.571,89.106,1,4.106,85.701,1,0.701,84.43,0,-0.57,78.349,1,3.349,"[1, 2, 3]",1
student_134,1,1.0,1.0,95.75,95.0,97.0,95.0,1,Eligible,90.866,1,5.866,93.202,1,8.202,86.848,1,1.848,84.495,0,-0.505,78.308,1,3.308,"[2, 1, 3]",2
student_135,1,5.0,1.0,90.125,86.0,92.0,89.0,1,Eligible,89.559,1,4.559,89.944,1,4.944,85.747,1,0.747,84.25,0,-0.75,78.054,1,3.054,"[2, 1, 3]",2
student_136,1,1.0,1.0,91.34375,88.75,89.5,91.75,1,Eligible,89.696,1,4.696,90.319,1,5.319,85.917,1,0.917,84.372,0,-0.628,78.33,1,3.33,"[2, 1, 3]",2
student_137,1,1.0,1.0,90.125,87.0,89.0,94.0,1,Eligible,89.439,1,4.439,89.042,1,4.042,85.744,1,0.744,84.331,0,-0.669,78.25,1,3.25,"[1, 2, 3]",1
student_138,1,1.0,1.0,94.75,95.0,95.0,95.0,1,Eligible,90.493,1,5.493,92.523,1,7.523,86.584,1,1.584,84.5,0,-0.5,78.371,1,3.371,"[2, 1, 3]",2
student_139,1,1.0,1.0,92.875,87.0,91.0,96.0,1,Eligible,90.03,1,5.03,93.186,1,8.186,86.298,1,1.298,84.55,0,-0.45,78.311,1,3.311,"[2, 1, 3]",2
student_140,1,1.0,1.0,90.5,91.0,91.0,92.0,1,Eligible,89.593,1,4.593,88.735,1,3.735,85.708,1,0.708,84.322,0,-0.678,78.195,1,3.195,"[1, 2, 3]",1
student_141,1,1.0,1.0,91.59375,88.75,88.5,92.5,1,Eligible,89.771,1,4.771,90.693,1,5.693,85.984,1,0.984,84.465,0,-0.535,78.352,1,3.352,"[2, 1, 3]",2
student_142,1,1.0,1.0,91.0,86.0,90.0,90.0,1,Eligible,89.595,1,4.595,91.186,1,6.186,85.901,1,0.901,84.358,0,-0.642,78.192,1,3.192,"[2, 1, 3]",2
student_143,1,5.0,1.0,92.5,91.0,92.0,93.0,1,Eligible,89.987,1,4.987,91.694,1,6.694,86.175,1,1.175,84.398,0,-0.602,78.358,1,3.358,"[2, 1, 3]",2
student_144,1,1.0,1.0,92.0,90.0,94.0,92.0,1,Eligible,90.057,1,5.057,90.867,1,5.867,86.089,1,1.089,84.398,0,-0.602,78.356,1,3.356,"[2, 1, 3]",2
student_145,1,1.0,1.0,92.5,89.0,95.0,89.0,1,Eligible,90.233,1,5.233,91.336,1,6.336,86.242,1,1.242,84.346,0,-0.654,78.27,1,3.27,"[2, 1, 3]",2
student_146,1,1.0,1.0,93.25,93.0,93.0,93.0,1,Eligible,90.214,1,5.214,91.369,1,6.369,86.409,1,1.409,84.418,0,-0.582,78.455,1,3.455,"[2, 1, 3]",2
student_147,1,1.0,1.0,95.5,96.0,97.0,96.0,1,Eligible,90.788,1,5.788,92.636,1,7.636,86.794,1,1.794,84.528,0,-0.472,78.509,1,3.509,"[2, 1, 3]",2
student_148,1,1.0,1.0,89.875,87.0,92.0,93.0,1,Eligible,89.606,1,4.606,88.554,1,3.554,85.587,1,0.587,84.317,0,-0.683,78.12,1,3.12,"[1, 2, 3]",1
student_149,1,1.0,1.0,91.625,89.0,90.0,88.0,1,Eligible,89.908,1,4.908,90.267,1,5.267,86.055,1,1.055,84.363,0,-0.637,78.332,1,3.332,"[2, 1, 3]",2
student_150,1,1.0,1.0,91.875,87.0,94.0,94.0,1,Eligible,89.96,1,4.96,91.275,1,6.275,86.134,1,1.134,84.389,0,-0.611,78.363,1,3.363,"[2, 1, 3]",2
student_151,1,1.0,1.0,90.25,89.0,92.0,92.0,1,Eligible,89.557,1,4.557,88.514,1,3.514,85.726,1,0.726,84.231,0,-0.769,78.202,1,3.202,"[1, 2, 3]",1
student_152,5,6.0,0.0,81.25,78.0,81.0,82.0,0,"MATH (78<83), SCIENCE (81<83), ENGLISH (82<83)",87.622,0,2.622,82.321,0,-2.679,83.889,0,-1.111,83.917,0,-1.083,77.894,1,2.894,"[5, 1, 4]",5
student_153,5,4.0,1.0,82.125,80.0,81.0,83.0,0,"MATH (80<83), SCIENCE (81<83)",87.784,0,2.784,82.155,0,-2.845,83.952,0,-1.048,84.013,0,-0.987,78.1,1,3.1,"[5, 1, 4]",5
student_154,5,4.0,1.0,80.75,80.0,76.0,79.0,0,"MATH (80<83), SCIENCE (76<83), ENGLISH (79<83)",87.473,0,2.473,81.178,0,-3.822,83.737,0,-1.263,84.002,0,-0.998,78.063,1,3.063,"[5, 1, 4]",5
student_155,5,1.0,1.0,83.375,79.0,85.0,83.0,0,MATH (79<83),88.197,0,3.197,83.383,0,-1.617,84.308,0,-0.692,84.015,0,-0.985,78.007,1,3.007,"[5, 1, 3]",5
student_156,5,3.0,1.0,82.25,78.0,79.0,79.0,0,"MATH (78<83), SCIENCE (79<83), ENGLISH (79<83)",87.738,0,2.738,83.457,0,-1.543,84.032,0,-0.968,84.02,0,-0.98,78.077,1,3.077,"[5, 1, 3]",5
student_157,5,3.0,1.0,81.625,79.0,78.0,80.0,0,"MATH (79<83), SCIENCE (78<83), ENGLISH (80<83)",87.358,0,2.358,82.325,0,-2.675,83.976,0,-1.024,83.834,0,-1.166,78.024,1,3.024,"[5, 1, 3]",5
student_158,5,3.0,1.0,81.0,84.0,77.0,84.0,0,SCIENCE (77<83),87.473,0,2.473,80.588,0,-4.412,83.723,0,-1.277,84.019,0,-0.981,78.06,1,3.06,"[5, 1, 4]",5
student_159,5,1.0,1.0,78.6875,75.5,76.0,79.0,0,"MATH (76<83), SCIENCE (76<83), ENGLISH (79<83)",87.08,0,2.08,79.136,0,-5.864,83.341,0,-1.659,83.836,0,-1.164,77.879,1,2.879,"[5, 1, 4]",5
student_160,5,1.0,1.0,83.25,83.0,82.0,82.0,0,"SCIENCE (82<83), ENGLISH (82<83)",88.061,0,3.061,82.069,0,-2.931,84.196,0,-0.804,83.966,0,-1.034,77.937,1,2.937,"[5, 1, 3]",5
student_161,5,1.0,1.0,86.75,87.0,86.0,85.0,1,Eligible,88.801,1,3.801,84.66,0,-0.34,84.945,0,-0.055,84.141,0,-0.859,78.095,1,3.095,"[1, 5, 3]",1
student_162,5,3.0,1.0,81.875,80.0,79.0,83.0,0,"MATH (80<83), SCIENCE (79<83)",87.757,0,2.757,81.807,0,-3.193,84.006,0,-0.994,83.97,0,-1.03,78.093,1,3.093,"[5, 1, 3]",5
student_163,5,4.0,1.0,81.0,79.0,82.0,80.0,0,"MATH (79<83), SCIENCE (82<83), ENGLISH (80<83)",87.575,0,2.575,81.426,0,-3.574,83.746,0,-1.254,83.901,0,-1.099,78.014,1,3.014,"[5, 1, 4]",5
student_164,5,5.0,1.0,80.75,78.0,78.0,80.0,0,"MATH (78<83), SCIENCE (78<83), ENGLISH (80<83)",87.484,0,2.484,80.963,0,-4.037,83.618,0,-1.382,84.0,0,-1.0,77.828,1,2.828,"[5, 1, 4]",5
student_165,5,1.0,1.0,81.5,82.0,79.0,83.0,0,"MATH (82<83), SCIENCE (79<83)",87.636,0,2.636,80.522,0,-4.478,83.805,0,-1.195,83.978,0,-1.022,77.999,1,2.999,"[5, 1, 4]",5
student_166,5,4.0,1.0,84.125,81.0,82.0,85.0,0,"MATH (81<83), SCIENCE (82<83)",88.341,0,3.341,83.654,0,-1.346,84.478,0,-0.522,84.111,0,-0.889,78.096,1,3.096,"[5, 1, 3]",5
student_167,5,4.0,1.0,84.75,88.0,84.0,77.0,0,ENGLISH (77<83),88.262,0,3.262,83.112,0,-1.888,84.419,0,-0.581,83.904,0,-1.096,78.039,1,3.039,"[5, 1, 3]",5
student_168,5,4.0,1.0,82.0,77.0,86.0,76.0,0,"MATH (77<83), ENGLISH (76<83)",88.194,0,3.194,82.109,0,-2.891,83.963,0,-1.037,83.948,0,-1.052,77.856,1,2.856,"[5, 1, 3]",5
student_169,4,4.0,1.0,85.375,83.0,85.0,84.0,1,Eligible,88.614,1,3.614,84.671,0,-0.329,84.666,0,-0.334,84.078,0,-0.922,78.052,1,3.052,"[1, 5, 2]",1
student_170,4,4.0,1.0,85.0,84.0,85.0,87.0,1,Eligible,88.428,1,3.428,84.175,0,-0.825,84.598,0,-0.402,84.021,0,-0.979,78.015,1,3.015,"[1, 5, 3]",1
student_171,4,4.0,1.0,87.75,79.0,90.0,86.0,0,MATH (79<83),89.205,0,4.205,89.452,1,4.452,85.33,1,0.33,84.245,0,-0.755,78.062,1,3.062,"[2, 3, 5]",2
student_172,4,4.0,1.0,84.625,88.0,84.0,85.0,1,Eligible,88.375,1,3.375,82.629,0,-2.371,84.454,0,-0.546,83.984,0,-1.016,78.117,1,3.117,"[1, 5, 3]",1
student_173,4,4.0,1.0,86.125,83.0,86.0,88.0,1,Eligible,88.68,1,3.68,86.197,1,1.197,84.83,0,-0.17,84.228,0,-0.772,78.022,1,3.022,"[1, 2, 5]",1
student_174,4,5.0,1.0,87.375,88.0,84.0,86.0,1,Eligible,88.816,1,3.816,85.745,1,0.745,84.999,0,-0.001,84.168,0,-0.832,78.205,1,3.205,"[1, 2, 5]",1
student_175,4,5.0,1.0,85.5,85.0,86.0,85.0,1,Eligible,88.538,1,3.538,84.333,0,-0.667,84.646,0,-0.354,84.033,0,-0.967,78.018,1,3.018,"[1, 5, 3]",1
student_176,4,4.0,1.0,86.625,85.0,86.0,86.0,1,Eligible,88.764,1,3.764,85.852,1,0.852,84.94,0,-0.06,84.134,0,-0.866,78.045,1,3.045,"[1, 2, 5]",1
student_177,4,3.0,1.0,85.125,82.0,83.0,83.0,0,MATH (82<83),88.191,0,3.191,86.151,1,1.151,84.606,0,-0.394,83.996,0,-1.004,78.072,1,3.072,"[2, 5, 1]",2
student_178,4,4.0,1.0,85.125,83.0,84.0,87.0,1,Eligible,88.422,1,3.422,85.154,1,0.154,84.556,0,-0.444,84.19,0,-0.81,78.06,1,3.06,"[1, 2, 5]",1
student_179,4,4.0,1.0,86.125,85.0,84.0,86.0,1,Eligible,88.644,1,3.644,85.363,1,0.363,84.82,0,-0.18,84.183,0,-0.817,78.078,1,3.078,"[1, 2, 5]",1
student_180,4,4.0,1.0,86.375,82.0,86.0,85.0,0,MATH (82<83),88.72,0,3.72,86.948,1,1.948,84.911,0,-0.089,84.207,0,-0.793,78.063,1,3.063,"[2, 5, 1]",2
student_181,4,4.0,1.0,84.75,83.0,87.0,90.0,1,Eligible,88.561,1,3.561,84.228,0,-0.772,84.481,0,-0.519,84.189,0,-0.811,78.06,1,3.06,"[1, 5, 3]",1
student_182,4,4.0,1.0,86.625,81.0,86.0,88.0,0,MATH (81<83),88.776,0,3.776,87.097,1,2.097,84.951,0,-0.049,84.2,0,-0.8,78.08,1,3.08,"[2, 5, 1]",2
student_183,4,4.0,1.0,86.125,81.0,85.0,85.0,0,MATH (81<83),88.721,0,3.721,86.218,1,1.218,84.919,0,-0.081,84.151,0,-0.849,78.135,1,3.135,"[2, 5, 1]",2
student_184,4,4.0,1.0,86.125,83.0,85.0,86.0,1,Eligible,88.587,1,3.587,85.996,1,0.996,84.838,0,-0.162,84.141,0,-0.859,78.093,1,3.093,"[1, 2, 5]",1
student_185,4,4.0,1.0,86.25,84.0,84.0,85.0,1,Eligible,88.62,1,3.62,85.658,1,0.658,84.859,0,-0.141,84.132,0,-0.868,78.118,1,3.118,"[1, 2, 5]",1
student_186,4,4.0,1.0,86.875,85.0,88.0,87.0,1,Eligible,88.814,1,3.814,86.092,1,1.092,84.931,0,-0.069,84.132,0,-0.868,78.147,1,3.147,"[1, 2, 5]",1
student_187,4,5.0,1.0,86.875,85.0,85.0,89.0,1,Eligible,88.666,1,3.666,86.648,1,1.648,84.957,0,-0.043,84.209,0,-0.791,78.178,1,3.178,"[1, 2, 5]",1
student_188,4,5.0,1.0,85.25,87.0,82.0,83.0,0,SCIENCE (82<83),88.444,0,3.444,83.429,0,-1.571,84.552,0,-0.448,84.017,0,-0.983,78.066,1,3.066,"[5, 1, 3]",5
student_189,4,1.0,1.0,86.5,83.0,91.0,80.0,0,ENGLISH (80<83),88.891,0,3.891,85.785,1,0.785,84.999,0,-0.001,83.893,0,-1.107,78.036,1,3.036,"[2, 5, 1]",2
student_190,4,3.0,1.0,84.375,88.0,86.0,81.0,0,ENGLISH (81<83),88.252,0,3.252,81.937,0,-3.063,84.297,0,-0.703,83.843,0,-1.157,77.825,1,2.825,"[5, 1, 3]",5
student_191,4,4.0,1.0,85.5,83.0,86.0,85.0,1,Eligible,88.484,1,3.484,85.685,1,0.685,84.688,0,-0.312,84.051,0,-0.949,78.029,1,3.029,"[1, 2, 5]",1
student_192,4,,0.0,83.0,86.0,84.0,79.0,0,ENGLISH (79<83),87.994,0,2.994,81.687,0,-3.313,84.215,0,-0.785,83.791,0,-1.209,78.052,1,3.052,"[5, 1, 3]",5
student_193,4,4.0,1.0,85.5,84.0,83.0,85.0,1,Eligible,88.47,1,3.47,85.158,1,0.158,84.726,0,-0.274,84.116,0,-0.884,78.13,1,3.13,"[1, 2, 5]",1
student_194,4,3.0,1.0,84.4375,81.0,82.0,85.0,0,"MATH (81<83), SCIENCE (82<83)",88.165,0,3.165,84.75,0,-0.25,84.477,0,-0.523,84.076,0,-0.924,77.917,1,2.917,"[5, 1, 2]",5
student_195,4,4.0,1.0,86.125,83.0,86.0,87.0,1,Eligible,88.784,1,3.784,85.651,1,0.651,84.823,0,-0.177,84.288,0,-0.712,78.108,1,3.108,"[1, 2, 5]",1
student_196,4,3.0,1.0,86.375,87.0,83.0,88.0,1,Eligible,88.744,1,3.744,85.09,1,0.09,84.748,0,-0.252,84.267,0,-0.733,78.121,1,3.121,"[1, 2, 5]",1
student_197,4,4.0,1.0,84.75,85.0,84.0,83.0,1,Eligible,88.278,1,3.278,84.303,0,-0.697,84.504,0,-0.496,83.959,0,-1.041,77.96,1,2.96,"[1, 5, 3]",1
student_198,4,4.0,1.0,87.375,88.0,86.0,88.0,1,Eligible,88.946,1,3.946,85.316,1,0.316,85.058,1,0.058,84.187,0,-0.813,78.266,1,3.266,"[1, 2, 3]",1
student_199,4,4.0,1.0,84.875,86.0,81.0,83.0,0,SCIENCE (81<83),88.175,0,3.175,83.997,0,-1.003,84.565,0,-0.435,84.132,0,-0.868,78.183,1,3.183,"[5, 1, 3]",5
student_200,4,4.0,1.0,85.75,86.0,83.0,86.0,1,Eligible,88.527,1,3.527,84.123,0,-0.877,84.742,0,-0.258,84.083,0,-0.917,78.022,1,3.022,"[1, 5, 3]",1
student_201,4,4.0,1.0,84.875,86.0,85.0,84.0,1,Eligible,88.499,1,3.499,82.967,0,-2.033,84.46,0,-0.54,84.031,0,-0.969,78.065,1,3.065,"[1, 5, 3]",1
student_202,4,4.0,1.0,86.25,84.0,84.0,85.0,1,Eligible,88.654,1,3.654,85.791,1,0.791,84.85,0,-0.15,84.136,0,-0.864,78.068,1,3.068,"[1, 2, 5]",1
student_203,4,4.0,1.0,86.5,76.0,89.0,85.0,0,MATH (76<83),88.932,0,3.932,88.794,1,3.794,85.037,1,0.037,84.229,0,-0.771,78.099,1,3.099,"[2, 3, 5]",2
student_204,4,4.0,1.0,86.625,81.0,86.0,85.0,0,MATH (81<83),88.933,0,3.933,86.674,1,1.674,85.016,1,0.016,84.209,0,-0.791,78.093,1,3.093,"[2, 3, 5]",2
student_205,4,4.0,1.0,86.875,89.0,89.0,83.0,1,Eligible,88.938,1,3.938,85.316,1,0.316,84.957,0,-0.043,84.15,0,-0.85,78.154,1,3.154,"[1, 2, 5]",1
student_206,4,4.0,1.0,85.25,84.0,82.0,86.0,0,SCIENCE (82<83),88.451,0,3.451,84.769,0,-0.231,84.603,0,-0.397,84.187,0,-0.813,78.164,1,3.164,"[5, 1, 2]",5
student_207,4,5.0,1.0,84.75,83.0,83.0,85.0,1,Eligible,88.371,1,3.371,84.289,0,-0.711,84.523,0,-0.477,84.143,0,-0.857,78.032,1,3.032,"[1, 5, 3]",1
student_208,4,4.0,1.0,85.25,84.0,82.0,86.0,0,SCIENCE (82<83),88.442,0,3.442,85.191,1,0.191,84.645,0,-0.355,84.215,0,-0.785,78.233,1,3.233,"[2, 5, 1]",2
student_209,5,3.0,1.0,78.75,80.0,77.0,79.0,0,"MATH (80<83), SCIENCE (77<83), ENGLISH (79<83)",87.163,0,2.163,77.775,0,-7.225,83.203,0,-1.797,83.799,0,-1.201,77.92,1,2.92,"[5, 1, 4]",5
student_210,5,3.0,1.0,84.84375,81.25,83.5,80.0,0,"MATH (81<83), ENGLISH (80<83)",88.396,0,3.396,84.465,0,-0.535,84.553,0,-0.447,84.042,0,-0.958,77.968,1,2.968,"[5, 1, 3]",5
student_211,5,3.0,1.0,81.25,79.0,82.0,78.0,0,"MATH (79<83), SCIENCE (82<83), ENGLISH (78<83)",87.652,0,2.652,81.168,0,-3.832,83.728,0,-1.272,83.883,0,-1.117,77.833,1,2.833,"[5, 1, 4]",5
student_212,5,5.0,1.0,86.0,86.0,83.0,83.0,1,Eligible,88.333,1,3.333,84.843,0,-0.157,84.749,0,-0.251,84.066,0,-0.934,78.073,1,3.073,"[1, 5, 2]",1
student_213,5,5.0,1.0,82.875,79.0,82.0,83.0,0,"MATH (79<83), SCIENCE (82<83)",88.096,0,3.096,82.641,0,-2.359,84.143,0,-0.857,84.034,0,-0.966,77.997,1,2.997,"[5, 1, 3]",5
student_214,5,4.0,1.0,85.5,91.0,83.0,86.0,1,Eligible,88.425,1,3.425,83.37,0,-1.63,84.574,0,-0.426,84.091,0,-0.909,78.215,1,3.215,"[1, 5, 3]",1
student_215,5,,0.0,81.25,77.0,81.0,79.0,0,"MATH (77<83), SCIENCE (81<83), ENGLISH (79<83)",87.87,0,2.87,82.382,0,-2.618,83.766,0,-1.234,83.989,0,-1.011,77.971,1,2.971,"[5, 1, 4]",5
student_216,5,4.0,1.0,81.0,76.0,80.0,77.0,0,"MATH (76<83), SCIENCE (80<83), ENGLISH (77<83)",87.743,0,2.743,81.683,0,-3.317,83.765,0,-1.235,83.963,0,-1.037,77.885,1,2.885,"[5, 1, 4]",5
student_217,5,5.0,1.0,85.8125,90.0,84.0,83.0,1,Eligible,88.495,1,3.495,83.399,0,-1.601,84.723,0,-0.277,83.97,0,-1.03,78.179,1,3.179,"[1, 5, 3]",1
student_218,5,,0.0,83.5,84.0,84.0,83.0,1,Eligible,88.105,1,3.105,82.753,0,-2.247,84.166,0,-0.834,83.962,0,-1.038,78.041,1,3.041,"[1, 5, 3]",1
student_219,5,,0.0,84.125,89.0,85.0,81.0,0,ENGLISH (81<83),88.225,0,3.225,82.011,0,-2.989,84.28,0,-0.72,83.871,0,-1.129,78.043,1,3.043,"[5, 1, 3]",5
student_220,5,2.0,1.0,86.125,81.0,84.0,89.0,0,MATH (81<83),88.535,0,3.535,86.98,1,1.98,84.77,0,-0.23,84.241,0,-0.759,78.015,1,3.015,"[2, 5, 1]",2
student_221,5,5.0,1.0,84.625,83.0,88.0,80.0,0,ENGLISH (80<83),88.394,0,3.394,84.114,0,-0.886,84.545,0,-0.455,83.847,0,-1.153,77.876,1,2.876,"[5, 1, 3]",5
student_222,5,5.0,1.0,80.625,80.0,77.0,80.0,0,"MATH (80<83), SCIENCE (77<83), ENGLISH (80<83)",87.418,0,2.418,80.347,0,-4.653,83.635,0,-1.365,83.881,0,-1.119,77.928,1,2.928,"[5, 1, 4]",5
student_223,5,3.0,1.0,83.5,80.0,80.0,78.0,0,"MATH (80<83), SCIENCE (80<83), ENGLISH (78<83)",88.198,0,3.198,83.821,0,-1.179,84.267,0,-0.733,84.053,0,-0.947,77.995,1,2.995,"[5, 1, 3]",5
student_224,5,4.0,1.0,85.375,76.0,86.0,83.0,0,MATH (76<83),88.718,0,3.718,87.018,1,2.018,84.719,0,-0.281,84.213,0,-0.787,78.151,1,3.151,"[2, 5, 1]",2
student_225,5,3.0,1.0,81.75,76.0,81.0,79.0,0,"MATH (76<83), SCIENCE (81<83), ENGLISH (79<83)",87.752,0,2.752,82.834,0,-2.166,83.936,0,-1.064,83.959,0,-1.041,77.918,1,2.918,"[5, 1, 4]",5
student_226,5,3.0,1.0,81.875,79.0,84.0,78.0,0,"MATH (79<83), ENGLISH (78<83)",87.845,0,2.845,82.076,0,-2.924,83.893,0,-1.107,83.806,0,-1.194,77.804,1,2.804,"[5, 1, 3]",5
student_227,5,4.0,1.0,77.75,78.0,76.0,77.0,0,"MATH (78<83), SCIENCE (76<83), ENGLISH (77<83)",86.791,0,1.791,78.301,0,-6.699,82.998,0,-2.002,83.759,0,-1.241,77.884,1,2.884,"[5, 1, 4]",5
student_228,5,4.0,1.0,80.875,77.0,80.0,80.0,0,"MATH (77<83), SCIENCE (80<83), ENGLISH (80<83)",87.574,0,2.574,81.261,0,-3.739,83.78,0,-1.22,83.924,0,-1.076,77.964,1,2.964,"[5, 1, 4]",5
student_229,5,5.0,1.0,76.25,76.0,77.0,75.0,0,"MATH (76<83), SCIENCE (77<83), ENGLISH (75<83)",86.748,0,1.748,76.68,0,-8.32,82.755,0,-2.245,83.717,0,-1.283,77.841,1,2.841,"[5, 1, 4]",5
student_230,5,4.0,1.0,77.625,76.0,76.0,76.0,0,"MATH (76<83), SCIENCE (76<83), ENGLISH (76<83)",86.907,0,1.907,77.737,0,-7.263,83.043,0,-1.957,83.738,0,-1.262,77.818,1,2.818,"[5, 1, 4]",5
student_231,5,5.0,1.0,78.25,77.0,80.0,81.0,0,"MATH (77<83), SCIENCE (80<83), ENGLISH (81<83)",87.191,0,2.191,78.105,0,-6.895,83.193,0,-1.807,83.76,0,-1.24,77.796,1,2.796,"[5, 1, 4]",5
student_232,5,,0.0,80.75,77.0,78.0,82.0,0,"MATH (77<83), SCIENCE (78<83), ENGLISH (82<83)",87.341,0,2.341,82.019,0,-2.981,83.748,0,-1.252,83.899,0,-1.101,77.801,1,2.801,"[5, 1, 4]",5
student_233,5,5.0,1.0,78.625,76.0,78.0,75.0,0,"MATH (76<83), SCIENCE (78<83), ENGLISH (75<83)",87.103,0,2.103,79.614,0,-5.386,83.282,0,-1.718,83.771,0,-1.229,77.903,1,2.903,"[5, 1, 4]",5
student_234,5,5.0,1.0,82.625,82.0,80.0,85.0,0,"MATH (82<83), SCIENCE (80<83)",88.014,0,3.014,81.863,0,-3.137,84.097,0,-0.903,84.06,0,-0.94,78.161,1,3.161,"[5, 1, 3]",5
student_235,5,2.0,1.0,78.875,76.0,77.0,76.0,0,"MATH (76<83), SCIENCE (77<83), ENGLISH (76<83)",87.066,0,2.066,79.657,0,-5.343,83.337,0,-1.663,83.79,0,-1.21,77.915,1,2.915,"[5, 1, 4]",5
student_236,5,5.0,1.0,83.25,81.0,82.0,83.0,0,"MATH (81<83), SCIENCE (82<83)",87.97,0,2.97,83.004,0,-1.996,84.226,0,-0.774,83.947,0,-1.053,77.95,1,2.95,"[5, 1, 3]",5
student_237,5,,0.0,81.125,82.0,84.0,81.0,0,"MATH (82<83), ENGLISH (81<83)",87.711,0,2.711,79.697,0,-5.303,83.792,0,-1.208,83.772,0,-1.228,78.005,1,3.005,"[5, 1, 3]",5
student_238,5,,0.0,83.625,81.0,82.0,85.0,0,"MATH (81<83), SCIENCE (82<83)",88.143,0,3.143,83.147,0,-1.853,84.368,0,-0.632,84.073,0,-0.927,78.14,1,3.14,"[5, 1, 3]",5
student_239,5,4.0,1.0,80.5,78.0,82.0,79.0,0,"MATH (78<83), SCIENCE (82<83), ENGLISH (79<83)",87.659,0,2.659,80.403,0,-4.597,83.712,0,-1.288,83.802,0,-1.198,77.87,1,2.87,"[5, 1, 4]",5
student_240,5,6.0,0.0,75.25,75.0,76.0,75.0,0,"MATH (75<83), SCIENCE (76<83), ENGLISH (75<83)",86.407,0,1.407,75.013,0,-9.987,82.49,0,-2.51,83.629,0,-1.371,77.689,1,2.689,"[5, 1, 4]",5
student_241,4,,0.0,87.875,83.0,86.0,90.0,1,Eligible,88.955,1,3.955,87.826,1,2.826,85.122,1,0.122,84.31,0,-0.69,78.044,1,3.044,"[1, 2, 3]",1
student_242,4,,0.0,86.5,83.0,81.0,83.0,0,SCIENCE (81<83),88.674,0,3.674,86.582,1,1.582,84.884,0,-0.116,84.193,0,-0.807,78.153,1,3.153,"[2, 5, 1]",2
student_243,4,4.0,1.0,87.375,88.0,87.0,88.0,1,Eligible,88.908,1,3.908,85.267,1,0.267,85.072,1,0.072,84.162,0,-0.838,78.207,1,3.207,"[1, 2, 3]",1
student_244,4,4.0,1.0,85.5,84.0,85.0,86.0,1,Eligible,88.705,1,3.705,84.773,0,-0.227,84.713,0,-0.287,84.155,0,-0.845,78.253,1,3.253,"[1, 5, 2]",1
student_245,4,4.0,1.0,86.5,87.0,86.0,86.0,1,Eligible,88.744,1,3.744,84.73,0,-0.27,84.838,0,-0.162,84.148,0,-0.852,78.147,1,3.147,"[1, 5, 3]",1
student_246,4,4.0,1.0,87.25,85.0,85.0,83.0,1,Eligible,88.747,1,3.747,86.857,1,1.857,85.112,1,0.112,84.079,0,-0.921,78.139,1,3.139,"[1, 2, 3]",1
student_247,4,4.0,1.0,92.375,96.0,91.0,93.0,1,Eligible,89.996,1,4.996,88.724,1,3.724,86.015,1,1.015,84.353,0,-0.647,78.294,1,3.294,"[1, 2, 3]",1
student_248,4,4.0,1.0,85.875,82.0,87.0,81.0,0,"MATH (82<83), ENGLISH (81<83)",88.67,0,3.67,85.687,1,0.687,84.742,0,-0.258,84.058,0,-0.942,77.93,1,2.93,"[2, 5, 1]",2
student_249,4,4.0,1.0,87.75,88.0,85.0,91.0,1,Eligible,88.92,1,3.92,85.666,1,0.666,85.156,1,0.156,84.209,0,-0.791,78.196,1,3.196,"[1, 2, 3]",1
student_250,4,3.0,1.0,85.625,85.0,83.0,86.0,1,Eligible,88.528,1,3.528,83.878,0,-1.122,84.684,0,-0.316,84.129,0,-0.871,78.166,1,3.166,"[1, 5, 3]",1
student_251,4,3.0,1.0,86.875,87.0,86.0,86.0,1,Eligible,88.828,1,3.828,85.339,1,0.339,84.932,0,-0.068,84.127,0,-0.873,78.204,1,3.204,"[1, 2, 5]",1
student_252,4,1.0,1.0,86.25,86.0,86.0,86.0,1,Eligible,88.704,1,3.704,85.159,1,0.159,84.781,0,-0.219,84.144,0,-0.856,78.1,1,3.1,"[1, 2, 5]",1
student_253,4,1.0,1.0,86.5,88.0,86.0,85.0,1,Eligible,88.706,1,3.706,84.973,0,-0.027,84.84,0,-0.16,84.043,0,-0.957,78.085,1,3.085,"[1, 5, 2]",1
student_254,4,4.0,1.0,86.75,90.0,88.0,88.0,1,Eligible,88.846,1,3.846,84.13,0,-0.87,84.813,0,-0.187,84.147,0,-0.853,78.156,1,3.156,"[1, 5, 3]",1
student_255,4,4.0,1.0,87.125,84.0,86.0,85.0,1,Eligible,88.754,1,3.754,87.318,1,2.318,85.105,1,0.105,84.104,0,-0.896,78.133,1,3.133,"[1, 2, 3]",1
student_256,4,,0.0,87.375,85.0,83.0,86.0,1,Eligible,88.905,1,3.905,86.639,1,1.639,85.077,1,0.077,84.217,0,-0.783,78.069,1,3.069,"[1, 2, 3]",1
student_257,4,4.0,1.0,87.0,86.0,85.0,87.0,1,Eligible,88.783,1,3.783,86.011,1,1.011,84.941,0,-0.059,84.186,0,-0.814,78.213,1,3.213,"[1, 2, 5]",1
student_258,4,4.0,1.0,86.75,87.0,87.0,86.0,1,Eligible,88.811,1,3.811,85.732,1,0.732,84.897,0,-0.103,84.131,0,-0.869,78.076,1,3.076,"[1, 2, 5]",1
student_259,4,3.0,1.0,86.0,85.0,88.0,86.0,1,Eligible,88.633,1,3.633,85.161,1,0.161,84.783,0,-0.217,83.999,0,-1.001,78.021,1,3.021,"[1, 2, 5]",1
student_260,4,4.0,1.0,87.75,89.0,88.0,88.0,1,Eligible,88.974,1,3.974,86.152,1,1.152,85.216,1,0.216,84.094,0,-0.906,78.23,1,3.23,"[1, 2, 3]",1
student_261,4,4.0,1.0,86.75,86.0,86.0,88.0,1,Eligible,88.74,1,3.74,86.371,1,1.371,84.874,0,-0.126,84.203,0,-0.797,78.118,1,3.118,"[1, 2, 5]",1
student_262,4,,0.0,86.375,88.0,87.0,85.0,1,Eligible,88.689,1,3.689,84.459,0,-0.541,84.817,0,-0.183,83.966,0,-1.034,78.079,1,3.079,"[1, 5, 3]",1
student_263,4,4.0,1.0,86.90625,89.0,88.0,85.0,1,Eligible,88.856,1,3.856,85.464,1,0.464,84.981,0,-0.019,84.063,0,-0.937,78.023,1,3.023,"[1, 2, 5]",1
student_264,4,1.0,1.0,86.625,84.0,84.0,86.0,1,Eligible,88.72,1,3.72,86.473,1,1.473,84.975,0,-0.025,84.197,0,-0.803,78.284,1,3.284,"[1, 2, 5]",1
student_265,4,4.0,1.0,86.5,82.0,93.0,78.0,0,"MATH (82<83), ENGLISH (78<83)",89.106,0,4.106,86.609,1,1.609,84.925,0,-0.075,83.999,0,-1.001,77.914,1,2.914,"[2, 5, 1]",2
student_266,4,1.0,1.0,86.875,84.0,81.0,85.0,0,SCIENCE (81<83),88.653,0,3.653,86.493,1,1.493,85.032,1,0.032,84.222,0,-0.778,78.353,1,3.353,"[2, 3, 5]",2
student_267,4,4.0,1.0,85.375,86.0,85.0,85.0,1,Eligible,88.515,1,3.515,83.913,0,-1.087,84.632,0,-0.368,84.032,0,-0.968,77.986,1,2.986,"[1, 5, 3]",1
student_268,4,4.0,1.0,87.875,90.0,86.0,92.0,1,Eligible,88.905,1,3.905,86.509,1,1.509,85.082,1,0.082,84.313,0,-0.687,78.205,1,3.205,"[1, 2, 3]",1
student_269,4,2.0,1.0,86.625,86.0,85.0,88.0,1,Eligible,88.673,1,3.673,85.459,1,0.459,84.897,0,-0.103,84.161,0,-0.839,78.136,1,3.136,"[1, 2, 5]",1
student_270,4,4.0,1.0,87.0,89.0,84.0,90.0,1,Eligible,88.823,1,3.823,85.759,1,0.759,84.861,0,-0.139,84.255,0,-0.745,78.166,1,3.166,"[1, 2, 5]",1
student_271,4,3.0,1.0,86.25,83.0,84.0,88.0,1,Eligible,88.69,1,3.69,87.018,1,2.018,84.853,0,-0.147,84.283,0,-0.717,78.211,1,3.211,"[1, 2, 5]",1
student_272,4,4.0,1.0,87.625,88.0,82.0,85.0,0,SCIENCE (82<83),88.897,0,3.897,86.239,1,1.239,85.092,1,0.092,84.27,0,-0.73,78.25,1,3.25,"[2, 3, 5]",2
student_273,4,3.0,1.0,87.0,86.0,86.0,85.0,1,Eligible,88.876,1,3.876,86.053,1,1.053,85.017,1,0.017,84.105,0,-0.895,78.233,1,3.233,"[1, 2, 3]",1
student_274,4,1.0,1.0,86.875,83.0,86.0,88.0,1,Eligible,88.898,1,3.898,86.98,1,1.98,85.068,1,0.068,84.189,0,-0.811,78.182,1,3.182,"[1, 2, 3]",1
student_275,4,4.0,1.0,85.5,85.0,86.0,85.0,1,Eligible,88.564,1,3.564,84.944,0,-0.056,84.66,0,-0.34,84.104,0,-0.896,78.127,1,3.127,"[1, 5, 2]",1
student_276,4,4.0,1.0,85.875,82.0,84.0,85.0,0,MATH (82<83),88.574,0,3.574,86.426,1,1.426,84.772,0,-0.228,84.171,0,-0.829,78.033,1,3.033,"[2, 5, 1]",2
student_277,4,4.0,1.0,87.25,87.0,85.0,89.0,1,Eligible,88.874,1,3.874,85.883,1,0.883,85.014,1,0.014,84.264,0,-0.736,78.239,1,3.239,"[1, 2, 3]",1
student_278,4,1.0,1.0,86.75,86.0,85.0,86.0,1,Eligible,88.839,1,3.839,85.331,1,0.331,84.899,0,-0.101,84.207,0,-0.793,78.106,1,3.106,"[1, 2, 5]",1
student_279,4,4.0,1.0,86.625,83.0,84.0,86.0,1,Eligible,88.817,1,3.817,86.398,1,1.398,84.895,0,-0.105,84.275,0,-0.725,78.135,1,3.135,"[1, 2, 5]",1
student_280,4,4.0,1.0,87.0,92.0,85.0,85.0,1,Eligible,88.788,1,3.788,84.629,0,-0.371,84.926,0,-0.074,84.098,0,-0.902,78.203,1,3.203,"[1, 5, 3]",1
student_281,4,2.0,1.0,86.625,87.0,86.0,85.0,1,Eligible,88.796,1,3.796,85.72,1,0.72,84.922,0,-0.078,84.129,0,-0.871,78.203,1,3.203,"[1, 2, 5]",1
student_282,4,4.0,1.0,86.25,82.0,83.0,82.0,0,"MATH (82<83), ENGLISH (82<83)",88.568,0,3.568,86.004,1,1.004,84.802,0,-0.198,84.106,0,-0.894,78.031,1,3.031,"[2, 5, 1]",2
student_283,5,5.0,1.0,81.375,81.0,82.0,81.0,0,"MATH (81<83), SCIENCE (82<83), ENGLISH (81<83)",87.805,0,2.805,79.822,0,-5.178,83.761,0,-1.239,83.909,0,-1.091,77.964,1,2.964,"[5, 1, 4]",5
student_284,5,5.0,1.0,82.25,81.0,82.0,80.0,0,"MATH (81<83), SCIENCE (82<83), ENGLISH (80<83)",88.072,0,3.072,81.893,0,-3.107,83.981,0,-1.019,83.998,0,-1.002,78.042,1,3.042,"[5, 1, 4]",5
student_285,5,4.0,1.0,83.875,86.0,79.0,85.0,0,SCIENCE (79<83),88.134,0,3.134,82.959,0,-2.041,84.204,0,-0.796,84.185,0,-0.815,78.112,1,3.112,"[5, 1, 3]",5
student_286,5,5.0,1.0,80.625,75.0,79.0,81.0,0,"MATH (75<83), SCIENCE (79<83), ENGLISH (81<83)",87.66,0,2.66,81.349,0,-3.651,83.718,0,-1.282,83.969,0,-1.031,77.997,1,2.997,"[5, 1, 4]",5
student_287,5,5.0,1.0,81.0,81.0,80.0,81.0,0,"MATH (81<83), SCIENCE (80<83), ENGLISH (81<83)",87.683,0,2.683,79.979,0,-5.021,83.755,0,-1.245,83.89,0,-1.11,77.908,1,2.908,"[5, 1, 4]",5
student_288,5,5.0,1.0,79.375,80.0,79.0,80.0,0,"MATH (80<83), SCIENCE (79<83), ENGLISH (80<83)",87.178,0,2.178,78.802,0,-6.198,83.314,0,-1.686,83.802,0,-1.198,77.91,1,2.91,"[5, 1, 4]",5
student_289,5,5.0,1.0,82.75,82.0,80.0,84.0,0,"MATH (82<83), SCIENCE (80<83)",87.975,0,2.975,81.62,0,-3.38,84.044,0,-0.956,84.05,0,-0.95,77.966,1,2.966,"[5, 1, 4]",5
student_290,5,5.0,1.0,81.25,78.0,82.0,77.0,0,"MATH (78<83), SCIENCE (82<83), ENGLISH (77<83)",87.712,0,2.712,81.93,0,-3.07,83.881,0,-1.119,83.831,0,-1.169,77.935,1,2.935,"[5, 1, 3]",5
student_291,5,4.0,1.0,80.5,76.0,82.0,80.0,0,"MATH (76<83), SCIENCE (82<83), ENGLISH (80<83)",87.598,0,2.598,81.864,0,-3.136,83.74,0,-1.26,83.879,0,-1.121,77.91,1,2.91,"[5, 1, 4]",5
student_292,5,5.0,1.0,78.75,77.0,78.0,77.0,0,"MATH (77<83), SCIENCE (78<83), ENGLISH (77<83)",87.213,0,2.213,79.47,0,-5.53,83.307,0,-1.693,83.836,0,-1.164,77.964,1,2.964,"[5, 1, 4]",5
student_293,5,5.0,1.0,81.75,83.0,78.0,82.0,0,"SCIENCE (78<83), ENGLISH (82<83)",87.696,0,2.696,80.96,0,-4.04,83.807,0,-1.193,83.968,0,-1.032,77.962,1,2.962,"[5, 1, 4]",5
student_294,5,5.0,1.0,79.875,77.0,80.0,78.0,0,"MATH (77<83), SCIENCE (80<83), ENGLISH (78<83)",87.384,0,2.384,80.418,0,-4.582,83.583,0,-1.417,83.779,0,-1.221,77.887,1,2.887,"[5, 1, 4]",5
student_295,5,4.0,1.0,83.75,82.0,87.0,77.0,0,"MATH (82<83), ENGLISH (77<83)",88.222,0,3.222,84.747,0,-0.253,84.318,0,-0.682,83.853,0,-1.147,77.979,1,2.979,"[5, 1, 2]",5
student_296,5,3.0,1.0,79.375,77.0,78.0,75.0,0,"MATH (77<83), SCIENCE (78<83), ENGLISH (75<83)",87.127,0,2.127,80.846,0,-4.154,83.434,0,-1.566,83.73,0,-1.27,77.958,1,2.958,"[5, 1, 4]",5
student_297,5,4.0,1.0,83.5,81.0,80.0,81.0,0,"MATH (81<83), SCIENCE (80<83), ENGLISH (81<83)",88.122,0,3.122,83.344,0,-1.656,84.296,0,-0.704,84.077,0,-0.923,78.067,1,3.067,"[5, 1, 3]",5
student_298,5,4.0,1.0,81.875,82.0,79.0,79.0,0,"MATH (82<83), SCIENCE (79<83), ENGLISH (79<83)",87.626,0,2.626,81.704,0,-3.296,83.847,0,-1.153,83.92,0,-1.08,77.94,1,2.94,"[5, 1, 4]",5
student_299,5,2.0,1.0,84.375,84.0,83.0,83.0,1,Eligible,88.215,1,3.215,84.424,0,-0.576,84.412,0,-0.588,84.026,0,-0.974,78.101,1,3.101,"[1, 5, 2]",1
student_300,5,5.0,1.0,80.875,79.0,80.0,83.0,0,"MATH (79<83), SCIENCE (80<83)",87.508,0,2.508,81.16,0,-3.84,83.701,0,-1.299,83.926,0,-1.074,77.842,1,2.842,"[5, 1, 4]",5
student_301,5,5.0,1.0,76.375,76.0,76.0,76.0,0,"MATH (76<83), SCIENCE (76<83), ENGLISH (76<83)",86.548,0,1.548,76.776,0,-8.224,82.755,0,-2.245,83.654,0,-1.346,77.714,1,2.714,"[5, 1, 4]",5
student_302,5,5.0,1.0,81.25,79.0,78.0,80.0,0,"MATH (79<83), SCIENCE (78<83), ENGLISH (80<83)",87.558,0,2.558,81.563,0,-3.437,83.82,0,-1.18,83.927,0,-1.073,77.998,1,2.998,"[5, 1, 4]",5
student_303,5,5.0,1.0,84.5,81.0,78.0,89.0,0,"MATH (81<83), SCIENCE (78<83)",88.308,0,3.308,85.114,1,0.114,84.369,0,-0.631,84.378,0,-0.622,78.133,1,3.133,"[2, 5, 1]",2
student_304,5,5.0,1.0,84.125,84.0,82.0,84.0,0,SCIENCE (82<83),88.142,0,3.142,83.955,0,-1.045,84.446,0,-0.554,84.048,0,-0.952,78.168,1,3.168,"[5, 1, 3]",5
student_305,5,4.0,1.0,83.25,85.0,82.0,83.0,0,SCIENCE (82<83),88.049,0,3.049,82.471,0,-2.529,84.161,0,-0.839,83.957,0,-1.043,78.101,1,3.101,"[5, 1, 3]",5
student_306,5,5.0,1.0,81.875,79.0,81.0,81.0,0,"MATH (79<83), SCIENCE (81<83), ENGLISH (81<83)",87.817,0,2.817,81.845,0,-3.155,83.949,0,-1.051,83.969,0,-1.031,77.98,1,2.98,"[5, 1, 4]",5
student_307,5,5.0,1.0,79.75,79.0,77.0,85.0,0,"MATH (79<83), SCIENCE (77<83)",87.384,0,2.384,79.669,0,-5.331,83.506,0,-1.494,84.045,0,-0.955,78.126,1,3.126,"[5, 1, 4]",5
student_308,5,4.0,1.0,81.0,80.0,78.0,82.0,0,"MATH (80<83), SCIENCE (78<83), ENGLISH (82<83)",87.551,0,2.551,81.23,0,-3.77,83.692,0,-1.308,84.036,0,-0.964,77.96,1,2.96,"[5, 1, 4]",5
student_309,5,5.0,1.0,79.5,77.0,76.0,79.0,0,"MATH (77<83), SCIENCE (76<83), ENGLISH (79<83)",87.31,0,2.31,79.474,0,-5.526,83.377,0,-1.623,83.918,0,-1.082,77.853,1,2.853,"[5, 1, 4]",5
student_310,5,1.0,1.0,80.375,78.0,83.0,77.0,0,"MATH (78<83), ENGLISH (77<83)",87.55,0,2.55,79.608,0,-5.392,83.594,0,-1.406,83.761,0,-1.239,77.755,1,2.755,"[5, 1, 4]",5
student_311,5,5.0,1.0,81.0,81.0,81.0,75.0,0,"MATH (81<83), SCIENCE (81<83), ENGLISH (75<83)",87.538,0,2.538,80.647,0,-4.353,83.737,0,-1.263,83.724,0,-1.276,77.923,1,2.923,"[5, 1, 3]",5
student_312,5,5.0,1.0,80.375,76.0,82.0,76.0,0,"MATH (76<83), SCIENCE (82<83), ENGLISH (76<83)",87.598,0,2.598,81.371,0,-3.629,83.66,0,-1.34,83.824,0,-1.176,77.891,1,2.891,"[5, 1, 4]",5
student_313,5,5.0,1.0,79.25,82.0,77.0,78.0,0,"MATH (82<83), SCIENCE (77<83), ENGLISH (78<83)",87.124,0,2.124,77.57,0,-7.43,83.258,0,-1.742,83.74,0,-1.26,77.849,1,2.849,"[5, 1, 4]",5
student_314,5,5.0,1.0,83.125,80.0,82.0,84.0,0,"MATH (80<83), SCIENCE (82<83)",88.101,0,3.101,83.123,0,-1.877,84.284,0,-0.716,83.989,0,-1.011,78.022,1,3.022,"[5, 1, 3]",5
student_315,5,5.0,1.0,83.625,82.0,83.0,80.0,0,"MATH (82<83), ENGLISH (80<83)",88.223,0,3.223,83.21,0,-1.79,84.341,0,-0.659,84.001,0,-0.999,78.154,1,3.154,"[5, 1, 3]",5
student_316,5,4.0,1.0,76.875,76.0,76.0,75.0,0,"MATH (76<83), SCIENCE (76<83), ENGLISH (75<83)",86.766,0,1.766,77.16,0,-7.84,82.86,0,-2.14,83.686,0,-1.314,77.767,1,2.767,"[5, 1, 4]",5
student_317,5,5.0,1.0,79.875,80.0,78.0,79.0,0,"MATH (80<83), SCIENCE (78<83), ENGLISH (79<83)",87.313,0,2.313,79.169,0,-5.831,83.451,0,-1.549,83.884,0,-1.116,77.897,1,2.897,"[5, 1, 4]",5
student_318,5,5.0,1.0,78.375,77.0,76.0,81.0,0,"MATH (77<83), SCIENCE (76<83), ENGLISH (81<83)",87.038,0,2.038,78.69,0,-6.31,83.119,0,-1.881,83.893,0,-1.107,77.848,1,2.848,"[5, 1, 4]",5
student_319,5,5.0,1.0,81.5,80.0,80.0,80.0,0,"MATH (80<83), SCIENCE (80<83), ENGLISH (80<83)",87.683,0,2.683,80.921,0,-4.079,83.788,0,-1.212,83.942,0,-1.058,77.876,1,2.876,"[5, 1, 4]",5
student_320,5,5.0,1.0,82.5,81.0,79.0,83.0,0,"MATH (81<83), SCIENCE (79<83)",88.021,0,3.021,81.457,0,-3.543,84.072,0,-0.928,83.985,0,-1.015,78.081,1,3.081,"[5, 1, 3]",5
student_321,5,4.0,1.0,83.875,84.0,81.0,81.0,0,"SCIENCE (81<83), ENGLISH (81<83)",88.213,0,3.213,82.372,0,-2.628,84.292,0,-0.708,84.026,0,-0.974,78.069,1,3.069,"[5, 1, 3]",5
student_322,5,4.0,1.0,83.25,82.0,81.0,80.0,0,"MATH (82<83), SCIENCE (81<83), ENGLISH (80<83)",88.026,0,3.026,83.028,0,-1.972,84.264,0,-0.736,83.945,0,-1.055,78.058,1,3.058,"[5, 1, 3]",5
student_323,5,4.0,1.0,84.375,83.0,81.0,79.0,0,"SCIENCE (81<83), ENGLISH (79<83)",88.362,0,3.362,83.345,0,-1.655,84.487,0,-0.513,84.053,0,-0.947,78.042,1,3.042,"[5, 1, 3]",5
student_324,5,4.0,1.0,83.625,80.0,85.0,83.0,0,MATH (80<83),88.072,0,3.072,84.063,0,-0.937,84.27,0,-0.73,84.021,0,-0.979,77.987,1,2.987,"[5, 1, 3]",5
student_325,5,4.0,1.0,82.875,81.0,82.0,84.0,0,"MATH (81<83), SCIENCE (82<83)",88.031,0,3.031,82.326,0,-2.674,84.113,0,-0.887,83.989,0,-1.011,77.954,1,2.954,"[5, 1, 3]",5
student_326,5,3.0,1.0,83.5,82.0,81.0,83.0,0,"MATH (82<83), SCIENCE (81<83)",88.115,0,3.115,83.361,0,-1.639,84.24,0,-0.76,84.037,0,-0.963,78.011,1,3.011,"[5, 1, 3]",5
student_327,5,3.0,1.0,83.75,83.0,81.0,81.0,0,"SCIENCE (81<83), ENGLISH (81<83)",88.271,0,3.271,82.632,0,-2.368,84.332,0,-0.668,84.006,0,-0.994,78.133,1,3.133,"[5, 1, 3]",5
student_328,5,4.0,1.0,87.625,88.0,85.0,89.0,1,Eligible,88.909,1,3.909,85.736,1,0.736,85.102,1,0.102,84.198,0,-0.802,78.092,1,3.092,"[1, 2, 3]",1
student_329,5,4.0,1.0,83.0,82.0,84.0,82.0,0,"MATH (82<83), ENGLISH (82<83)",88.119,0,3.119,82.566,0,-2.434,84.17,0,-0.83,83.956,0,-1.044,78.031,1,3.031,"[5, 1, 3]",5
student_330,5,4.0,1.0,83.75,83.0,80.0,81.0,0,"SCIENCE (80<83), ENGLISH (81<83)",88.155,0,3.155,83.554,0,-1.446,84.33,0,-0.67,84.089,0,-0.911,78.142,1,3.142,"[5, 1, 3]",5
student_331,5,1.0,1.0,83.5,85.0,87.0,82.0,0,ENGLISH (82<83),88.285,0,3.285,81.368,0,-3.632,84.278,0,-0.722,83.804,0,-1.196,77.854,1,2.854,"[5, 1, 3]",5
student_332,5,4.0,1.0,80.75,79.0,80.0,79.0,0,"MATH (79<83), SCIENCE (80<83), ENGLISH (79<83)",87.606,0,2.606,80.334,0,-4.666,83.665,0,-1.335,83.895,0,-1.105,77.926,1,2.926,"[5, 1, 4]",5
student_333,5,4.0,1.0,81.625,79.0,80.0,81.0,0,"MATH (79<83), SCIENCE (80<83), ENGLISH (81<83)",87.668,0,2.668,82.057,0,-2.943,83.886,0,-1.114,83.993,0,-1.007,78.043,1,3.043,"[5, 1, 4]",5
student_334,5,4.0,1.0,82.125,81.0,79.0,81.0,0,"MATH (81<83), SCIENCE (79<83), ENGLISH (81<83)",87.713,0,2.713,81.91,0,-3.09,83.904,0,-1.096,83.994,0,-1.006,77.977,1,2.977,"[5, 1, 4]",5
student_335,5,4.0,1.0,84.5,80.0,84.0,83.0,0,MATH (80<83),88.379,0,3.379,84.77,0,-0.23,84.517,0,-0.483,84.053,0,-0.947,77.978,1,2.978,"[5, 1, 2]",5
student_336,5,4.0,1.0,77.0,75.0,78.0,75.0,0,"MATH (75<83), SCIENCE (78<83), ENGLISH (75<83)",86.752,0,1.752,77.635,0,-7.365,82.99,0,-2.01,83.611,0,-1.389,77.839,1,2.839,"[5, 1, 4]",5
student_337,5,4.0,1.0,81.125,79.0,85.0,83.0,0,MATH (79<83),87.851,0,2.851,80.893,0,-4.107,83.775,0,-1.225,83.894,0,-1.106,77.894,1,2.894,"[5, 1, 4]",5
student_338,5,4.0,1.0,82.25,80.0,78.0,81.0,0,"MATH (80<83), SCIENCE (78<83), ENGLISH (81<83)",87.584,0,2.584,82.948,0,-2.052,84.001,0,-0.999,83.993,0,-1.007,77.922,1,2.922,"[5, 1, 3]",5
student_339,5,1.0,1.0,80.375,77.0,77.0,79.0,0,"MATH (77<83), SCIENCE (77<83), ENGLISH (79<83)",87.56,0,2.56,80.377,0,-4.623,83.611,0,-1.389,84.016,0,-0.984,78.023,1,3.023,"[5, 1, 4]",5
student_340,5,1.0,1.0,82.75,79.0,88.0,86.0,0,MATH (79<83),88.24,0,3.24,82.733,0,-2.267,84.163,0,-0.837,83.913,0,-1.087,77.828,1,2.828,"[5, 1, 3]",5
student_341,5,3.0,1.0,86.5,89.0,83.0,88.0,1,Eligible,88.557,1,3.557,84.646,0,-0.354,84.941,0,-0.059,84.042,0,-0.958,78.214,1,3.214,"[1, 5, 3]",1
student_342,5,4.0,1.0,85.25,77.0,86.0,81.0,0,"MATH (77<83), ENGLISH (81<83)",88.652,0,3.652,86.515,1,1.515,84.804,0,-0.196,84.121,0,-0.879,78.106,1,3.106,"[2, 5, 1]",2
student_343,5,3.0,1.0,85.5,82.0,85.0,86.0,0,MATH (82<83),88.643,0,3.643,85.068,1,0.068,84.702,0,-0.298,84.148,0,-0.852,78.072,1,3.072,"[2, 5, 1]",2
student_344,5,1.0,1.0,81.75,81.0,81.0,80.0,0,"MATH (81<83), SCIENCE (81<83), ENGLISH (80<83)",87.764,0,2.764,81.739,0,-3.261,83.973,0,-1.027,83.939,0,-1.061,78.065,1,3.065,"[5, 1, 3]",5
student_345,5,3.0,1.0,81.25,81.0,81.0,80.0,0,"MATH (81<83), SCIENCE (81<83), ENGLISH (80<83)",87.691,0,2.691,80.251,0,-4.749,83.749,0,-1.251,83.893,0,-1.107,77.957,1,2.957,"[5, 1, 4]",5
student_346,5,4.0,1.0,83.125,84.0,82.0,82.0,0,"SCIENCE (82<83), ENGLISH (82<83)",88.039,0,3.039,82.258,0,-2.742,84.086,0,-0.914,83.994,0,-1.006,77.981,1,2.981,"[5, 1, 3]",5
student_347,5,4.0,1.0,84.25,82.0,84.0,81.0,0,"MATH (82<83), ENGLISH (81<83)",88.382,0,3.382,83.916,0,-1.084,84.377,0,-0.623,84.058,0,-0.942,78.012,1,3.012,"[5, 1, 3]",5
student_348,5,4.0,1.0,84.625,83.0,87.0,83.0,1,Eligible,88.386,1,3.386,84.119,0,-0.881,84.518,0,-0.482,83.952,0,-1.048,78.059,1,3.059,"[1, 5, 3]",1
student_349,5,2.0,1.0,94.875,96.0,96.0,96.0,1,Eligible,90.505,1,5.505,92.075,1,7.075,86.632,1,1.632,84.498,0,-0.502,78.488,1,3.488,"[2, 1, 3]",2
student_350,5,5.0,1.0,81.5,80.0,79.0,80.0,0,"MATH (80<83), SCIENCE (79<83), ENGLISH (80<83)",87.7,0,2.7,81.66,0,-3.34,83.872,0,-1.128,83.951,0,-1.049,77.948,1,2.948,"[5, 1, 4]",5
student_351,5,4.0,1.0,83.0,83.0,80.0,82.0,0,"SCIENCE (80<83), ENGLISH (82<83)",88.026,0,3.026,82.268,0,-2.732,84.103,0,-0.897,83.984,0,-1.016,78.01,1,3.01,"[5, 1, 3]",5
student_352,5,4.0,1.0,83.625,79.0,86.0,77.0,0,"MATH (79<83), ENGLISH (77<83)",88.251,0,3.251,84.535,0,-0.465,84.361,0,-0.639,83.915,0,-1.085,78.034,1,3.034,"[5, 1, 2]",5
student_353,5,1.0,1.0,82.0,85.0,80.0,82.0,0,"SCIENCE (80<83), ENGLISH (82<83)",87.797,0,2.797,80.495,0,-4.505,83.894,0,-1.106,83.894,0,-1.106,78.094,1,3.094,"[5, 1, 3]",5
student_354,5,3.0,1.0,82.75,81.0,84.0,79.0,0,"MATH (81<83), ENGLISH (79<83)",88.082,0,3.082,82.739,0,-2.261,84.192,0,-0.808,83.849,0,-1.151,77.985,1,2.985,"[5, 1, 3]",5
student_355,5,1.0,1.0,86.75,79.0,92.0,82.0,0,"MATH (79<83), ENGLISH (82<83)",89.228,0,4.228,88.14,1,3.14,85.114,1,0.114,84.146,0,-0.854,78.063,1,3.063,"[2, 3, 5]",2
student_356,5,3.0,1.0,82.125,79.0,83.0,81.0,0,"MATH (79<83), ENGLISH (81<83)",87.949,0,2.949,82.923,0,-2.077,83.976,0,-1.024,83.944,0,-1.056,77.933,1,2.933,"[5, 1, 3]",5
student_357,5,5.0,1.0,86.0,80.0,86.0,84.0,0,MATH (80<83),88.763,0,3.763,86.542,1,1.542,84.912,0,-0.088,84.132,0,-0.868,78.119,1,3.119,"[2, 5, 1]",2
student_358,5,5.0,1.0,79.375,79.0,85.0,76.0,0,"MATH (79<83), ENGLISH (76<83)",87.452,0,2.452,79.453,0,-5.547,83.425,0,-1.575,83.628,0,-1.372,77.781,1,2.781,"[5, 1, 4]",5
student_359,5,3.0,1.0,78.75,78.0,78.0,77.0,0,"MATH (78<83), SCIENCE (78<83), ENGLISH (77<83)",87.171,0,2.171,78.16,0,-6.84,83.272,0,-1.728,83.743,0,-1.257,77.847,1,2.847,"[5, 1, 4]",5
student_360,5,3.0,1.0,84.25,81.0,82.0,85.0,0,"MATH (81<83), SCIENCE (82<83)",88.393,0,3.393,83.82,0,-1.18,84.486,0,-0.514,84.136,0,-0.864,77.997,1,2.997,"[5, 1, 3]",5
student_361,5,5.0,1.0,82.5,78.0,82.0,78.0,0,"MATH (78<83), SCIENCE (82<83), ENGLISH (78<83)",87.986,0,2.986,83.35,0,-1.65,84.171,0,-0.829,83.982,0,-1.018,78.007,1,3.007,"[5, 1, 3]",5
student_362,5,5.0,1.0,82.25,75.0,83.0,83.0,0,MATH (75<83),87.901,0,2.901,83.931,0,-1.069,84.143,0,-0.857,84.017,0,-0.983,77.965,1,2.965,"[5, 1, 3]",5
student_363,5,2.0,1.0,80.125,77.0,82.0,80.0,0,"MATH (77<83), SCIENCE (82<83), ENGLISH (80<83)",87.438,0,2.438,81.058,0,-3.942,83.623,0,-1.377,83.851,0,-1.149,77.855,1,2.855,"[5, 1, 4]",5
student_364,5,1.0,1.0,79.5,77.0,79.0,75.0,0,"MATH (77<83), SCIENCE (79<83), ENGLISH (75<83)",87.321,0,2.321,79.877,0,-5.123,83.441,0,-1.559,83.835,0,-1.165,77.899,1,2.899,"[5, 1, 4]",5
student_365,5,2.0,1.0,82.875,85.0,82.0,80.0,0,"SCIENCE (82<83), ENGLISH (80<83)",88.089,0,3.089,81.713,0,-3.287,84.005,0,-0.995,83.983,0,-1.017,77.98,1,2.98,"[5, 1, 3]",5
student_366,5,5.0,1.0,81.625,79.0,80.0,80.0,0,"MATH (79<83), SCIENCE (80<83), ENGLISH (80<83)",87.774,0,2.774,81.317,0,-3.683,83.894,0,-1.106,83.916,0,-1.084,77.86,1,2.86,"[5, 1, 4]",5
student_367,5,2.0,1.0,77.625,76.0,80.0,75.0,0,"MATH (76<83), SCIENCE (80<83), ENGLISH (75<83)",87.045,0,2.045,78.475,0,-6.525,83.037,0,-1.963,83.707,0,-1.293,77.827,1,2.827,"[5, 1, 4]",5
student_368,5,5.0,1.0,81.25,81.0,81.0,81.0,0,"MATH (81<83), SCIENCE (81<83), ENGLISH (81<83)",87.652,0,2.652,80.796,0,-4.204,83.767,0,-1.233,83.903,0,-1.097,77.917,1,2.917,"[5, 1, 4]",5
student_369,5,5.0,1.0,79.5,79.0,79.0,78.0,0,"MATH (79<83), SCIENCE (79<83), ENGLISH (78<83)",87.375,0,2.375,78.896,0,-6.104,83.437,0,-1.563,83.791,0,-1.209,77.883,1,2.883,"[5, 1, 4]",5
student_370,5,5.0,1.0,83.125,84.0,81.0,84.0,0,SCIENCE (81<83),88.067,0,3.067,81.948,0,-3.052,84.109,0,-0.891,84.041,0,-0.959,78.049,1,3.049,"[5, 1, 3]",5
student_371,5,2.0,1.0,81.25,78.0,84.0,80.0,0,"MATH (78<83), ENGLISH (80<83)",87.937,0,2.937,80.791,0,-4.209,83.828,0,-1.172,83.894,0,-1.106,77.828,1,2.828,"[5, 1, 4]",5
student_372,5,5.0,1.0,82.25,80.0,82.0,83.0,0,"MATH (80<83), SCIENCE (82<83)",87.858,0,2.858,81.882,0,-3.118,84.003,0,-0.997,83.925,0,-1.075,77.922,1,2.922,"[5, 1, 3]",5
student_373,5,5.0,1.0,83.5,82.0,82.0,84.0,0,"MATH (82<83), SCIENCE (82<83)",88.195,0,3.195,82.64,0,-2.36,84.218,0,-0.782,84.092,0,-0.908,78.064,1,3.064,"[5, 1, 3]",5
student_374,5,3.0,1.0,82.0,81.0,81.0,82.0,0,"MATH (81<83), SCIENCE (81<83), ENGLISH (82<83)",87.841,0,2.841,82.022,0,-2.978,83.944,0,-1.056,83.983,0,-1.017,77.92,1,2.92,"[5, 1, 4]",5
student_375,5,3.0,1.0,86.75,86.0,86.0,87.0,1,Eligible,88.852,1,3.852,85.842,1,0.842,84.912,0,-0.088,84.269,0,-0.731,78.079,1,3.079,"[1, 2, 5]",1
student_376,5,5.0,1.0,80.875,76.0,79.0,83.0,0,"MATH (76<83), SCIENCE (79<83)",87.656,0,2.656,81.207,0,-3.793,83.783,0,-1.217,83.952,0,-1.048,77.944,1,2.944,"[5, 1, 4]",5
student_377,5,2.0,1.0,85.0,82.0,82.0,84.0,0,"MATH (82<83), SCIENCE (82<83)",88.504,0,3.504,85.361,1,0.361,84.57,0,-0.43,84.166,0,-0.834,78.064,1,3.064,"[2, 5, 1]",2
student_378,5,5.0,1.0,82.375,82.0,82.0,82.0,0,"MATH (82<83), SCIENCE (82<83), ENGLISH (82<83)",87.939,0,2.939,81.398,0,-3.602,84.039,0,-0.961,83.934,0,-1.066,78.013,1,3.013,"[5, 1, 3]",5
student_379,5,5.0,1.0,87.875,86.0,88.0,89.0,1,Eligible,89.206,1,4.206,86.466,1,1.466,85.15,1,0.15,84.334,0,-0.666,78.174,1,3.174,"[1, 2, 3]",1
student_380,5,5.0,1.0,81.125,80.0,81.0,82.0,0,"MATH (80<83), SCIENCE (81<83), ENGLISH (82<83)",87.46,0,2.46,81.284,0,-3.716,83.809,0,-1.191,83.825,0,-1.175,77.894,1,2.894,"[5, 1, 4]",5
student_381,5,2.0,1.0,82.875,85.0,85.0,78.0,0,ENGLISH (78<83),87.978,0,2.978,80.664,0,-4.336,84.049,0,-0.951,83.766,0,-1.234,77.796,1,2.796,"[5, 1, 3]",5
student_382,5,5.0,1.0,82.75,83.0,83.0,83.0,1,Eligible,87.941,1,2.941,82.115,0,-2.885,84.141,0,-0.859,83.928,0,-1.072,78.094,1,3.094,"[1, 5, 3]",1
student_383,5,5.0,1.0,87.875,90.0,91.0,83.0,1,Eligible,89.216,1,4.216,85.092,1,0.092,84.973,0,-0.027,84.039,0,-0.961,77.912,1,2.912,"[1, 2, 5]",1
student_384,5,5.0,1.0,82.125,85.0,78.0,79.0,0,"SCIENCE (78<83), ENGLISH (79<83)",87.641,0,2.641,80.444,0,-4.556,83.78,0,-1.22,83.897,0,-1.103,77.908,1,2.908,"[5, 1, 4]",5
student_385,5,5.0,1.0,82.75,78.0,82.0,82.0,0,"MATH (78<83), SCIENCE (82<83), ENGLISH (82<83)",87.992,0,2.992,82.794,0,-2.206,84.207,0,-0.793,83.943,0,-1.057,77.976,1,2.976,"[5, 1, 3]",5
student_386,5,5.0,1.0,80.625,80.0,81.0,80.0,0,"MATH (80<83), SCIENCE (81<83), ENGLISH (80<83)",87.559,0,2.559,80.233,0,-4.767,83.627,0,-1.373,83.853,0,-1.147,77.876,1,2.876,"[5, 1, 4]",5
student_387,5,3.0,1.0,82.375,82.0,77.0,81.0,0,"MATH (82<83), SCIENCE (77<83), ENGLISH (81<83)",87.754,0,2.754,81.594,0,-3.406,84.113,0,-0.887,83.913,0,-1.087,78.139,1,3.139,"[5, 1, 3]",5
student_388,5,5.0,1.0,82.125,81.0,81.0,82.0,0,"MATH (81<83), SCIENCE (81<83), ENGLISH (82<83)",87.802,0,2.802,82.394,0,-2.606,83.993,0,-1.007,84.002,0,-0.998,78.023,1,3.023,"[5, 1, 4]",5
student_390,5,5.0,1.0,81.375,81.0,81.0,82.0,0,"MATH (81<83), SCIENCE (81<83), ENGLISH (82<83)",87.811,0,2.811,80.996,0,-4.004,83.839,0,-1.161,83.978,0,-1.022,78.068,1,3.068,"[5, 1, 4]",5
student_391,5,5.0,1.0,79.75,77.0,84.0,82.0,0,"MATH (77<83), ENGLISH (82<83)",87.529,0,2.529,79.403,0,-5.597,83.538,0,-1.462,83.763,0,-1.237,77.693,1,2.693,"[5, 1, 4]",5
student_392,5,2.0,1.0,82.25,79.0,83.0,81.0,0,"MATH (79<83), ENGLISH (81<83)",87.933,0,2.933,82.029,0,-2.971,84.089,0,-0.911,83.898,0,-1.102,77.992,1,2.992,"[5, 1, 3]",5
student_393,5,2.0,1.0,84.125,80.0,89.0,85.0,0,MATH (80<83),88.41,0,3.41,83.437,0,-1.563,84.437,0,-0.563,83.899,0,-1.101,77.811,1,2.811,"[5, 1, 3]",5
student_394,5,5.0,1.0,77.625,77.0,77.0,76.0,0,"MATH (77<83), SCIENCE (77<83), ENGLISH (76<83)",86.886,0,1.886,78.314,0,-6.686,83.027,0,-1.973,83.782,0,-1.218,77.862,1,2.862,"[5, 1, 4]",5
student_395,2,5.0,1.0,85.25,87.0,84.0,93.0,1,Eligible,88.487,1,3.487,83.245,0,-1.755,84.498,0,-0.502,84.241,0,-0.759,78.136,1,3.136,"[1, 5, 3]",1
student_396,2,5.0,1.0,87.0,80.0,90.0,86.0,0,MATH (80<83),89.198,0,4.198,87.303,1,2.303,85.101,1,0.101,84.18,0,-0.82,78.155,1,3.155,"[2, 3, 5]",2
student_397,2,2.0,1.0,88.625,87.0,89.0,89.0,1,Eligible,89.214,1,4.214,88.108,1,3.108,85.37,1,0.37,84.229,0,-0.771,78.234,1,3.234,"[1, 2, 3]",1
student_398,2,2.0,1.0,86.625,84.0,86.0,85.0,1,Eligible,88.886,1,3.886,85.432,1,0.432,84.99,0,-0.01,84.121,0,-0.879,78.17,1,3.17,"[1, 2, 5]",1
student_399,2,2.0,1.0,86.125,87.0,83.0,89.0,1,Eligible,88.491,1,3.491,85.299,1,0.299,84.702,0,-0.298,84.26,0,-0.74,78.079,1,3.079,"[1, 2, 5]",1
student_400,2,2.0,1.0,87.25,91.0,84.0,89.0,1,Eligible,88.766,1,3.766,85.233,1,0.233,84.868,0,-0.132,84.192,0,-0.808,78.157,1,3.157,"[1, 2, 5]",1
student_401,2,2.0,1.0,88.5,87.0,86.0,90.0,1,Eligible,89.195,1,4.195,87.363,1,2.363,85.346,1,0.346,84.324,0,-0.676,78.227,1,3.227,"[1, 2, 3]",1
student_402,2,2.0,1.0,89.125,85.0,90.0,94.0,1,Eligible,89.214,1,4.214,89.542,1,4.542,85.59,1,0.59,84.271,0,-0.729,78.246,1,3.246,"[2, 1, 3]",2
student_403,2,2.0,1.0,90.125,89.0,88.0,89.0,1,Eligible,89.464,1,4.464,88.46,1,3.46,85.664,1,0.664,84.37,0,-0.63,78.192,1,3.192,"[1, 2, 3]",1
student_404,2,2.0,1.0,87.875,90.0,88.0,88.0,1,Eligible,89.027,1,4.027,85.757,1,0.757,85.115,1,0.115,84.152,0,-0.848,78.065,1,3.065,"[1, 2, 3]",1
student_405,2,2.0,1.0,89.875,88.0,89.0,86.0,1,Eligible,89.506,1,4.506,88.969,1,3.969,85.602,1,0.602,84.26,0,-0.74,78.242,1,3.242,"[1, 2, 3]",1
student_406,2,1.0,1.0,93.25,93.0,93.0,93.0,1,Eligible,90.112,1,5.112,91.498,1,6.498,86.354,1,1.354,84.363,0,-0.637,78.408,1,3.408,"[2, 1, 3]",2
student_407,2,2.0,1.0,89.625,88.0,87.0,90.0,1,Eligible,89.409,1,4.409,88.003,1,3.003,85.553,1,0.553,84.343,0,-0.657,78.237,1,3.237,"[1, 2, 3]",1
student_408,2,2.0,1.0,91.375,91.0,90.0,91.0,1,Eligible,89.767,1,4.767,90.086,1,5.086,85.888,1,0.888,84.426,0,-0.574,78.35,1,3.35,"[2, 1, 3]",2
student_409,2,6.0,0.0,90.0,89.0,88.0,88.0,1,Eligible,89.542,1,4.542,88.456,1,3.456,85.633,1,0.633,84.26,0,-0.74,78.251,1,3.251,"[1, 2, 3]",1
student_410,2,2.0,1.0,90.125,84.0,89.0,88.0,1,Eligible,89.581,1,4.581,90.5,1,5.5,85.784,1,0.784,84.39,0,-0.61,78.28,1,3.28,"[2, 1, 3]",2
student_411,2,2.0,1.0,91.25,89.0,93.0,89.0,1,Eligible,89.775,1,4.775,90.451,1,5.451,85.913,1,0.913,84.278,0,-0.722,78.186,1,3.186,"[2, 1, 3]",2
student_412,2,2.0,1.0,86.75,86.0,88.0,88.0,1,Eligible,88.905,1,3.905,85.259,1,0.259,84.839,0,-0.161,84.167,0,-0.833,78.038,1,3.038,"[1, 2, 5]",1
student_413,2,2.0,1.0,86.875,85.0,86.0,88.0,1,Eligible,88.921,1,3.921,86.185,1,1.185,84.974,0,-0.026,84.22,0,-0.78,78.123,1,3.123,"[1, 2, 5]",1
student_414,2,2.0,1.0,90.125,90.0,89.0,87.0,1,Eligible,89.502,1,4.502,87.906,1,2.906,85.625,1,0.625,84.232,0,-0.768,78.283,1,3.283,"[1, 2, 3]",1
student_415,2,6.0,0.0,88.125,88.0,87.0,88.0,1,Eligible,89.062,1,4.062,86.495,1,1.495,85.164,1,0.164,84.146,0,-0.854,78.11,1,3.11,"[1, 2, 3]",1
student_416,2,6.0,0.0,84.625,84.0,86.0,84.0,1,Eligible,88.54,1,3.54,83.23,0,-1.77,84.498,0,-0.502,84.031,0,-0.969,78.097,1,3.097,"[1, 5, 3]",1
student_417,2,2.0,1.0,89.75,87.0,89.0,91.0,1,Eligible,89.468,1,4.468,88.628,1,3.628,85.582,1,0.582,84.313,0,-0.687,78.27,1,3.27,"[1, 2, 3]",1
student_418,2,2.0,1.0,88.5,88.0,87.0,88.0,1,Eligible,89.036,1,4.036,87.113,1,2.113,85.339,1,0.339,84.146,0,-0.854,78.153,1,3.153,"[1, 2, 3]",1
student_419,3,3.0,1.0,85.0,83.0,84.0,85.0,1,Eligible,88.432,1,3.432,84.383,0,-0.617,84.646,0,-0.354,84.094,0,-0.906,78.056,1,3.056,"[1, 5, 3]",1
student_420,5,2.0,1.0,82.5,83.0,84.0,82.0,0,ENGLISH (82<83),87.984,0,2.984,81.783,0,-3.217,84.076,0,-0.924,83.888,0,-1.112,77.971,1,2.971,"[5, 1, 3]",5
student_421,5,3.0,1.0,78.875,75.0,80.0,80.0,0,"MATH (75<83), SCIENCE (80<83), ENGLISH (80<83)",87.142,0,2.142,79.471,0,-5.529,83.314,0,-1.686,83.785,0,-1.215,77.847,1,2.847,"[5, 1, 4]",5
student_422,5,5.0,1.0,81.25,77.0,80.0,82.0,0,"MATH (77<83), SCIENCE (80<83), ENGLISH (82<83)",87.599,0,2.599,81.473,0,-3.527,83.866,0,-1.134,83.884,0,-1.116,77.908,1,2.908,"[5, 1, 4]",5
student_423,5,2.0,1.0,84.875,85.0,83.0,83.0,1,Eligible,88.485,1,3.485,82.861,0,-2.139,84.602,0,-0.398,84.058,0,-0.942,78.094,1,3.094,"[1, 5, 3]",1
student_424,5,5.0,1.0,76.5,75.0,76.0,77.0,0,"MATH (75<83), SCIENCE (76<83), ENGLISH (77<83)",86.687,0,1.687,77.286,0,-7.714,82.817,0,-2.183,83.733,0,-1.267,77.827,1,2.827,"[5, 1, 4]",5
student_425,5,5.0,1.0,78.875,79.0,76.0,78.0,0,"MATH (79<83), SCIENCE (76<83), ENGLISH (78<83)",87.129,0,2.129,78.597,0,-6.403,83.248,0,-1.752,83.83,0,-1.17,77.87,1,2.87,"[5, 1, 4]",5
student_426,5,5.0,1.0,80.125,77.0,81.0,82.0,0,"MATH (77<83), SCIENCE (81<83), ENGLISH (82<83)",87.562,0,2.562,80.58,0,-4.42,83.601,0,-1.399,83.959,0,-1.041,77.981,1,2.981,"[5, 1, 4]",5
student_427,5,5.0,1.0,76.625,75.0,75.0,75.0,0,"MATH (75<83), SCIENCE (75<83), ENGLISH (75<83)",86.645,0,1.645,76.476,0,-8.524,82.93,0,-2.07,83.65,0,-1.35,77.809,1,2.809,"[5, 1, 4]",5
student_428,5,5.0,1.0,78.375,78.0,77.0,76.0,0,"MATH (78<83), SCIENCE (77<83), ENGLISH (76<83)",86.958,0,1.958,78.997,0,-6.003,83.155,0,-1.845,83.73,0,-1.27,77.785,1,2.785,"[5, 1, 4]",5
student_429,5,5.0,1.0,81.375,76.0,81.0,81.0,0,"MATH (76<83), SCIENCE (81<83), ENGLISH (81<83)",87.733,0,2.733,83.235,0,-1.765,83.858,0,-1.142,83.99,0,-1.01,77.845,1,2.845,"[5, 1, 4]",5
student_430,5,1.0,1.0,79.75,80.0,80.0,78.0,0,"MATH (80<83), SCIENCE (80<83), ENGLISH (78<83)",87.401,0,2.401,79.42,0,-5.58,83.475,0,-1.525,83.708,0,-1.292,77.801,1,2.801,"[5, 1, 4]",5
student_431,5,5.0,1.0,78.125,78.0,76.0,77.0,0,"MATH (78<83), SCIENCE (76<83), ENGLISH (77<83)",87.02,0,2.02,77.46,0,-7.54,83.131,0,-1.869,83.807,0,-1.193,77.932,1,2.932,"[5, 1, 4]",5
student_432,5,5.0,1.0,77.5,77.0,77.0,76.0,0,"MATH (77<83), SCIENCE (77<83), ENGLISH (76<83)",86.765,0,1.765,76.925,0,-8.075,82.972,0,-2.028,83.681,0,-1.319,77.66,1,2.66,"[5, 1, 4]",5
student_433,5,3.0,1.0,80.25,79.0,83.0,80.0,0,"MATH (79<83), ENGLISH (80<83)",87.469,0,2.469,80.402,0,-4.598,83.626,0,-1.374,83.693,0,-1.307,77.74,1,2.74,"[5, 1, 4]",5
student_434,5,3.0,1.0,79.5,76.0,76.0,76.0,0,"MATH (76<83), SCIENCE (76<83), ENGLISH (76<83)",87.193,0,2.193,80.6,0,-4.4,83.484,0,-1.516,83.781,0,-1.219,77.832,1,2.832,"[5, 1, 4]",5
student_435,5,3.0,1.0,79.25,76.0,78.0,80.0,0,"MATH (76<83), SCIENCE (78<83), ENGLISH (80<83)",87.229,0,2.229,80.069,0,-4.931,83.372,0,-1.628,83.85,0,-1.15,77.751,1,2.751,"[5, 1, 4]",5
student_436,5,5.0,1.0,79.125,80.0,77.0,79.0,0,"MATH (80<83), SCIENCE (77<83), ENGLISH (79<83)",87.231,0,2.231,78.577,0,-6.423,83.319,0,-1.681,83.848,0,-1.152,77.878,1,2.878,"[5, 1, 4]",5
student_437,5,5.0,1.0,84.25,85.0,82.0,85.0,0,SCIENCE (82<83),88.216,0,3.216,82.901,0,-2.099,84.449,0,-0.551,83.945,0,-1.055,78.089,1,3.089,"[5, 1, 3]",5
student_438,5,3.0,1.0,85.875,82.0,83.0,84.0,0,MATH (82<83),88.64,0,3.64,85.912,1,0.912,84.784,0,-0.216,84.16,0,-0.84,78.092,1,3.092,"[2, 5, 1]",2
student_439,5,3.0,1.0,79.625,77.0,81.0,78.0,0,"MATH (77<83), SCIENCE (81<83), ENGLISH (78<83)",87.411,0,2.411,79.771,0,-5.229,83.472,0,-1.528,83.81,0,-1.19,77.745,1,2.745,"[5, 1, 4]",5
student_440,5,3.0,1.0,80.25,77.0,82.0,76.0,0,"MATH (77<83), SCIENCE (82<83), ENGLISH (76<83)",87.528,0,2.528,80.783,0,-4.217,83.665,0,-1.335,83.757,0,-1.243,77.695,1,2.695,"[5, 1, 4]",5
student_441,5,3.0,1.0,82.875,81.0,80.0,81.0,0,"MATH (81<83), SCIENCE (80<83), ENGLISH (81<83)",87.932,0,2.932,83.224,0,-1.776,84.142,0,-0.858,84.019,0,-0.981,77.964,1,2.964,"[5, 1, 3]",5
student_442,5,2.0,1.0,85.5,91.0,85.0,83.0,1,Eligible,88.42,1,3.42,83.197,0,-1.803,84.556,0,-0.444,83.913,0,-1.087,77.939,1,2.939,"[1, 5, 3]",1
student_443,5,2.0,1.0,77.25,75.0,75.0,77.0,0,"MATH (75<83), SCIENCE (75<83), ENGLISH (77<83)",86.82,0,1.82,77.406,0,-7.594,82.977,0,-2.023,83.781,0,-1.219,77.852,1,2.852,"[5, 1, 4]",5
student_444,1,1.0,1.0,94.625,93.0,93.0,94.0,1,Eligible,90.463,1,5.463,93.316,1,8.316,86.643,1,1.643,84.539,0,-0.461,78.366,1,3.366,"[2, 1, 3]",2
student_445,5,5.0,1.0,79.125,76.0,76.0,78.0,0,"MATH (76<83), SCIENCE (76<83), ENGLISH (78<83)",87.269,0,2.269,79.955,0,-5.045,83.325,0,-1.675,83.976,0,-1.024,77.935,1,2.935,"[5, 1, 4]",5
student_446,5,2.0,1.0,82.25,78.0,83.0,84.0,0,MATH (78<83),87.903,0,2.903,82.631,0,-2.369,84.036,0,-0.964,83.906,0,-1.094,77.853,1,2.853,"[5, 1, 3]",5
student_447,5,2.0,1.0,81.625,77.0,87.0,81.0,0,"MATH (77<83), ENGLISH (81<83)",87.741,0,2.741,82.731,0,-2.269,83.929,0,-1.071,83.689,0,-1.311,77.705,1,2.705,"[5, 1, 3]",5
student_448,5,5.0,1.0,85.25,88.0,87.0,85.0,1,Eligible,88.525,1,3.525,83.931,0,-1.069,84.507,0,-0.493,84.016,0,-0.984,77.984,1,2.984,"[1, 5, 3]",1
student_449,5,2.0,1.0,79.5,76.0,76.0,76.0,0,"MATH (76<83), SCIENCE (76<83), ENGLISH (76<83)",87.18,0,2.18,81.101,0,-3.899,83.54,0,-1.46,83.805,0,-1.195,77.897,1,2.897,"[5, 1, 4]",5
student_450,5,2.0,1.0,84.875,78.0,83.0,87.0,0,MATH (78<83),88.195,0,3.195,87.173,1,2.173,84.733,0,-0.267,84.105,0,-0.895,77.932,1,2.932,"[2, 5, 1]",2
student_451,5,3.0,1.0,82.5,85.0,79.0,78.0,0,"SCIENCE (79<83), ENGLISH (78<83)",87.834,0,2.834,80.556,0,-4.444,84.017,0,-0.983,83.816,0,-1.184,77.809,1,2.809,"[5, 1, 3]",5
student_452,5,3.0,1.0,76.875,76.0,76.0,76.0,0,"MATH (76<83), SCIENCE (76<83), ENGLISH (76<83)",86.739,0,1.739,77.383,0,-7.617,82.883,0,-2.117,83.697,0,-1.303,77.641,1,2.641,"[5, 1, 4]",5
student_453,5,3.0,1.0,78.5,80.0,77.0,77.0,0,"MATH (80<83), SCIENCE (77<83), ENGLISH (77<83)",86.985,0,1.985,77.771,0,-7.229,83.203,0,-1.797,83.727,0,-1.273,77.789,1,2.789,"[5, 1, 4]",5
student_454,5,3.0,1.0,81.125,82.0,80.0,80.0,0,"MATH (82<83), SCIENCE (80<83), ENGLISH (80<83)",87.599,0,2.599,80.341,0,-4.659,83.782,0,-1.218,83.894,0,-1.106,77.937,1,2.937,"[5, 1, 4]",5
student_455,3,3.0,1.0,85.0,82.0,85.0,85.0,0,MATH (82<83),88.51,0,3.51,84.983,0,-0.017,84.685,0,-0.315,84.109,0,-0.891,78.035,1,3.035,"[5, 1, 2]",5
student_456,3,3.0,1.0,83.375,81.0,83.0,83.0,0,MATH (81<83),88.09,0,3.09,83.627,0,-1.373,84.262,0,-0.738,83.991,0,-1.009,77.986,1,2.986,"[5, 1, 3]",5
student_457,3,3.0,1.0,91.75,89.0,92.0,93.0,1,Eligible,89.912,1,4.912,90.921,1,5.921,86.169,1,1.169,84.357,0,-0.643,78.333,1,3.333,"[2, 1, 3]",2
student_458,3,5.0,1.0,87.125,85.0,86.0,87.0,1,Eligible,88.784,1,3.784,86.343,1,1.343,85.124,1,0.124,84.089,0,-0.911,78.113,1,3.113,"[1, 2, 3]",1
student_459,3,3.0,1.0,91.125,92.0,88.0,92.0,1,Eligible,89.658,1,4.658,89.315,1,4.315,85.79,1,0.79,84.404,0,-0.596,78.33,1,3.33,"[1, 2, 3]",1
student_460,3,4.0,1.0,86.125,84.0,86.0,86.0,1,Eligible,88.647,1,3.647,85.462,1,0.462,84.808,0,-0.192,84.107,0,-0.893,78.119,1,3.119,"[1, 2, 5]",1
student_461,3,3.0,1.0,86.625,83.0,87.0,85.0,1,Eligible,88.877,1,3.877,86.411,1,1.411,84.959,0,-0.041,84.184,0,-0.816,78.167,1,3.167,"[1, 2, 5]",1
student_462,3,3.0,1.0,86.5,85.0,87.0,86.0,1,Eligible,88.745,1,3.745,85.897,1,0.897,84.916,0,-0.084,84.123,0,-0.877,78.076,1,3.076,"[1, 2, 5]",1
student_463,3,3.0,1.0,90.0,86.0,91.0,91.0,1,Eligible,89.464,1,4.464,89.648,1,4.648,85.684,1,0.684,84.28,0,-0.72,78.144,1,3.144,"[2, 1, 3]",2
student_464,3,3.0,1.0,90.0,88.0,91.0,91.0,1,Eligible,89.486,1,4.486,88.994,1,3.994,85.689,1,0.689,84.286,0,-0.714,78.327,1,3.327,"[1, 2, 3]",1
student_465,3,1.0,1.0,88.375,82.0,87.0,87.0,0,MATH (82<83),89.347,0,4.347,87.905,1,2.905,85.369,1,0.369,84.333,0,-0.667,78.225,1,3.225,"[2, 3, 5]",2
student_466,3,3.0,1.0,86.25,86.0,84.0,84.0,1,Eligible,88.722,1,3.722,84.594,0,-0.406,84.816,0,-0.184,84.083,0,-0.917,78.174,1,3.174,"[1, 5, 3]",1
student_467,3,3.0,1.0,90.75,89.0,91.0,88.0,1,Eligible,89.623,1,4.623,89.42,1,4.42,85.848,1,0.848,84.251,0,-0.749,78.278,1,3.278,"[1, 2, 3]",1
student_468,3,3.0,1.0,88.5,86.0,87.0,90.0,1,Eligible,89.056,1,4.056,87.623,1,2.623,85.288,1,0.288,84.207,0,-0.793,78.098,1,3.098,"[1, 2, 3]",1
student_469,3,3.0,1.0,90.0,89.0,88.0,90.0,1,Eligible,89.389,1,4.389,89.185,1,4.185,85.581,1,0.581,84.362,0,-0.638,78.323,1,3.323,"[1, 2, 3]",1
student_470,3,1.0,1.0,84.875,84.0,83.0,83.0,1,Eligible,88.441,1,3.441,84.264,0,-0.736,84.552,0,-0.448,84.039,0,-0.961,77.955,1,2.955,"[1, 5, 3]",1
student_471,3,5.0,1.0,87.125,85.0,89.0,88.0,1,Eligible,88.825,1,3.825,86.467,1,1.467,85.036,1,0.036,84.025,0,-0.975,78.062,1,3.062,"[1, 2, 3]",1
student_472,3,3.0,1.0,89.0,90.0,89.0,89.0,1,Eligible,89.256,1,4.256,87.393,1,2.393,85.281,1,0.281,84.216,0,-0.784,78.146,1,3.146,"[1, 2, 3]",1
student_473,3,5.0,1.0,88.0,93.0,89.0,86.0,1,Eligible,88.993,1,3.993,85.065,1,0.065,85.1,1,0.1,83.979,0,-1.021,78.078,1,3.078,"[1, 3, 2]",1
student_474,3,4.0,1.0,84.75,84.0,83.0,84.0,1,Eligible,88.42,1,3.42,84.143,0,-0.857,84.506,0,-0.494,84.037,0,-0.963,78.078,1,3.078,"[1, 5, 3]",1
student_475,3,5.0,1.0,90.25,91.0,90.0,88.0,1,Eligible,89.498,1,4.498,88.396,1,3.396,85.628,1,0.628,84.226,0,-0.774,78.219,1,3.219,"[1, 2, 3]",1
student_476,3,5.0,1.0,86.875,86.0,88.0,88.0,1,Eligible,88.981,1,3.981,84.782,0,-0.218,84.932,0,-0.068,84.137,0,-0.863,78.154,1,3.154,"[1, 5, 3]",1
student_477,3,4.0,1.0,89.5,90.0,84.0,85.0,1,Eligible,89.334,1,4.334,87.345,1,2.345,85.501,1,0.501,84.253,0,-0.747,78.297,1,3.297,"[1, 2, 3]",1
student_478,2,1.0,1.0,87.0,87.0,89.0,88.0,1,Eligible,88.846,1,3.846,84.987,0,-0.013,85.056,1,0.056,84.015,0,-0.985,77.976,1,2.976,"[1, 3, 5]",1
student_479,2,5.0,1.0,88.875,90.0,86.0,93.0,1,Eligible,89.162,1,4.162,87.42,1,2.42,85.321,1,0.321,84.354,0,-0.646,78.222,1,3.222,"[1, 2, 3]",1
student_480,2,5.0,1.0,86.0,87.0,84.0,88.0,1,Eligible,88.568,1,3.568,84.164,0,-0.836,84.762,0,-0.238,84.136,0,-0.864,78.217,1,3.217,"[1, 5, 3]",1
student_481,2,2.0,1.0,86.75,86.0,86.0,85.0,1,Eligible,88.943,1,3.943,85.588,1,0.588,84.873,0,-0.127,84.178,0,-0.822,78.058,1,3.058,"[1, 2, 5]",1
student_482,2,2.0,1.0,84.25,85.0,82.0,83.0,0,SCIENCE (82<83),88.235,0,3.235,82.697,0,-2.303,84.365,0,-0.635,84.089,0,-0.911,78.172,1,3.172,"[5, 1, 3]",5
student_483,2,2.0,1.0,87.25,84.0,87.0,88.0,1,Eligible,88.867,1,3.867,87.163,1,2.163,85.098,1,0.098,84.153,0,-0.847,78.09,1,3.09,"[1, 2, 3]",1
student_484,2,5.0,1.0,88.375,91.0,88.0,91.0,1,Eligible,89.017,1,4.017,86.468,1,1.468,85.253,1,0.253,84.189,0,-0.811,78.273,1,3.273,"[1, 2, 3]",1
student_485,2,4.0,1.0,93.0,95.0,95.0,93.0,1,Eligible,90.206,1,5.206,90.743,1,5.743,86.265,1,1.265,84.335,0,-0.665,78.515,1,3.515,"[2, 1, 3]",2
student_486,2,2.0,1.0,89.875,90.0,89.0,89.0,1,Eligible,89.42,1,4.42,88.34,1,3.34,85.605,1,0.605,84.23,0,-0.77,78.193,1,3.193,"[1, 2, 3]",1
student_487,2,2.0,1.0,86.625,87.0,86.0,88.0,1,Eligible,88.779,1,3.779,85.105,1,0.105,84.9,0,-0.1,84.122,0,-0.878,78.186,1,3.186,"[1, 2, 5]",1
student_488,2,1.0,1.0,86.625,82.0,86.0,89.0,0,MATH (82<83),88.661,0,3.661,86.62,1,1.62,85.067,1,0.067,84.137,0,-0.863,78.131,1,3.131,"[2, 3, 5]",2
student_489,2,2.0,1.0,90.375,91.0,91.0,89.0,1,Eligible,89.503,1,4.503,88.792,1,3.792,85.663,1,0.663,84.191,0,-0.809,78.146,1,3.146,"[1, 2, 3]",1
student_490,2,5.0,1.0,88.125,85.0,86.0,88.0,1,Eligible,88.976,1,3.976,88.346,1,3.346,85.272,1,0.272,84.226,0,-0.774,78.138,1,3.138,"[1, 2, 3]",1
student_491,2,2.0,1.0,94.0,95.0,92.0,95.0,1,Eligible,90.284,1,5.284,91.778,1,6.778,86.429,1,1.429,84.533,0,-0.467,78.465,1,3.465,"[2, 1, 3]",2
student_492,2,2.0,1.0,92.25,91.0,91.0,95.0,1,Eligible,89.962,1,4.962,90.933,1,5.933,86.094,1,1.094,84.454,0,-0.546,78.316,1,3.316,"[2, 1, 3]",2
student_493,2,2.0,1.0,87.625,90.0,87.0,87.0,1,Eligible,88.933,1,3.933,85.276,1,0.276,85.05,1,0.05,84.165,0,-0.835,78.125,1,3.125,"[1, 2, 3]",1
student_494,2,2.0,1.0,87.25,86.0,87.0,88.0,1,Eligible,88.87,1,3.87,86.631,1,1.631,85.056,1,0.056,84.173,0,-0.827,78.157,1,3.157,"[1, 2, 3]",1
student_495,2,2.0,1.0,86.5,88.0,83.0,86.0,1,Eligible,88.684,1,3.684,84.68,0,-0.32,84.798,0,-0.202,84.19,0,-0.81,78.229,1,3.229,"[1, 5, 3]",1
student_496,2,2.0,1.0,87.5,88.0,87.0,86.0,1,Eligible,88.936,1,3.936,85.723,1,0.723,85.209,1,0.209,84.029,0,-0.971,78.14,1,3.14,"[1, 2, 3]",1
student_497,2,2.0,1.0,87.25,83.0,88.0,84.0,1,Eligible,88.877,1,3.877,87.123,1,2.123,85.131,1,0.131,84.072,0,-0.928,78.097,1,3.097,"[1, 2, 3]",1
student_498,2,2.0,1.0,90.375,91.0,90.0,91.0,1,Eligible,89.479,1,4.479,89.081,1,4.081,85.742,1,0.742,84.284,0,-0.716,78.359,1,3.359,"[1, 2, 3]",1
student_499,2,4.0,1.0,90.625,84.0,91.0,91.0,1,Eligible,89.598,1,4.598,90.915,1,5.915,85.788,1,0.788,84.433,0,-0.567,78.201,1,3.201,"[2, 1, 3]",2
student_500,2,2.0,1.0,89.125,90.0,88.0,91.0,1,Eligible,89.399,1,4.399,86.786,1,1.786,85.409,1,0.409,84.341,0,-0.659,78.293,1,3.293,"[1, 2, 3]",1
student_501,2,4.0,1.0,90.375,85.0,89.0,91.0,1,Eligible,89.5,1,4.5,90.891,1,5.891,85.873,1,0.873,84.348,0,-0.652,78.32,1,3.32,"[2, 1, 3]",2
student_502,2,2.0,1.0,88.625,87.0,90.0,90.0,1,Eligible,89.386,1,4.386,86.856,1,1.856,85.353,1,0.353,84.297,0,-0.703,78.228,1,3.228,"[1, 2, 3]",1
student_503,2,5.0,1.0,90.0,89.0,87.0,88.0,1,Eligible,89.523,1,4.523,88.995,1,3.995,85.66,1,0.66,84.339,0,-0.661,78.272,1,3.272,"[1, 2, 3]",1
student_504,2,5.0,1.0,90.375,87.0,91.0,93.0,1,Eligible,89.583,1,4.583,89.536,1,4.536,85.783,1,0.783,84.292,0,-0.708,78.254,1,3.254,"[1, 2, 3]",1
student_505,2,2.0,1.0,87.75,84.0,85.0,88.0,1,Eligible,88.821,1,3.821,87.33,1,2.33,85.278,1,0.278,84.141,0,-0.859,78.148,1,3.148,"[1, 2, 3]",1
student_506,2,1.0,1.0,92.375,90.0,92.0,94.0,1,Eligible,89.902,1,4.902,92.211,1,7.211,86.172,1,1.172,84.389,0,-0.611,78.246,1,3.246,"[2, 1, 3]",2
student_507,2,4.0,1.0,87.125,80.0,88.0,84.0,0,MATH (80<83),88.832,0,3.832,88.358,1,3.358,85.193,1,0.193,84.098,0,-0.902,78.079,1,3.079,"[2, 3, 5]",2
student_508,2,2.0,1.0,88.5,89.0,87.0,92.0,1,Eligible,88.909,1,3.909,86.611,1,1.611,85.321,1,0.321,84.177,0,-0.823,78.052,1,3.052,"[1, 2, 3]",1
student_509,2,2.0,1.0,90.75,89.0,90.0,89.0,1,Eligible,89.684,1,4.684,89.728,1,4.728,85.801,1,0.801,84.318,0,-0.682,78.301,1,3.301,"[2, 1, 3]",2
student_510,2,2.0,1.0,84.125,79.0,85.0,81.0,0,"MATH (79<83), ENGLISH (81<83)",88.131,0,3.131,84.965,0,-0.035,84.453,0,-0.547,83.89,0,-1.11,77.803,1,2.803,"[5, 1, 2]",5
student_511,2,2.0,1.0,85.875,79.0,85.0,84.0,0,MATH (79<83),88.592,0,3.592,87.221,1,2.221,84.949,0,-0.051,84.08,0,-0.92,78.07,1,3.07,"[2, 5, 1]",2
student_512,2,2.0,1.0,86.0,80.0,84.0,90.0,0,MATH (80<83),88.435,0,3.435,87.139,1,2.139,84.784,0,-0.216,84.222,0,-0.778,77.944,1,2.944,"[2, 5, 1]",2
student_513,2,2.0,1.0,90.875,88.0,90.0,90.0,1,Eligible,89.557,1,4.557,90.305,1,5.305,85.906,1,0.906,84.278,0,-0.722,78.279,1,3.279,"[2, 1, 3]",2
student_514,2,2.0,1.0,88.0,87.0,91.0,92.0,1,Eligible,89.274,1,4.274,86.396,1,1.396,85.212,1,0.212,84.214,0,-0.786,78.186,1,3.186,"[1, 2, 3]",1
student_515,2,5.0,1.0,86.375,82.0,84.0,89.0,0,MATH (82<83),88.82,0,3.82,86.688,1,1.688,85.028,1,0.028,84.282,0,-0.718,78.219,1,3.219,"[2, 3, 5]",2
student_516,2,2.0,1.0,92.625,92.0,92.0,92.0,1,Eligible,90.029,1,5.029,90.572,1,5.572,86.172,1,1.172,84.438,0,-0.562,78.36,1,3.36,"[2, 1, 3]",2
student_517,2,2.0,1.0,94.375,96.0,92.0,95.0,1,Eligible,90.27,1,5.27,91.239,1,6.239,86.56,1,1.56,84.437,0,-0.563,78.38,1,3.38,"[2, 1, 3]",2
student_518,2,3.0,1.0,92.875,92.0,95.0,91.0,1,Eligible,90.205,1,5.205,90.238,1,5.238,86.248,1,1.248,84.298,0,-0.702,78.289,1,3.289,"[2, 1, 3]",2
student_519,2,2.0,1.0,88.0,87.0,87.0,87.0,1,Eligible,89.106,1,4.106,87.329,1,2.329,85.279,1,0.279,84.223,0,-0.777,78.19,1,3.19,"[1, 2, 3]",1
student_520,2,2.0,1.0,90.625,88.0,90.0,91.0,1,Eligible,89.708,1,4.708,89.139,1,4.139,85.817,1,0.817,84.333,0,-0.667,78.386,1,3.386,"[1, 2, 3]",1
student_521,2,1.0,1.0,90.75,89.0,89.0,91.0,1,Eligible,89.625,1,4.625,90.011,1,5.011,85.766,1,0.766,84.407,0,-0.593,78.26,1,3.26,"[2, 1, 3]",2
student_522,2,2.0,1.0,86.875,82.0,90.0,87.0,0,MATH (82<83),88.872,0,3.872,87.803,1,2.803,85.107,1,0.107,84.098,0,-0.902,78.02,1,3.02,"[2, 3, 5]",2
student_523,2,2.0,1.0,90.625,86.0,90.0,89.0,1,Eligible,89.655,1,4.655,89.862,1,4.862,85.83,1,0.83,84.341,0,-0.659,78.31,1,3.31,"[2, 1, 3]",2
student_524,2,2.0,1.0,91.375,94.0,90.0,95.0,1,Eligible,89.838,1,4.838,88.642,1,3.642,85.868,1,0.868,84.405,0,-0.595,78.391,1,3.391,"[1, 2, 3]",1
student_525,2,2.0,1.0,91.375,93.0,90.0,92.0,1,Eligible,89.702,1,4.702,89.142,1,4.142,85.847,1,0.847,84.38,0,-0.62,78.349,1,3.349,"[1, 2, 3]",1
student_526,2,2.0,1.0,89.5,90.0,92.0,91.0,1,Eligible,89.378,1,4.378,87.013,1,2.013,85.554,1,0.554,84.143,0,-0.857,78.24,1,3.24,"[1, 2, 3]",1
student_527,2,1.0,1.0,90.375,87.0,91.0,91.0,1,Eligible,89.608,1,4.608,89.665,1,4.665,85.755,1,0.755,84.362,0,-0.638,78.259,1,3.259,"[2, 1, 3]",2
student_528,2,2.0,1.0,86.0,85.0,83.0,87.0,1,Eligible,88.633,1,3.633,85.84,1,0.84,84.772,0,-0.228,84.229,0,-0.771,78.162,1,3.162,"[1, 2, 5]",1
student_529,2,2.0,1.0,87.0,84.0,84.0,86.0,1,Eligible,88.914,1,3.914,86.803,1,1.803,85.001,1,0.001,84.268,0,-0.732,78.179,1,3.179,"[1, 2, 3]",1
student_530,2,5.0,1.0,92.5,92.0,92.0,93.0,1,Eligible,90.113,1,5.113,90.327,1,5.327,86.099,1,1.099,84.523,0,-0.477,78.394,1,3.394,"[2, 1, 3]",2
student_531,2,2.0,1.0,89.75,87.0,91.0,91.0,1,Eligible,89.474,1,4.474,88.436,1,3.436,85.657,1,0.657,84.252,0,-0.748,78.248,1,3.248,"[1, 2, 3]",1
student_532,2,2.0,1.0,88.75,83.0,88.0,90.0,1,Eligible,89.385,1,4.385,88.535,1,3.535,85.472,1,0.472,84.337,0,-0.663,78.23,1,3.23,"[1, 2, 3]",1
student_533,2,2.0,1.0,88.0,89.0,90.0,86.0,1,Eligible,88.966,1,3.966,86.43,1,1.43,85.152,1,0.152,84.002,0,-0.998,78.108,1,3.108,"[1, 2, 3]",1
student_534,2,1.0,1.0,90.5,90.0,90.0,91.0,1,Eligible,89.598,1,4.598,88.233,1,3.233,85.696,1,0.696,84.335,0,-0.665,78.293,1,3.293,"[1, 2, 3]",1
student_535,4,4.0,1.0,87.5,86.0,87.0,87.0,1,Eligible,89.012,1,4.012,86.364,1,1.364,85.116,1,0.116,84.153,0,-0.847,78.162,1,3.162,"[1, 2, 3]",1
student_536,4,4.0,1.0,87.125,87.0,87.0,87.0,1,Eligible,88.97,1,3.97,85.719,1,0.719,84.964,0,-0.036,84.115,0,-0.885,77.989,1,2.989,"[1, 2, 5]",1
student_537,4,4.0,1.0,87.5,86.0,88.0,86.0,1,Eligible,89.086,1,4.086,86.428,1,1.428,85.109,1,0.109,84.114,0,-0.886,78.071,1,3.071,"[1, 2, 3]",1
student_538,4,4.0,1.0,83.5,81.0,84.0,82.0,0,"MATH (81<83), ENGLISH (82<83)",88.19,0,3.19,83.224,0,-1.776,84.251,0,-0.749,83.98,0,-1.02,77.895,1,2.895,"[5, 1, 3]",5
student_539,4,1.0,1.0,89.0,93.0,91.0,92.0,1,Eligible,89.295,1,4.295,86.789,1,1.789,85.348,1,0.348,84.189,0,-0.811,78.229,1,3.229,"[1, 2, 3]",1
student_540,4,4.0,1.0,87.5,89.0,83.0,91.0,1,Eligible,88.942,1,3.942,85.78,1,0.78,84.967,0,-0.033,84.346,0,-0.654,78.163,1,3.163,"[1, 2, 5]",1
student_541,4,4.0,1.0,89.0,87.0,90.0,88.0,1,Eligible,89.197,1,4.197,88.475,1,3.475,85.524,1,0.524,84.133,0,-0.867,78.162,1,3.162,"[1, 2, 3]",1
student_542,4,4.0,1.0,87.625,86.0,90.0,86.0,1,Eligible,88.981,1,3.981,86.798,1,1.798,85.087,1,0.087,84.043,0,-0.957,77.995,1,2.995,"[1, 2, 3]",1
student_543,4,4.0,1.0,87.875,86.0,91.0,92.0,1,Eligible,89.18,1,4.18,86.968,1,1.968,85.234,1,0.234,84.254,0,-0.746,78.192,1,3.192,"[1, 2, 3]",1
student_544,4,4.0,1.0,86.75,81.0,84.0,89.0,0,MATH (81<83),88.742,0,3.742,87.335,1,2.335,85.109,1,0.109,84.119,0,-0.881,78.143,1,3.143,"[2, 3, 5]",2
student_545,4,4.0,1.0,89.375,85.0,89.0,88.0,1,Eligible,89.372,1,4.372,89.244,1,4.244,85.615,1,0.615,84.243,0,-0.757,78.218,1,3.218,"[1, 2, 3]",1
student_546,4,4.0,1.0,89.0,87.0,88.0,90.0,1,Eligible,89.349,1,4.349,87.314,1,2.314,85.491,1,0.491,84.256,0,-0.744,78.175,1,3.175,"[1, 2, 3]",1
student_547,4,4.0,1.0,90.25,93.0,95.0,88.0,1,Eligible,89.672,1,4.672,87.409,1,2.409,85.638,1,0.638,84.068,0,-0.932,78.154,1,3.154,"[1, 2, 3]",1
student_548,4,4.0,1.0,87.5,86.0,88.0,86.0,1,Eligible,89.061,1,4.061,86.334,1,1.334,85.131,1,0.131,84.114,0,-0.886,78.218,1,3.218,"[1, 2, 3]",1
student_549,4,4.0,1.0,85.5,84.0,87.0,81.0,0,ENGLISH (81<83),88.607,0,3.607,84.647,0,-0.353,84.74,0,-0.26,83.943,0,-1.057,77.912,1,2.912,"[5, 1, 3]",5
student_550,4,2.0,1.0,88.25,91.0,86.0,90.0,1,Eligible,89.118,1,4.118,85.988,1,0.988,85.242,1,0.242,84.235,0,-0.765,78.304,1,3.304,"[1, 2, 3]",1
student_551,4,4.0,1.0,87.75,87.0,88.0,89.0,1,Eligible,88.889,1,3.889,87.408,1,2.408,85.168,1,0.168,84.128,0,-0.872,78.095,1,3.095,"[1, 2, 3]",1
student_552,4,4.0,1.0,88.625,92.0,87.0,88.0,1,Eligible,89.076,1,4.076,86.88,1,1.88,85.235,1,0.235,84.199,0,-0.801,78.275,1,3.275,"[1, 2, 3]",1
student_553,4,4.0,1.0,87.75,82.0,87.0,88.0,0,MATH (82<83),88.883,0,3.883,88.383,1,3.383,85.259,1,0.259,84.169,0,-0.831,78.189,1,3.189,"[2, 3, 5]",2
student_554,4,4.0,1.0,90.25,86.0,88.0,87.0,1,Eligible,89.465,1,4.465,90.45,1,5.45,85.79,1,0.79,84.337,0,-0.663,78.32,1,3.32,"[2, 1, 3]",2
student_555,4,4.0,1.0,88.625,86.0,88.0,89.0,1,Eligible,89.09,1,4.09,87.919,1,2.919,85.358,1,0.358,84.285,0,-0.715,78.217,1,3.217,"[1, 2, 3]",1
student_556,4,4.0,1.0,89.375,89.0,88.0,90.0,1,Eligible,89.271,1,4.271,88.333,1,3.333,85.502,1,0.502,84.306,0,-0.694,78.308,1,3.308,"[1, 2, 3]",1
student_557,4,4.0,1.0,87.625,84.0,91.0,90.0,1,Eligible,89.146,1,4.146,86.795,1,1.795,85.199,1,0.199,84.16,0,-0.84,78.132,1,3.132,"[1, 2, 3]",1
student_558,4,4.0,1.0,82.5,82.0,80.0,80.0,0,"MATH (82<83), SCIENCE (80<83), ENGLISH (80<83)",87.897,0,2.897,82.246,0,-2.754,83.986,0,-1.014,83.984,0,-1.016,78.0,1,3.0,"[5, 1, 3]",5
student_559,4,4.0,1.0,88.125,86.0,85.0,89.0,1,Eligible,89.114,1,4.114,87.841,1,2.841,85.245,1,0.245,84.336,0,-0.664,78.236,1,3.236,"[1, 2, 3]",1
student_560,4,4.0,1.0,87.75,89.0,88.0,87.0,1,Eligible,89.043,1,4.043,86.343,1,1.343,85.066,1,0.066,84.161,0,-0.839,78.173,1,3.173,"[1, 2, 3]",1
student_561,4,4.0,1.0,87.5,85.0,88.0,83.0,1,Eligible,89.086,1,4.086,86.246,1,1.246,85.207,1,0.207,84.03,0,-0.97,78.144,1,3.144,"[1, 2, 3]",1
student_562,4,1.0,1.0,88.875,92.0,88.0,93.0,1,Eligible,89.165,1,4.165,86.158,1,1.158,85.258,1,0.258,84.281,0,-0.719,78.261,1,3.261,"[1, 2, 3]",1
student_563,4,2.0,1.0,88.0,87.0,86.0,87.0,1,Eligible,89.119,1,4.119,86.35,1,1.35,85.174,1,0.174,84.196,0,-0.804,78.249,1,3.249,"[1, 2, 3]",1
student_564,4,2.0,1.0,88.25,85.0,86.0,89.0,1,Eligible,88.977,1,3.977,88.044,1,3.044,85.31,1,0.31,84.202,0,-0.798,78.149,1,3.149,"[1, 2, 3]",1
student_565,4,3.0,1.0,88.0,90.0,87.0,86.0,1,Eligible,89.024,1,4.024,86.177,1,1.177,85.192,1,0.192,84.122,0,-0.878,78.193,1,3.193,"[1, 2, 3]",1
student_566,4,4.0,1.0,90.25,88.0,89.0,91.0,1,Eligible,89.468,1,4.468,89.335,1,4.335,85.705,1,0.705,84.425,0,-0.575,78.338,1,3.338,"[1, 2, 3]",1
student_567,4,1.0,1.0,89.375,90.0,93.0,88.0,1,Eligible,89.338,1,4.338,87.718,1,2.718,85.425,1,0.425,84.03,0,-0.97,78.0,1,3.0,"[1, 2, 3]",1
student_568,4,4.0,1.0,83.75,83.0,82.0,84.0,0,SCIENCE (82<83),88.133,0,3.133,83.358,0,-1.642,84.318,0,-0.682,84.055,0,-0.945,78.036,1,3.036,"[5, 1, 3]",5
student_569,4,4.0,1.0,87.875,87.0,88.0,87.0,1,Eligible,89.11,1,4.11,86.39,1,1.39,85.112,1,0.112,84.204,0,-0.796,78.128,1,3.128,"[1, 2, 3]",1
student_570,4,4.0,1.0,88.0,87.0,85.0,86.0,1,Eligible,89.003,1,4.003,87.09,1,2.09,85.206,1,0.206,84.219,0,-0.781,78.115,1,3.115,"[1, 2, 3]",1
student_571,4,4.0,1.0,89.125,92.0,87.0,89.0,1,Eligible,89.209,1,4.209,87.763,1,2.763,85.451,1,0.451,84.223,0,-0.777,78.393,1,3.393,"[1, 2, 3]",1
student_572,1,1.0,1.0,89.125,89.0,89.0,85.0,1,Eligible,89.323,1,4.323,88.103,1,3.103,85.507,1,0.507,84.175,0,-0.825,78.18,1,3.18,"[1, 2, 3]",1
student_573,1,1.0,1.0,91.625,89.0,92.0,91.0,1,Eligible,89.989,1,4.989,89.79,1,4.79,85.984,1,0.984,84.37,0,-0.63,78.284,1,3.284,"[1, 2, 3]",1
student_574,1,1.0,1.0,92.625,95.0,93.0,93.0,1,Eligible,90.008,1,5.008,89.583,1,4.583,86.13,1,1.13,84.353,0,-0.647,78.35,1,3.35,"[1, 2, 3]",1
student_575,1,1.0,1.0,96.625,96.0,97.0,97.0,1,Eligible,90.864,1,5.864,94.585,1,9.585,87.026,1,2.026,84.533,0,-0.467,78.352,1,3.352,"[2, 1, 3]",2
student_576,1,1.0,1.0,94.375,96.0,93.0,95.0,1,Eligible,90.355,1,5.355,92.434,1,7.434,86.49,1,1.49,84.532,0,-0.468,78.509,1,3.509,"[2, 1, 3]",2
student_577,1,1.0,1.0,93.125,97.0,92.0,91.0,1,Eligible,90.135,1,5.135,89.415,1,4.415,86.306,1,1.306,84.329,0,-0.671,78.441,1,3.441,"[1, 2, 3]",1
student_578,1,1.0,1.0,89.875,87.0,87.0,89.0,1,Eligible,89.365,1,4.365,88.421,1,3.421,85.654,1,0.654,84.241,0,-0.759,78.225,1,3.225,"[1, 2, 3]",1
student_579,1,1.0,1.0,88.25,86.0,92.0,87.0,1,Eligible,89.155,1,4.155,87.587,1,2.587,85.222,1,0.222,84.164,0,-0.836,78.117,1,3.117,"[1, 2, 3]",1
student_580,1,1.0,1.0,90.5,89.0,90.0,91.0,1,Eligible,89.696,1,4.696,88.979,1,3.979,85.749,1,0.749,84.4,0,-0.6,78.286,1,3.286,"[1, 2, 3]",1
student_581,1,1.0,1.0,90.5,92.0,91.0,89.0,1,Eligible,89.596,1,4.596,88.026,1,3.026,85.686,1,0.686,84.245,0,-0.755,78.261,1,3.261,"[1, 2, 3]",1
student_582,1,1.0,1.0,90.5,92.0,86.0,87.0,1,Eligible,89.478,1,4.478,88.205,1,3.205,85.68,1,0.68,84.255,0,-0.745,78.259,1,3.259,"[1, 2, 3]",1
student_583,1,1.0,1.0,91.5,90.0,91.0,90.0,1,Eligible,89.898,1,4.898,89.219,1,4.219,85.988,1,0.988,84.28,0,-0.72,78.302,1,3.302,"[1, 2, 3]",1
student_584,1,1.0,1.0,91.75,87.0,88.0,89.0,1,Eligible,89.826,1,4.826,91.446,1,6.446,86.027,1,1.027,84.479,0,-0.521,78.303,1,3.303,"[2, 1, 3]",2
student_585,1,1.0,1.0,91.375,91.0,92.0,91.0,1,Eligible,89.894,1,4.894,89.796,1,4.796,85.951,1,0.951,84.358,0,-0.642,78.338,1,3.338,"[1, 2, 3]",1
student_586,1,1.0,1.0,94.0,93.0,90.0,92.0,1,Eligible,90.25,1,5.25,92.662,1,7.662,86.434,1,1.434,84.504,0,-0.496,78.346,1,3.346,"[2, 1, 3]",2
student_587,1,1.0,1.0,91.125,92.0,92.0,93.0,1,Eligible,89.732,1,4.732,89.482,1,4.482,85.885,1,0.885,84.315,0,-0.685,78.295,1,3.295,"[1, 2, 3]",1
student_588,1,1.0,1.0,92.0,87.0,91.0,93.0,1,Eligible,89.998,1,4.998,91.599,1,6.599,86.109,1,1.109,84.505,0,-0.495,78.251,1,3.251,"[2, 1, 3]",2
student_589,1,1.0,1.0,91.125,89.0,88.0,90.0,1,Eligible,89.741,1,4.741,89.71,1,4.71,85.902,1,0.902,84.395,0,-0.605,78.348,1,3.348,"[1, 2, 3]",1
student_590,1,1.0,1.0,92.625,92.0,92.0,93.0,1,Eligible,90.06,1,5.06,90.643,1,5.643,86.176,1,1.176,84.456,0,-0.544,78.308,1,3.308,"[2, 1, 3]",2
student_591,1,1.0,1.0,93.125,94.0,95.0,94.0,1,Eligible,90.184,1,5.184,90.977,1,5.977,86.267,1,1.267,84.387,0,-0.613,78.374,1,3.374,"[2, 1, 3]",2
student_592,1,1.0,1.0,93.625,92.0,97.0,97.0,1,Eligible,90.315,1,5.315,91.504,1,6.504,86.508,1,1.508,84.361,0,-0.639,78.363,1,3.363,"[2, 1, 3]",2
student_593,1,1.0,1.0,90.0,90.0,92.0,90.0,1,Eligible,89.586,1,4.586,88.216,1,3.216,85.607,1,0.607,84.215,0,-0.785,78.146,1,3.146,"[1, 2, 3]",1
student_594,1,1.0,1.0,91.375,88.0,90.0,94.0,1,Eligible,89.791,1,4.791,90.648,1,5.648,85.947,1,0.947,84.399,0,-0.601,78.313,1,3.313,"[2, 1, 3]",2
student_595,1,4.0,1.0,89.625,86.0,88.0,89.0,1,Eligible,89.404,1,4.404,88.866,1,3.866,85.58,1,0.58,84.307,0,-0.693,78.178,1,3.178,"[1, 2, 3]",1
